sweep,knob_name,knob_value,policy_id,n_seeds,total_served_ms_mean,total_migration_rtt_ms_mean,mean_migration_rtt_ms_mean,migration_count_mean,migration_bytes_total_mean,mean_migration_bytes_per_migration_mean,combined_ms_alpha0.5_mean,combined_ms_alpha0.5_std,combined_ms_alpha1_mean,combined_ms_alpha1_std,combined_ms_alpha2_mean,combined_ms_alpha2_std
ambiguity,dominant_peer_ratio,0.25,engagement_g00_d0.0,30,278398.687298,68138.347886,103.705076,657.366667,2692573.866667,4096.000000,312467.861241,12375.818876,346537.035184,14014.084593,414675.383069,17465.476412
ambiguity,dominant_peer_ratio,0.25,engagement_g00_d0.25,30,280706.829347,38573.140725,103.943024,370.866667,1519069.866667,4096.000000,299993.399710,12113.964775,319279.970072,13247.357951,357853.110797,15631.735803
ambiguity,dominant_peer_ratio,0.25,engagement_g00_d0.5,30,281566.798670,34151.233707,103.818269,328.733333,1346491.733333,4096.000000,298642.415523,11858.372671,315718.032376,12821.792998,349869.266083,14865.670068
ambiguity,dominant_peer_ratio,0.25,engagement_g00_d1.0,30,284183.145992,27691.934112,103.884915,266.466667,1091447.466667,4096.000000,298029.113048,11757.671581,311875.080104,12456.843422,339567.014215,13935.325646
ambiguity,dominant_peer_ratio,0.25,engagement_g00_d10.0,30,304181.061318,959.103566,104.446329,9.166667,37546.666667,4096.000000,304660.613101,15161.444815,305140.164884,15159.483219,306099.268450,15160.524248
ambiguity,dominant_peer_ratio,0.25,engagement_g00_d2.0,30,291336.907320,19402.206892,104.222754,186.133333,762402.133333,4096.000000,301038.010766,11593.218252,310739.114212,12096.093308,330141.321105,13153.763387
ambiguity,dominant_peer_ratio,0.25,engagement_g00_d5.0,30,302979.570828,7550.313961,105.411601,71.766667,293956.266667,4096.000000,306754.727809,13990.274699,310529.884790,14223.343644,318080.198751,14706.532479
ambiguity,dominant_peer_ratio,0.25,engagement_g05_d0.0,30,301574.605023,4788.655509,102.494833,46.800000,191692.800000,4096.000000,303968.932778,12549.444296,306363.260532,12632.126187,311151.916042,12823.185318
ambiguity,dominant_peer_ratio,0.25,engagement_g05_d0.25,30,301893.691408,4262.216825,101.767081,41.933333,171758.933333,4096.000000,304024.799820,13229.602902,306155.908233,13319.306455,310418.125057,13517.762043
ambiguity,dominant_peer_ratio,0.25,engagement_g05_d0.5,30,302111.136417,4171.070561,102.046774,40.966667,167799.466667,4096.000000,304196.671698,13027.702759,306282.206979,13094.311131,310453.277540,13246.798997
ambiguity,dominant_peer_ratio,0.25,engagement_g05_d1.0,30,302101.073050,4026.449745,102.049127,39.566667,162065.066667,4096.000000,304114.297922,13390.710827,306127.522795,13473.887302,310153.972540,13657.004784
ambiguity,dominant_peer_ratio,0.25,engagement_g05_d10.0,30,304141.985598,57.865203,90.999256,0.633333,2594.133333,4096.000000,304170.918200,19113.673561,304199.850801,19122.612489,304257.716005,19140.706833
ambiguity,dominant_peer_ratio,0.25,engagement_g05_d2.0,30,304189.028848,3541.185938,101.519714,35.000000,143360.000000,4096.000000,305959.621817,13107.893785,307730.214786,13198.140444,311271.400724,13393.929879
ambiguity,dominant_peer_ratio,0.25,engagement_g05_d5.0,30,304919.562180,1456.400202,106.628014,13.833333,56661.333333,4096.000000,305647.762281,16385.163549,306375.962382,16405.703678,307832.362584,16455.819962
ambiguity,dominant_peer_ratio,0.25,naive_target_aware,30,278398.687298,68138.347886,103.705076,657.366667,2692573.866667,4096.000000,312467.861241,12375.818876,346537.035184,14014.084593,414675.383069,17465.476412
ambiguity,dominant_peer_ratio,0.25,nearest,30,301650.624537,1315.130190,99.477918,12.566667,51473.066667,4096.000000,302308.189632,21632.886179,302965.754727,21739.670915,304280.884917,22033.535847
ambiguity,dominant_peer_ratio,0.25,oracle_a0.5,30,48544.269884,91869.751626,39.662614,2317.333333,9491797.333333,4096.000000,94479.145697,6125.364363,140414.021510,10669.917485,232283.773137,20100.126204
ambiguity,dominant_peer_ratio,0.25,oracle_a1,30,81712.711960,42158.629286,27.501666,1539.133333,6304290.133333,4096.000000,102792.026603,7237.416666,123871.341246,8878.193336,166029.970532,12539.404619
ambiguity,dominant_peer_ratio,0.25,oracle_a2,30,110287.694406,21477.914838,21.771279,997.100000,4084121.600000,4096.000000,121026.651825,9403.159851,131765.609244,9804.575137,153243.524083,10823.246058
ambiguity,dominant_peer_ratio,0.25,static,30,304957.054281,0.000000,,0.000000,0.000000,,304957.054281,19028.306812,304957.054281,19028.306812,304957.054281,19028.306812
ambiguity,dominant_peer_ratio,0.3,engagement_g00_d0.0,30,265033.622702,58473.429750,104.594244,558.766667,2288708.266667,4096.000000,294270.337577,11584.219774,323507.052452,13342.457306,381980.482202,17209.178020
ambiguity,dominant_peer_ratio,0.3,engagement_g00_d0.25,30,269006.869440,34042.176739,105.061764,323.933333,1326830.933333,4096.000000,286027.957810,11764.581007,303049.046179,12777.194715,337091.222919,14883.759777
ambiguity,dominant_peer_ratio,0.3,engagement_g00_d0.5,30,270837.668883,30430.047280,104.759811,290.366667,1189341.866667,4096.000000,286052.692523,11399.353162,301267.716163,12286.202595,331697.763443,14146.608831
ambiguity,dominant_peer_ratio,0.3,engagement_g00_d1.0,30,274619.421396,25605.049025,104.873776,243.900000,999014.400000,4096.000000,287421.945909,11853.897410,300224.470421,12703.713640,325829.519446,14500.906193
ambiguity,dominant_peer_ratio,0.3,engagement_g00_d10.0,30,305064.828881,1502.664639,103.744595,14.666667,60074.666667,4096.000000,305816.161201,14729.775508,306567.493520,14706.415453,308070.158160,14663.845404
ambiguity,dominant_peer_ratio,0.3,engagement_g00_d2.0,30,283534.439338,18984.204454,105.732991,179.533333,735368.533333,4096.000000,293026.541565,11905.138435,302518.643792,12367.258010,321502.848247,13360.847679
ambiguity,dominant_peer_ratio,0.3,engagement_g00_d5.0,30,301749.811908,9519.872064,106.924621,89.000000,364544.000000,4096.000000,306509.747940,16295.686896,311269.683972,16729.371385,320789.556036,17622.238095
ambiguity,dominant_peer_ratio,0.3,engagement_g05_d0.0,30,292207.283163,7172.288505,103.795607,69.200000,283443.200000,4096.000000,295793.427415,14429.944000,299379.571668,14698.506208,306551.860173,15257.979889
ambiguity,dominant_peer_ratio,0.3,engagement_g05_d0.25,30,292760.143386,6727.158265,104.414116,64.566667,264465.066667,4096.000000,296123.722518,14727.431503,299487.301651,14957.599594,306214.459916,15432.167408
ambiguity,dominant_peer_ratio,0.3,engagement_g05_d0.5,30,292942.209948,6642.099420,104.376331,63.766667,261188.266667,4096.000000,296263.259658,14757.520376,299584.309368,14974.169259,306226.408789,15421.903059
ambiguity,dominant_peer_ratio,0.3,engagement_g05_d1.0,30,293561.049283,6464.791847,103.991453,62.266667,255044.266667,4096.000000,296793.445206,15001.305397,300025.841129,15226.388489,306490.632976,15692.457140
ambiguity,dominant_peer_ratio,0.3,engagement_g05_d10.0,30,306397.693881,148.779736,92.415950,1.500000,6144.000000,4096.000000,306472.083749,17535.411682,306546.473617,17542.739465,306695.253354,17558.316950
ambiguity,dominant_peer_ratio,0.3,engagement_g05_d2.0,30,295444.796943,5890.976026,104.105835,56.666667,232106.666667,4096.000000,298390.284956,14901.507703,301335.772969,15107.125942,307226.748995,15532.920459
ambiguity,dominant_peer_ratio,0.3,engagement_g05_d5.0,30,302409.188665,2914.991225,104.036136,28.066667,114961.066667,4096.000000,303866.684277,15565.330080,305324.179890,15655.005872,308239.171114,15843.693549
ambiguity,dominant_peer_ratio,0.3,naive_target_aware,30,265033.622702,58473.429750,104.594244,558.766667,2288708.266667,4096.000000,294270.337577,11584.219774,323507.052452,13342.457306,381980.482202,17209.178020
ambiguity,dominant_peer_ratio,0.3,nearest,30,301932.529743,1315.130190,99.477918,12.566667,51473.066667,4096.000000,302590.094838,21492.251725,303247.659933,21584.806691,304562.790123,21851.275194
ambiguity,dominant_peer_ratio,0.3,oracle_a0.5,30,47663.562163,89001.624999,39.439028,2257.133333,9245218.133333,4096.000000,92164.374662,6275.035389,136665.187161,10973.294373,225666.812160,20705.494880
ambiguity,dominant_peer_ratio,0.3,oracle_a1,30,79289.285241,41302.000782,27.660337,1499.666667,6142634.666667,4096.000000,99940.285632,7358.106924,120591.286023,8993.793710,161893.286806,12577.634750
ambiguity,dominant_peer_ratio,0.3,oracle_a2,30,106921.930308,21259.700375,22.102527,971.266667,3978308.266667,4096.000000,117551.780495,9385.597754,128181.630683,9857.699939,149441.331058,10994.713506
ambiguity,dominant_peer_ratio,0.3,static,30,305950.698831,0.000000,,0.000000,0.000000,,305950.698831,19570.568166,305950.698831,19570.568166,305950.698831,19570.568166
ambiguity,dominant_peer_ratio,0.4,engagement_g00_d0.0,30,237376.031775,39808.578709,104.112658,382.466667,1566583.466667,4096.000000,257280.321130,9743.478228,277184.610484,10644.877752,316993.189193,12609.018709
ambiguity,dominant_peer_ratio,0.4,engagement_g00_d0.25,30,245368.596240,25425.208762,105.993658,239.800000,982220.800000,4096.000000,258081.200622,10836.768826,270793.805003,11619.742712,296219.013765,13274.332970
ambiguity,dominant_peer_ratio,0.4,engagement_g00_d0.5,30,247960.311825,23523.913818,106.247210,221.233333,906171.733333,4096.000000,259722.268734,11153.093227,271484.225644,11944.521013,295008.139462,13628.397382
ambiguity,dominant_peer_ratio,0.4,engagement_g00_d1.0,30,253247.136295,20861.325535,106.284243,196.066667,803089.066667,4096.000000,263677.799062,11367.590253,274108.461830,12112.175760,294969.787366,13691.943855
ambiguity,dominant_peer_ratio,0.4,engagement_g00_d10.0,30,307328.446452,3114.773977,104.506595,29.866667,122333.866667,4096.000000,308885.833441,14441.966031,310443.220430,14464.922864,313557.994407,14524.560895
ambiguity,dominant_peer_ratio,0.4,engagement_g00_d2.0,30,265020.991416,17655.876664,106.654726,165.500000,677888.000000,4096.000000,273848.929748,11859.804819,282676.868080,12474.568951,300332.744745,13761.084916
ambiguity,dominant_peer_ratio,0.4,engagement_g00_d5.0,30,296746.412697,12724.367528,107.158456,118.766667,486468.266667,4096.000000,303108.596461,15387.039837,309470.780225,15872.480216,322195.147753,16874.606662
ambiguity,dominant_peer_ratio,0.4,engagement_g05_d0.0,30,271301.008783,12043.904735,107.088892,112.466667,460663.466667,4096.000000,277322.961150,12778.614691,283344.913517,13156.927420,295388.818252,13946.194840
ambiguity,dominant_peer_ratio,0.4,engagement_g05_d0.25,30,272088.441212,11642.122847,107.348058,108.433333,444142.933333,4096.000000,277909.502636,12787.255517,283730.564059,13161.997228,295372.686906,13941.381569
ambiguity,dominant_peer_ratio,0.4,engagement_g05_d0.5,30,272669.096336,11576.517765,107.405232,107.800000,441548.800000,4096.000000,278457.355218,12809.167767,284245.614100,13174.408260,295822.131865,13931.982666
ambiguity,dominant_peer_ratio,0.4,engagement_g05_d1.0,30,274431.421217,11354.458776,107.334061,105.800000,433356.800000,4096.000000,280108.650605,12836.946214,285785.879993,13180.289702,297140.338769,13897.794817
ambiguity,dominant_peer_ratio,0.4,engagement_g05_d10.0,30,306911.209418,506.920465,111.416133,4.600000,18841.600000,4096.000000,307164.669651,17732.358651,307418.129883,17719.582459,307925.050348,17695.920570
ambiguity,dominant_peer_ratio,0.4,engagement_g05_d2.0,30,280836.781123,10733.913719,107.204656,100.200000,410419.200000,4096.000000,286203.737982,13926.745077,291570.694841,14208.108557,302304.608560,14800.837365
ambiguity,dominant_peer_ratio,0.4,engagement_g05_d5.0,30,302451.605161,7116.435788,108.319622,65.733333,269243.733333,4096.000000,306009.823055,16316.703580,309568.040949,16506.263952,316684.476738,16910.149695
ambiguity,dominant_peer_ratio,0.4,naive_target_aware,30,237376.031775,39808.578709,104.112658,382.466667,1566583.466667,4096.000000,257280.321130,9743.478228,277184.610484,10644.877752,316993.189193,12609.018709
ambiguity,dominant_peer_ratio,0.4,nearest,30,300886.066223,1315.130190,99.477918,12.566667,51473.066667,4096.000000,301543.631318,21318.300877,302201.196413,21404.808906,303516.326603,21660.055045
ambiguity,dominant_peer_ratio,0.4,oracle_a0.5,30,44723.399531,83461.345716,39.383696,2120.266667,8684612.266667,4096.000000,86454.072389,5535.745940,128184.745248,9650.343136,211646.090964,18123.129633
ambiguity,dominant_peer_ratio,0.4,oracle_a1,30,74455.540989,38522.243868,27.756047,1394.333333,5711189.333333,4096.000000,93716.662923,6521.979635,112977.784858,8001.740859,151500.028726,11145.113537
ambiguity,dominant_peer_ratio,0.4,oracle_a2,30,99831.819996,20197.439818,22.829363,894.900000,3665510.400000,4096.000000,109930.539905,8597.676349,120029.259814,8972.926289,140226.699632,9847.107525
ambiguity,dominant_peer_ratio,0.4,static,30,305542.436974,0.000000,,0.000000,0.000000,,305542.436974,19037.455051,305542.436974,19037.455051,305542.436974,19037.455051
ambiguity,dominant_peer_ratio,0.5,engagement_g00_d0.0,30,211470.148081,27434.946268,106.404704,257.933333,1056494.933333,4096.000000,225187.621215,9514.259005,238905.094349,10450.265880,266340.040617,12444.567854
ambiguity,dominant_peer_ratio,0.5,engagement_g00_d0.25,30,222244.987043,20197.777176,107.007671,188.666667,772778.666667,4096.000000,232343.875631,9820.779666,242442.764219,10499.967926,262640.541395,11929.716499
ambiguity,dominant_peer_ratio,0.5,engagement_g00_d0.5,30,225678.087983,19235.628379,106.614958,180.366667,738781.866667,4096.000000,235295.902172,10240.637602,244913.716361,10899.542948,264149.344740,12273.575624
ambiguity,dominant_peer_ratio,0.5,engagement_g00_d1.0,30,232860.020094,17940.449050,106.379269,168.600000,690585.600000,4096.000000,241830.244619,10770.683338,250800.469144,11397.684869,268740.918194,12707.305249
ambiguity,dominant_peer_ratio,0.5,engagement_g00_d10.0,30,310201.630758,4618.215530,104.117354,44.500000,182272.000000,4096.000000,312510.738522,17011.497524,314819.846287,17099.260564,319438.061817,17282.278143
ambiguity,dominant_peer_ratio,0.5,engagement_g00_d2.0,30,248502.677431,16674.724271,106.707260,156.266667,640068.266667,4096.000000,256840.039566,12202.520375,265177.401702,12762.563617,281852.125973,13928.037306
ambiguity,dominant_peer_ratio,0.5,engagement_g00_d5.0,30,291315.440998,14655.997845,107.193805,136.733333,560059.733333,4096.000000,298643.439920,16065.538926,305971.438843,16617.255834,320627.436688,17739.023539
ambiguity,dominant_peer_ratio,0.5,engagement_g05_d0.0,30,241631.922033,14906.407983,107.375970,138.833333,568661.333333,4096.000000,249085.126024,11178.499787,256538.330015,11726.846724,271444.737998,12847.563981
ambiguity,dominant_peer_ratio,0.5,engagement_g05_d0.25,30,243255.549873,14490.971284,107.430485,134.866667,552413.866667,4096.000000,250501.035515,11497.297501,257746.521157,12042.198602,272237.492442,13160.763977
ambiguity,dominant_peer_ratio,0.5,engagement_g05_d0.5,30,244455.599780,14394.056160,107.277418,134.166667,549546.666667,4096.000000,251652.627860,11831.789084,258849.655940,12368.612442,273243.712100,13469.129252
ambiguity,dominant_peer_ratio,0.5,engagement_g05_d1.0,30,248316.361751,14304.709079,107.327004,133.266667,545860.266667,4096.000000,255468.716291,12038.583066,262621.070830,12568.401704,276925.779909,13655.295289
ambiguity,dominant_peer_ratio,0.5,engagement_g05_d10.0,30,309363.947277,1253.649487,106.585110,11.800000,48332.800000,4096.000000,309990.772020,13677.536377,310617.596764,13717.919820,311871.246251,13804.224631
ambiguity,dominant_peer_ratio,0.5,engagement_g05_d2.0,30,259316.189951,13968.503570,107.196583,130.300000,533708.800000,4096.000000,266300.441736,13411.209429,273284.693521,13918.067724,287253.197091,14956.513713
ambiguity,dominant_peer_ratio,0.5,engagement_g05_d5.0,30,296147.128028,11071.004874,107.108824,103.200000,422707.200000,4096.000000,301682.630465,17082.078209,307218.132902,17589.602171,318289.137776,18628.833918
ambiguity,dominant_peer_ratio,0.5,naive_target_aware,30,211470.148081,27434.946268,106.404704,257.933333,1056494.933333,4096.000000,225187.621215,9514.259005,238905.094349,10450.265880,266340.040617,12444.567854
ambiguity,dominant_peer_ratio,0.5,nearest,30,301210.008841,1315.130190,99.477918,12.566667,51473.066667,4096.000000,301867.573936,22401.137087,302525.139031,22503.097774,303840.269221,22784.790957
ambiguity,dominant_peer_ratio,0.5,oracle_a0.5,30,41225.401972,75098.716998,39.057470,1923.666667,7879338.666667,4096.000000,78774.760471,5316.977918,116324.118970,8862.383334,191422.835968,16191.429994
ambiguity,dominant_peer_ratio,0.5,oracle_a1,30,67429.370370,35309.180153,27.983020,1268.100000,5194137.600000,4096.000000,85083.960447,6164.403308,102738.550523,7313.802050,138047.730677,9733.047741
ambiguity,dominant_peer_ratio,0.5,oracle_a2,30,90604.768041,18494.470567,23.441478,797.466667,3266423.466667,4096.000000,99852.003324,7584.483870,109099.238608,7928.817715,127593.709175,8690.735921
ambiguity,dominant_peer_ratio,0.5,static,30,305963.964910,0.000000,,0.000000,0.000000,,305963.964910,18971.238600,305963.964910,18971.238600,305963.964910,18971.238600
ambiguity,dominant_peer_ratio,0.6,engagement_g00_d0.0,30,185988.386173,20519.153047,106.962938,191.966667,786295.466667,4096.000000,196247.962696,7877.430095,206507.539219,8536.379592,227026.692266,9953.021068
ambiguity,dominant_peer_ratio,0.6,engagement_g00_d0.25,30,199815.189907,17235.892266,106.417978,162.166667,664234.666667,4096.000000,208433.136040,8827.381441,217051.082173,9420.680303,234286.974439,10637.674958
ambiguity,dominant_peer_ratio,0.6,engagement_g00_d0.5,30,204467.352415,16935.076946,106.740481,158.800000,650444.800000,4096.000000,212934.890889,9298.098152,221402.429362,9888.732126,238337.506308,11102.417584
ambiguity,dominant_peer_ratio,0.6,engagement_g00_d1.0,30,213763.051057,16577.846770,106.805946,155.300000,636108.800000,4096.000000,222051.974442,9894.651305,230340.897827,10516.031053,246918.744597,11791.903855
ambiguity,dominant_peer_ratio,0.6,engagement_g00_d10.0,30,312496.990220,5459.051067,103.835737,52.600000,215449.600000,4096.000000,315226.515753,18469.902379,317956.041287,18687.018211,323415.092354,19127.900333
ambiguity,dominant_peer_ratio,0.6,engagement_g00_d2.0,30,233037.574790,16200.768637,106.960082,151.500000,620544.000000,4096.000000,241137.959108,11899.058868,249238.343427,12527.020016,265439.112064,13808.210838
ambiguity,dominant_peer_ratio,0.6,engagement_g00_d5.0,30,286362.999209,15504.843810,107.467034,144.233333,590779.733333,4096.000000,294115.421114,16619.415340,301867.843018,17285.600200,317372.686828,18633.228405
ambiguity,dominant_peer_ratio,0.6,engagement_g05_d0.0,30,208232.121556,16089.158209,107.576946,149.566667,612625.066667,4096.000000,216276.700660,8951.640587,224321.279765,9504.359452,240410.437974,10650.908280
ambiguity,dominant_peer_ratio,0.6,engagement_g05_d0.25,30,211984.128689,15738.820703,107.377842,146.533333,600200.533333,4096.000000,219853.539040,9536.877951,227722.949392,10166.393740,243461.770095,11461.487713
ambiguity,dominant_peer_ratio,0.6,engagement_g05_d0.5,30,214874.622213,15691.611269,107.357122,146.133333,598562.133333,4096.000000,222720.427848,9912.546548,230566.233482,10535.078426,246257.844751,11813.989037
ambiguity,dominant_peer_ratio,0.6,engagement_g05_d1.0,30,221456.051979,15657.642396,107.435405,145.700000,596787.200000,4096.000000,229284.873177,10258.742683,237113.694375,10893.266590,252771.336771,12192.997595
ambiguity,dominant_peer_ratio,0.6,engagement_g05_d10.0,30,307433.400752,2161.292418,102.880916,21.033333,86152.533333,4096.000000,308514.046962,12392.319613,309594.693171,12416.693766,311755.985589,12475.872120
ambiguity,dominant_peer_ratio,0.6,engagement_g05_d2.0,30,238180.651590,15511.779788,107.299731,144.500000,591872.000000,4096.000000,245936.541484,11609.698655,253692.431378,12241.593824,269204.211166,13536.887709
ambiguity,dominant_peer_ratio,0.6,engagement_g05_d5.0,30,288774.686572,13832.135893,107.325231,128.800000,527564.800000,4096.000000,295690.754518,15551.245377,302606.822465,16134.038959,316438.958358,17317.478329
ambiguity,dominant_peer_ratio,0.6,naive_target_aware,30,185988.386173,20519.153047,106.962938,191.966667,786295.466667,4096.000000,196247.962696,7877.430095,206507.539219,8536.379592,227026.692266,9953.021068
ambiguity,dominant_peer_ratio,0.6,nearest,30,301419.595212,1315.130190,99.477918,12.566667,51473.066667,4096.000000,302077.160307,22549.360443,302734.725402,22628.676422,304049.855592,22865.345685
ambiguity,dominant_peer_ratio,0.6,oracle_a0.5,30,36547.344909,65656.826611,38.860354,1691.166667,6927018.666667,4096.000000,69375.758215,4648.598619,102204.171520,7780.879372,167860.998131,14155.115107
ambiguity,dominant_peer_ratio,0.6,oracle_a1,30,58927.512444,31279.408964,28.360539,1109.266667,4543556.266667,4096.000000,74567.216926,5403.057880,90206.921408,6281.024703,121486.330372,8114.035974
ambiguity,dominant_peer_ratio,0.6,oracle_a2,30,79064.881789,16666.993088,24.039751,700.733333,2870203.733333,4096.000000,87398.378334,6566.743003,95731.874878,6765.128290,112398.867966,7226.820809
ambiguity,dominant_peer_ratio,0.6,static,30,306238.566999,0.000000,,0.000000,0.000000,,306238.566999,19134.891173,306238.566999,19134.891173,306238.566999,19134.891173
ambiguity,dominant_peer_ratio,0.7,engagement_g00_d0.0,30,162636.689987,17457.236653,107.187556,162.866667,667101.866667,4096.000000,171365.308314,8177.565046,180093.926641,8885.971687,197551.163294,10347.566077
ambiguity,dominant_peer_ratio,0.7,engagement_g00_d0.25,30,179128.688789,16401.615296,107.446755,152.666667,625322.666667,4096.000000,187329.496437,9577.482825,195530.304085,10205.940502,211931.919380,11491.514198
ambiguity,dominant_peer_ratio,0.7,engagement_g00_d0.5,30,184623.295225,16315.985816,107.480940,151.800000,621772.800000,4096.000000,192781.288133,9886.981298,200939.281041,10516.712256,217255.266857,11805.522848
ambiguity,dominant_peer_ratio,0.7,engagement_g00_d1.0,30,195419.765238,16216.429028,107.434392,150.933333,618222.933333,4096.000000,203527.979752,10507.231569,211636.194265,11144.704590,227852.623293,12444.398681
ambiguity,dominant_peer_ratio,0.7,engagement_g00_d10.0,30,311533.222874,5789.465193,101.121524,57.133333,234018.133333,4096.000000,314427.955471,21074.164225,317322.688067,21349.112283,323112.153260,21907.940243
ambiguity,dominant_peer_ratio,0.7,engagement_g00_d2.0,30,217681.146379,16111.906764,107.386900,150.033333,614536.533333,4096.000000,225737.099761,11994.132922,233793.053142,12648.380259,249904.959906,13972.473710
ambiguity,dominant_peer_ratio,0.7,engagement_g00_d5.0,30,281199.047105,15805.076475,107.518441,147.000000,602112.000000,4096.000000,289101.585343,17898.510158,297004.123580,18586.895635,312809.200054,19970.517358
ambiguity,dominant_peer_ratio,0.7,engagement_g05_d0.0,30,176163.381599,16263.061768,107.328853,151.566667,620817.066667,4096.000000,184294.912483,9229.923603,192426.443367,9869.042044,208689.505135,11171.638983
ambiguity,dominant_peer_ratio,0.7,engagement_g05_d0.25,30,184116.311399,16028.607337,107.243769,149.466667,612215.466667,4096.000000,192130.615067,10017.618788,200144.918736,10669.248542,216173.526074,11995.970169
ambiguity,dominant_peer_ratio,0.7,engagement_g05_d0.5,30,188524.995069,15998.835909,107.165464,149.300000,611532.800000,4096.000000,196524.413024,10280.689203,204523.830978,10925.912645,220522.666887,12240.055272
ambiguity,dominant_peer_ratio,0.7,engagement_g05_d1.0,30,197850.886252,15992.379533,107.263312,149.100000,610713.600000,4096.000000,205847.076018,10865.513104,213843.265785,11520.963714,229835.645317,12852.008286
ambiguity,dominant_peer_ratio,0.7,engagement_g05_d10.0,30,311436.616693,3322.907177,104.583974,31.733333,129979.733333,4096.000000,313098.070281,18478.403204,314759.523870,18606.278435,318082.431046,18871.397543
ambiguity,dominant_peer_ratio,0.7,engagement_g05_d2.0,30,219066.823506,15950.865071,107.251585,148.733333,609211.733333,4096.000000,227042.256042,12393.869941,235017.688578,13055.681139,250968.553649,14394.763673
ambiguity,dominant_peer_ratio,0.7,engagement_g05_d5.0,30,281894.828350,15298.705814,107.403234,142.433333,583406.933333,4096.000000,289544.181257,17536.215411,297193.534164,18211.705921,312492.239978,19570.064276
ambiguity,dominant_peer_ratio,0.7,naive_target_aware,30,162636.689987,17457.236653,107.187556,162.866667,667101.866667,4096.000000,171365.308314,8177.565046,180093.926641,8885.971687,197551.163294,10347.566077
ambiguity,dominant_peer_ratio,0.7,nearest,30,300755.195849,1315.130190,99.477918,12.566667,51473.066667,4096.000000,301412.760944,22144.551393,302070.326039,22263.231136,303385.456229,22578.583332
ambiguity,dominant_peer_ratio,0.7,oracle_a0.5,30,30792.503090,53703.645796,38.560171,1394.133333,5710370.133333,4096.000000,57644.325988,3447.482571,84496.148885,5884.759195,138199.794681,10901.610566
ambiguity,dominant_peer_ratio,0.7,oracle_a1,30,48511.660784,26330.102524,28.651964,924.633333,3787298.133333,4096.000000,61676.712046,3889.874763,74841.763308,4637.541284,101171.865832,6204.608143
ambiguity,dominant_peer_ratio,0.7,oracle_a2,30,64537.569022,14746.151907,25.184654,591.700000,2423603.200000,4096.000000,71910.644976,4792.387761,79283.720930,4953.644024,94029.872837,5368.146077
ambiguity,dominant_peer_ratio,0.7,static,30,305908.908894,0.000000,,0.000000,0.000000,,305908.908894,19591.028579,305908.908894,19591.028579,305908.908894,19591.028579
ambiguity,dominant_peer_ratio,0.85,engagement_g00_d0.0,30,129251.431203,16245.530493,107.200012,151.533333,620680.533333,4096.000000,137374.196449,8024.285728,145496.961696,8715.799307,161742.492189,10112.753385
ambiguity,dominant_peer_ratio,0.85,engagement_g00_d0.25,30,149663.967633,16105.909782,107.349471,150.033333,614536.533333,4096.000000,157716.922525,9803.788362,165769.877416,10498.971648,181875.787198,11896.902361
ambiguity,dominant_peer_ratio,0.85,engagement_g00_d0.5,30,156262.739263,16088.356505,107.323604,149.900000,613990.400000,4096.000000,164306.917516,10379.091953,172351.095768,11078.211221,188439.452274,12483.245443
ambiguity,dominant_peer_ratio,0.85,engagement_g00_d1.0,30,169521.411149,16089.669145,107.357573,149.866667,613853.866667,4096.000000,177566.245721,11349.884172,185611.080293,12042.225240,201700.749438,13435.490123
ambiguity,dominant_peer_ratio,0.85,engagement_g00_d10.0,30,317623.857758,5908.792404,104.648242,56.500000,231424.000000,4096.000000,320578.253960,22599.879711,323532.650162,22805.059702,329441.442566,23223.433778
ambiguity,dominant_peer_ratio,0.85,engagement_g00_d2.0,30,196620.324249,16068.015698,107.338576,149.700000,613171.200000,4096.000000,204654.332098,13605.562120,212688.339947,14289.633085,228756.355645,15665.830780
ambiguity,dominant_peer_ratio,0.85,engagement_g00_d5.0,30,275017.673666,15933.980739,107.393350,148.400000,607846.400000,4096.000000,282984.664036,20131.310665,290951.654405,20819.807712,306885.635143,22200.425726
ambiguity,dominant_peer_ratio,0.85,engagement_g05_d0.0,30,132689.165789,16175.353901,107.163848,150.933333,618222.933333,4096.000000,140776.842739,8161.415905,148864.519690,8851.401723,165039.873591,10244.705253
ambiguity,dominant_peer_ratio,0.85,engagement_g05_d0.25,30,150135.672408,16094.652662,107.339067,149.933333,614126.933333,4096.000000,158182.998740,9902.749033,166230.325070,10612.018560,182324.977733,12037.764805
ambiguity,dominant_peer_ratio,0.85,engagement_g05_d0.5,30,156653.087019,16081.641334,107.347984,149.800000,613580.800000,4096.000000,164693.907686,10467.980444,172734.728352,11174.071513,188816.369686,12593.166339
ambiguity,dominant_peer_ratio,0.85,engagement_g05_d1.0,30,169709.041573,16081.641334,107.347984,149.800000,613580.800000,4096.000000,177749.862239,11390.495752,185790.682906,12090.386134,201872.324240,13498.554320
ambiguity,dominant_peer_ratio,0.85,engagement_g05_d10.0,30,316077.828720,4956.667204,103.641384,47.733333,195515.733333,4096.000000,318556.162322,20723.771832,321034.495924,20926.905638,325991.163127,21344.113806
ambiguity,dominant_peer_ratio,0.85,engagement_g05_d2.0,30,196624.848722,16061.934354,107.316750,149.666667,613034.666667,4096.000000,204655.815899,13663.378380,212686.783076,14354.306134,228748.717429,15744.433410
ambiguity,dominant_peer_ratio,0.85,engagement_g05_d5.0,30,274878.581656,15839.322298,107.254197,147.700000,604979.200000,4096.000000,282798.242805,20013.706520,290717.903954,20700.853075,306557.226252,22078.787450
ambiguity,dominant_peer_ratio,0.85,naive_target_aware,30,129251.431203,16245.530493,107.200012,151.533333,620680.533333,4096.000000,137374.196449,8024.285728,145496.961696,8715.799307,161742.492189,10112.753385
ambiguity,dominant_peer_ratio,0.85,nearest,30,300860.482609,1315.130190,99.477918,12.566667,51473.066667,4096.000000,301518.047704,22884.505930,302175.612799,22989.840615,303490.742989,23276.542859
ambiguity,dominant_peer_ratio,0.85,oracle_a0.5,30,20252.225281,33474.726784,38.533408,870.433333,3565294.933333,4096.000000,36989.588673,2172.922790,53726.952065,3693.880103,87201.678850,6815.890885
ambiguity,dominant_peer_ratio,0.85,oracle_a1,30,29967.708851,18216.639790,29.908950,613.566667,2513169.066667,4096.000000,39076.028746,2445.600275,48184.348641,2910.008845,66400.988431,3915.109354
ambiguity,dominant_peer_ratio,0.85,oracle_a2,30,38908.106137,11822.670708,27.378548,435.700000,1784627.200000,4096.000000,44819.441492,2836.211634,50730.776846,3038.867665,62553.447554,3526.691181
ambiguity,dominant_peer_ratio,0.85,static,30,305621.662639,0.000000,,0.000000,0.000000,,305621.662639,20015.141097,305621.662639,20015.141097,305621.662639,20015.141097
switching,phase_duration,2.0,engagement_g00_d0.0,5,291672.682371,53780.560271,107.311780,501.200000,2052915.200000,4096.000000,318562.962507,21176.041200,345453.242642,23626.823071,399233.802913,28556.332509
switching,phase_duration,2.0,engagement_g00_d0.25,5,313096.353352,46653.182526,106.596561,438.000000,1794048.000000,4096.000000,336422.944615,20323.479450,359749.535877,21880.457120,406402.718403,25024.224053
switching,phase_duration,2.0,engagement_g00_d0.5,5,317808.899188,44577.578996,106.833383,417.400000,1709670.400000,4096.000000,340097.688686,19916.261555,362386.478184,21224.382111,406964.057181,23888.337618
switching,phase_duration,2.0,engagement_g00_d1.0,5,321236.733065,40458.005370,106.513268,380.200000,1557299.200000,4096.000000,341465.735750,19131.864411,361694.738435,20228.511299,402152.743805,22453.180553
switching,phase_duration,2.0,engagement_g00_d10.0,5,295120.703888,20.562326,102.811628,0.200000,819.200000,4096.000000,295130.985051,7899.902185,295141.266214,7910.959470,295161.828539,7933.227667
switching,phase_duration,2.0,engagement_g00_d2.0,5,316174.202434,29683.230660,103.879223,285.600000,1169817.600000,4096.000000,331015.817764,13899.850215,345857.433094,14760.032539,375540.663754,16565.762651
switching,phase_duration,2.0,engagement_g00_d5.0,5,302248.469905,5304.274621,104.146205,51.000000,208896.000000,4096.000000,304900.607215,12458.103397,307552.744525,12405.674889,312857.019146,12326.957083
switching,phase_duration,2.0,engagement_g05_d0.0,5,298757.255568,22187.596282,106.611409,208.400000,853606.400000,4096.000000,309851.053709,10358.494220,320944.851850,10632.466435,343132.448132,11252.855248
switching,phase_duration,2.0,engagement_g05_d0.25,5,307585.864396,21957.196103,106.553821,206.400000,845414.400000,4096.000000,318564.462447,11661.619328,329543.060499,11867.164120,351500.256601,12336.248259
switching,phase_duration,2.0,engagement_g05_d0.5,5,311168.204618,21766.735273,106.433693,204.800000,838860.800000,4096.000000,322051.572254,12209.976686,332934.939891,12441.664018,354701.675164,12968.044663
switching,phase_duration,2.0,engagement_g05_d1.0,5,314729.232062,21355.233765,107.226419,199.400000,816742.400000,4096.000000,325406.848944,12077.886121,336084.465826,12408.625587,357439.699591,13102.638274
switching,phase_duration,2.0,engagement_g05_d10.0,5,295837.750765,0.000000,,0.000000,0.000000,,295837.750765,8768.571847,295837.750765,8768.571847,295837.750765,8768.571847
switching,phase_duration,2.0,engagement_g05_d2.0,5,315889.240263,16707.952354,105.480684,158.000000,647168.000000,4096.000000,324243.216440,7679.854325,332597.192617,8226.806273,349305.144971,9629.659824
switching,phase_duration,2.0,engagement_g05_d5.0,5,301276.220839,1165.812039,106.520557,10.800000,44236.800000,4096.000000,301859.126858,12003.832799,302442.032878,12083.259402,303607.844917,12252.531591
switching,phase_duration,2.0,naive_target_aware,5,291672.682371,53780.560271,107.311780,501.200000,2052915.200000,4096.000000,318562.962507,21176.041200,345453.242642,23626.823071,399233.802913,28556.332509
switching,phase_duration,2.0,nearest,5,288289.587062,1162.968080,99.087764,9.000000,36864.000000,4096.000000,288871.071101,7656.668133,289452.555141,8024.079781,290615.523221,8957.471968
switching,phase_duration,2.0,oracle_a0.5,5,24128.741967,59593.554519,41.963322,1425.400000,5838438.400000,4096.000000,53925.519226,2145.928989,83722.296486,3472.491972,143315.851004,6617.096017
switching,phase_duration,2.0,oracle_a1,5,36918.750971,40738.993567,34.253554,1192.800000,4885708.800000,4096.000000,57288.247754,2366.427415,77657.744537,3182.655960,118396.738104,5037.970914
switching,phase_duration,2.0,oracle_a2,5,58781.211219,25341.390847,28.518437,891.600000,3651993.600000,4096.000000,71451.906643,3998.868563,84122.602066,4103.105984,109463.992913,4388.247041
switching,phase_duration,2.0,static,5,295837.750765,0.000000,,0.000000,0.000000,,295837.750765,8768.571847,295837.750765,8768.571847,295837.750765,8768.571847
switching,phase_duration,5.0,engagement_g00_d0.0,5,203602.926749,31751.263925,106.537850,298.200000,1221427.200000,4096.000000,219478.558711,18152.428830,235354.190674,19773.966424,267105.454598,23019.259442
switching,phase_duration,5.0,engagement_g00_d0.25,5,239896.621449,31213.056021,106.673125,292.800000,1199308.800000,4096.000000,255503.149459,21461.773038,271109.677470,22933.415146,302322.733490,25891.406482
switching,phase_duration,5.0,engagement_g00_d0.5,5,251829.647805,30910.648375,106.666329,290.000000,1187840.000000,4096.000000,267284.971992,21827.288827,282740.296180,23277.670998,313650.944555,26189.991231
switching,phase_duration,5.0,engagement_g00_d1.0,5,272544.919070,30617.151114,106.831190,286.800000,1174732.800000,4096.000000,287853.494626,23922.169758,303162.070183,25311.867178,333779.221297,28111.229054
switching,phase_duration,5.0,engagement_g00_d10.0,5,304166.062985,200.958589,102.790088,2.000000,8192.000000,4096.000000,304266.542280,10606.027799,304367.021574,10675.895489,304567.980163,10815.948923
switching,phase_duration,5.0,engagement_g00_d2.0,5,305015.129993,29328.987059,106.392604,275.800000,1129676.800000,4096.000000,319679.623523,28229.095088,334344.117052,29632.728808,363673.104112,32463.803676
switching,phase_duration,5.0,engagement_g00_d5.0,5,323282.234856,12861.625351,106.353268,120.800000,494796.800000,4096.000000,329713.047532,19367.424618,336143.860208,19888.745112,349005.485559,20945.454149
switching,phase_duration,5.0,engagement_g05_d0.0,5,210663.738482,30149.378985,107.022477,281.600000,1153433.600000,4096.000000,225738.427974,17834.638738,240813.117467,19424.700309,270962.496452,22605.996455
switching,phase_duration,5.0,engagement_g05_d0.25,5,241402.442547,29925.492855,107.076980,279.400000,1144422.400000,4096.000000,256365.188974,20930.148830,271327.935402,22435.210040,301253.428257,25451.010550
switching,phase_duration,5.0,engagement_g05_d0.5,5,253253.400011,29840.862810,107.172893,278.400000,1140326.400000,4096.000000,268173.831416,21569.990040,283094.262821,23061.231594,312935.125630,26047.770151
switching,phase_duration,5.0,engagement_g05_d1.0,5,273367.145485,29718.277805,107.197372,277.200000,1135411.200000,4096.000000,288226.284387,23978.916356,303085.423290,25416.195481,332803.701095,28304.981315
switching,phase_duration,5.0,engagement_g05_d10.0,5,300368.646528,26.064192,65.160481,0.400000,1638.400000,4096.000000,300381.678624,7299.400362,300394.710721,7315.931554,300420.774913,7349.229026
switching,phase_duration,5.0,engagement_g05_d2.0,5,305933.958537,28496.657283,107.039439,266.200000,1090355.200000,4096.000000,320182.287178,27064.410618,334430.615820,28369.873323,362927.273103,30997.017590
switching,phase_duration,5.0,engagement_g05_d5.0,5,323856.438282,10477.195569,107.780661,97.000000,397312.000000,4096.000000,329095.036067,17139.578765,334333.633851,17711.075146,344810.829420,18873.000629
switching,phase_duration,5.0,naive_target_aware,5,203602.926749,31751.263925,106.537850,298.200000,1221427.200000,4096.000000,219478.558711,18152.428830,235354.190674,19773.966424,267105.454598,23019.259442
switching,phase_duration,5.0,nearest,5,291691.302420,1162.968080,99.087764,9.000000,36864.000000,4096.000000,292272.786460,11237.938326,292854.270500,11806.195815,294017.238579,13034.727926
switching,phase_duration,5.0,oracle_a0.5,5,20896.440655,40295.709171,39.090151,1032.600000,4229529.600000,4096.000000,41044.295241,1672.331030,61192.149826,2945.044914,101487.858997,5744.011528
switching,phase_duration,5.0,oracle_a1,5,30273.111431,25744.930101,31.429325,820.400000,3360358.400000,4096.000000,43145.576482,1902.218185,56018.041532,2318.762740,81762.971633,3463.184523
switching,phase_duration,5.0,oracle_a2,5,39935.062768,18867.115141,29.227246,648.000000,2654208.000000,4096.000000,49368.620339,2272.444166,58802.177909,2553.581419,77669.293049,3358.651102
switching,phase_duration,5.0,static,5,299881.605454,0.000000,,0.000000,0.000000,,299881.605454,6730.013244,299881.605454,6730.013244,299881.605454,6730.013244
switching,phase_duration,10.0,engagement_g00_d0.0,5,129847.001114,16168.768189,105.865432,152.600000,625049.600000,4096.000000,137931.385209,11345.029201,146015.769303,12328.188217,162184.537492,14304.466523
switching,phase_duration,10.0,engagement_g00_d0.25,5,150451.392176,15912.024870,105.788496,150.400000,616038.400000,4096.000000,158407.404611,13936.325555,166363.417046,14841.039294,182275.441915,16656.479397
switching,phase_duration,10.0,engagement_g00_d0.5,5,157141.920289,15902.832757,105.867574,150.200000,615219.200000,4096.000000,165093.336668,13754.868196,173044.753046,14654.304135,188947.585803,16461.032668
switching,phase_duration,10.0,engagement_g00_d1.0,5,169772.571795,15910.708593,106.071391,150.000000,614400.000000,4096.000000,177727.926091,14500.196574,185683.280387,15399.013387,201593.988980,17205.430257
switching,phase_duration,10.0,engagement_g00_d10.0,5,324821.631058,6067.057327,107.206456,56.800000,232652.800000,4096.000000,327855.159721,15922.763634,330888.688385,16081.095876,336955.745712,16403.747471
switching,phase_duration,10.0,engagement_g00_d2.0,5,196179.156902,15876.847866,106.150727,149.600000,612761.600000,4096.000000,204117.580835,16588.533692,212056.004768,17468.518804,227932.852634,19237.592736
switching,phase_duration,10.0,engagement_g00_d5.0,5,272434.883257,15731.110143,106.054777,148.400000,607846.400000,4096.000000,280300.438328,24375.414395,288165.993400,25256.152059,303897.103543,27019.785295
switching,phase_duration,10.0,engagement_g05_d0.0,5,132554.741080,16005.941829,105.646441,151.400000,620134.400000,4096.000000,140557.711995,11839.630076,148560.682909,12797.012652,164566.624739,14729.078161
switching,phase_duration,10.0,engagement_g05_d0.25,5,150795.939950,15883.412639,105.861356,150.000000,614400.000000,4096.000000,158737.646269,14244.651772,166679.352588,15189.437310,182562.765227,17085.987540
switching,phase_duration,10.0,engagement_g05_d0.5,5,157358.392398,15874.220526,105.940433,149.800000,613580.800000,4096.000000,165295.502661,14272.769632,173232.612923,15210.852460,189106.833449,17096.215029
switching,phase_duration,10.0,engagement_g05_d1.0,5,169807.359703,15874.220526,105.940433,149.800000,613580.800000,4096.000000,177744.469966,14849.653648,185681.580228,15785.881679,201555.800754,17667.827560
switching,phase_duration,10.0,engagement_g05_d10.0,5,323105.665552,5062.070105,105.297396,48.200000,197427.200000,4096.000000,325636.700605,12041.271729,328167.735657,12100.747440,333229.805763,12250.391531
switching,phase_duration,10.0,engagement_g05_d2.0,5,196013.295710,15840.359799,106.019770,149.400000,611942.400000,4096.000000,203933.475610,16948.614105,211853.655509,17867.174210,227694.015309,19713.789105
switching,phase_duration,10.0,engagement_g05_d5.0,5,271908.849128,15571.545217,105.699702,147.400000,603750.400000,4096.000000,279694.621737,24383.658515,287480.394345,25263.497496,303051.939563,27024.538105
switching,phase_duration,10.0,naive_target_aware,5,129847.001114,16168.768189,105.865432,152.600000,625049.600000,4096.000000,137931.385209,11345.029201,146015.769303,12328.188217,162184.537492,14304.466523
switching,phase_duration,10.0,nearest,5,284637.559359,1162.968080,99.087764,9.000000,36864.000000,4096.000000,285219.043399,12577.184444,285800.527439,12948.503730,286963.495518,13818.392754
switching,phase_duration,10.0,oracle_a0.5,5,20454.244568,32500.802424,37.161441,876.000000,3588096.000000,4096.000000,36704.645780,2303.182107,52955.046992,3437.579411,85455.849416,5728.640161
switching,phase_duration,10.0,oracle_a1,5,29642.699129,18387.448102,29.261073,630.800000,2583756.800000,4096.000000,38836.423180,2579.403649,48030.147231,2770.545203,66417.595333,3185.796884
switching,phase_duration,10.0,oracle_a2,5,38296.585237,12228.090146,27.098477,454.600000,1862041.600000,4096.000000,44410.630310,2900.530045,50524.675383,2853.788862,62752.765529,2868.971872
switching,phase_duration,10.0,static,5,293296.045551,0.000000,,0.000000,0.000000,,293296.045551,9110.478422,293296.045551,9110.478422,293296.045551,9110.478422
switching,phase_duration,20.0,engagement_g00_d0.0,5,89173.603307,8110.281497,105.566006,76.800000,314572.800000,4096.000000,93228.744055,6399.565472,97283.884804,6866.192388,105394.166301,7805.481971
switching,phase_duration,20.0,engagement_g00_d0.25,5,99357.289736,7968.749600,105.672993,75.400000,308838.400000,4096.000000,103341.664536,7468.514670,107326.039336,7921.562319,115294.788936,8829.071154
switching,phase_duration,20.0,engagement_g00_d0.5,5,102458.400580,7959.557487,105.828359,75.200000,308019.200000,4096.000000,106438.179323,7812.176722,110417.958067,8262.660540,118377.515554,9165.872609
switching,phase_duration,20.0,engagement_g00_d1.0,5,108470.913443,7967.433323,106.232444,75.000000,307200.000000,4096.000000,112454.630105,7885.884896,116438.346766,8333.296827,124405.780090,9232.173331
switching,phase_duration,20.0,engagement_g00_d10.0,5,228348.615462,7938.137584,106.145132,74.800000,306380.800000,4096.000000,232317.684253,19935.829456,236286.753045,20382.377986,244224.890629,21275.955725
switching,phase_duration,20.0,engagement_g00_d2.0,5,121523.280575,7938.137584,106.145132,74.800000,306380.800000,4096.000000,125492.349367,9203.884854,129461.418158,9621.436873,137399.555742,10464.704333
switching,phase_duration,20.0,engagement_g00_d5.0,5,161230.592156,7938.137584,106.145132,74.800000,306380.800000,4096.000000,165199.660948,12712.860852,169168.729740,13147.622560,177106.867323,14020.098498
switching,phase_duration,20.0,engagement_g05_d0.0,5,90638.000696,8044.821306,105.544347,76.200000,312115.200000,4096.000000,94660.411349,6768.908075,98682.822002,7224.608640,106727.643307,8142.715917
switching,phase_duration,20.0,engagement_g05_d0.25,5,99619.770106,7976.625436,106.077078,75.200000,308019.200000,4096.000000,103608.082824,7519.243451,107596.395542,7974.645153,115573.020978,8887.079158
switching,phase_duration,20.0,engagement_g05_d0.5,5,102726.107083,7967.433323,106.232444,75.000000,307200.000000,4096.000000,106709.823745,7996.778509,110693.540407,8448.462448,118660.973730,9354.597676
switching,phase_duration,20.0,engagement_g05_d1.0,5,108564.214584,7967.433323,106.232444,75.000000,307200.000000,4096.000000,112547.931245,7884.297946,116531.647907,8332.065743,124499.081230,9231.550682
switching,phase_duration,20.0,engagement_g05_d10.0,5,228356.894295,7938.137584,106.145132,74.800000,306380.800000,4096.000000,232325.963086,19941.865142,236295.031878,20388.459229,244233.169462,21282.122207
switching,phase_duration,20.0,engagement_g05_d2.0,5,121523.280575,7938.137584,106.145132,74.800000,306380.800000,4096.000000,125492.349367,9203.884854,129461.418158,9621.436873,137399.555742,10464.704333
switching,phase_duration,20.0,engagement_g05_d5.0,5,161230.592156,7938.137584,106.145132,74.800000,306380.800000,4096.000000,165199.660948,12712.860852,169168.729740,13147.622560,177106.867323,14020.098498
switching,phase_duration,20.0,naive_target_aware,5,89173.603307,8110.281497,105.566006,76.800000,314572.800000,4096.000000,93228.744055,6399.565472,97283.884804,6866.192388,105394.166301,7805.481971
switching,phase_duration,20.0,nearest,5,284707.487553,1162.968080,99.087764,9.000000,36864.000000,4096.000000,285288.971593,5423.364987,285870.455633,5516.951516,287033.423713,6067.318632
switching,phase_duration,20.0,oracle_a0.5,5,19500.390746,28447.400661,36.577751,778.800000,3189964.800000,4096.000000,33724.091076,1735.392119,47947.791406,2638.698164,76395.192067,4518.266871
switching,phase_duration,20.0,oracle_a1,5,28424.914773,14533.572882,27.871775,523.200000,2143027.200000,4096.000000,35691.701214,1922.370879,42958.487655,2165.003569,57492.060537,2742.820165
switching,phase_duration,20.0,oracle_a2,5,37482.731734,8109.262311,23.939956,342.800000,1404108.800000,4096.000000,41537.362889,2222.977901,45591.994045,2327.936538,53701.256356,2543.833026
switching,phase_duration,20.0,static,5,294439.198632,0.000000,,0.000000,0.000000,,294439.198632,12334.397558,294439.198632,12334.397558,294439.198632,12334.397558
switching,phase_duration,40.0,engagement_g00_d0.0,5,70460.173723,4210.103141,101.487543,41.400000,169574.400000,4096.000000,72565.225293,5925.117043,74670.276864,6228.043919,78880.380004,6842.390122
switching,phase_duration,40.0,engagement_g00_d0.25,5,75952.958733,4115.435003,101.785557,40.400000,165478.400000,4096.000000,78010.676234,6601.406395,80068.393735,6883.425252,84183.828738,7452.269165
switching,phase_duration,40.0,engagement_g00_d0.5,5,77507.505524,4106.242890,102.066494,40.200000,164659.200000,4096.000000,79560.626968,6748.042308,81613.748413,7029.267157,85719.991303,7596.485327
switching,phase_duration,40.0,engagement_g00_d1.0,5,80858.033011,4114.118726,102.852968,40.000000,163840.000000,4096.000000,82915.092374,7456.060092,84972.151737,7736.307369,89086.270462,8302.687214
switching,phase_duration,40.0,engagement_g00_d10.0,5,143909.872357,4084.822986,102.726657,39.800000,163020.800000,4096.000000,145952.283850,14822.722999,147994.695343,15105.279135,152079.518329,15670.801795
switching,phase_duration,40.0,engagement_g00_d2.0,5,87730.471901,4084.822986,102.726657,39.800000,163020.800000,4096.000000,89772.883394,8521.187010,91815.294887,8771.435899,95900.117873,9278.194700
switching,phase_duration,40.0,engagement_g00_d5.0,5,108471.386444,4084.822986,102.726657,39.800000,163020.800000,4096.000000,110513.797937,10427.317864,112556.209430,10688.034108,116641.032416,11213.215126
switching,phase_duration,40.0,engagement_g05_d0.0,5,71263.025934,4191.506708,101.606274,41.200000,168755.200000,4096.000000,73358.779288,6374.713626,75454.532642,6652.504096,79646.039351,7218.918287
switching,phase_duration,40.0,engagement_g05_d0.25,5,76208.944184,4123.310839,102.572031,40.200000,164659.200000,4096.000000,78270.599603,6954.774489,80332.255023,7242.646319,84455.565861,7823.076325
switching,phase_duration,40.0,engagement_g05_d0.5,5,77787.462919,4114.118726,102.852968,40.000000,163840.000000,4096.000000,79844.522281,7225.378982,81901.581644,7511.282459,86015.700370,8087.942492
switching,phase_duration,40.0,engagement_g05_d1.0,5,80956.959161,4114.118726,102.852968,40.000000,163840.000000,4096.000000,83014.018524,7647.627355,85071.077886,7927.028386,89185.196612,8491.752048
switching,phase_duration,40.0,engagement_g05_d10.0,5,143919.930628,4084.822986,102.726657,39.800000,163020.800000,4096.000000,145962.342121,14818.885063,148004.753614,15101.504471,152089.576600,15667.146922
switching,phase_duration,40.0,engagement_g05_d2.0,5,87730.471901,4084.822986,102.726657,39.800000,163020.800000,4096.000000,89772.883394,8521.187010,91815.294887,8771.435899,95900.117873,9278.194700
switching,phase_duration,40.0,engagement_g05_d5.0,5,108471.386444,4084.822986,102.726657,39.800000,163020.800000,4096.000000,110513.797937,10427.317864,112556.209430,10688.034108,116641.032416,11213.215126
switching,phase_duration,40.0,naive_target_aware,5,70460.173723,4210.103141,101.487543,41.400000,169574.400000,4096.000000,72565.225293,5925.117043,74670.276864,6228.043919,78880.380004,6842.390122
switching,phase_duration,40.0,nearest,5,275799.743326,1162.968080,99.087764,9.000000,36864.000000,4096.000000,276381.227366,17501.249094,276962.711406,17859.887031,278125.679486,18672.630332
switching,phase_duration,40.0,oracle_a0.5,5,19492.632883,27318.631959,36.545173,748.000000,3063808.000000,4096.000000,33151.948862,1953.965703,46811.264842,3072.073000,74129.896801,5318.625936
switching,phase_duration,40.0,oracle_a1,5,28645.273334,12858.599205,26.736788,482.400000,1975910.400000,4096.000000,35074.572936,2102.520502,41503.872539,2549.498883,54362.471743,3454.758140
switching,phase_duration,40.0,oracle_a2,5,38244.120975,6047.388513,22.419107,271.600000,1112473.600000,4096.000000,41267.815231,2781.298940,44291.509488,2860.455764,50338.898001,3044.781972
switching,phase_duration,40.0,static,5,288473.653293,0.000000,,0.000000,0.000000,,288473.653293,18932.187950,288473.653293,18932.187950,288473.653293,18932.187950
switching,phase_duration,80.0,engagement_g00_d0.0,5,60295.242534,2090.942575,97.394494,21.400000,87654.400000,4096.000000,61340.713821,4681.431361,62386.185109,4833.166744,64477.127683,5141.805769
switching,phase_duration,80.0,engagement_g00_d0.25,5,63015.991210,1996.274437,97.666647,20.400000,83558.400000,4096.000000,64014.128428,4645.848970,65012.265647,4779.844743,67008.540083,5051.965637
switching,phase_duration,80.0,engagement_g00_d0.5,5,63784.050688,1987.082324,98.207088,20.200000,82739.200000,4096.000000,64777.591850,4880.556327,65771.133012,5017.188617,67758.215336,5293.710832
switching,phase_duration,80.0,engagement_g00_d1.0,5,65571.872602,1994.958160,99.747908,20.000000,81920.000000,4096.000000,66569.351682,5499.279757,67566.830762,5638.978619,69561.788921,5921.950077
switching,phase_duration,80.0,engagement_g00_d10.0,5,95862.628107,1965.662420,99.494521,19.800000,81100.800000,4096.000000,96845.459317,8728.478923,97828.290527,8858.657003,99793.952947,9119.801689
switching,phase_duration,80.0,engagement_g00_d2.0,5,69136.403517,1965.662420,99.494521,19.800000,81100.800000,4096.000000,70119.234728,6029.147439,71102.065937,6144.914652,73067.728357,6379.243711
switching,phase_duration,80.0,engagement_g00_d5.0,5,78989.689518,1965.662420,99.494521,19.800000,81100.800000,4096.000000,79972.520728,6297.425135,80955.351938,6422.706862,82921.014358,6674.909993
switching,phase_duration,80.0,engagement_g05_d0.0,5,60686.387513,2072.346142,97.591954,21.200000,86835.200000,4096.000000,61722.560585,4947.557812,62758.733655,5078.676866,64831.079798,5346.721330
switching,phase_duration,80.0,engagement_g05_d0.25,5,63155.571648,2004.150273,99.207467,20.200000,82739.200000,4096.000000,64157.646784,4780.139814,65159.721920,4923.436279,67163.872193,5213.759062
switching,phase_duration,80.0,engagement_g05_d0.5,5,63946.473760,1994.958160,99.747908,20.000000,81920.000000,4096.000000,64943.952840,5150.259034,65941.431919,5295.075661,67936.390079,5587.714323
switching,phase_duration,80.0,engagement_g05_d1.0,5,65571.872602,1994.958160,99.747908,20.000000,81920.000000,4096.000000,66569.351682,5499.279757,67566.830762,5638.978619,69561.788921,5921.950077
switching,phase_duration,80.0,engagement_g05_d10.0,5,95889.321089,1965.662420,99.494521,19.800000,81100.800000,4096.000000,96872.152299,8718.308203,97854.983509,8848.718658,99820.645929,9110.308974
switching,phase_duration,80.0,engagement_g05_d2.0,5,69136.403517,1965.662420,99.494521,19.800000,81100.800000,4096.000000,70119.234728,6029.147439,71102.065937,6144.914652,73067.728357,6379.243711
switching,phase_duration,80.0,engagement_g05_d5.0,5,78989.689518,1965.662420,99.494521,19.800000,81100.800000,4096.000000,79972.520728,6297.425135,80955.351938,6422.706862,82921.014358,6674.909993
switching,phase_duration,80.0,naive_target_aware,5,60295.242534,2090.942575,97.394494,21.400000,87654.400000,4096.000000,61340.713821,4681.431361,62386.185109,4833.166744,64477.127683,5141.805769
switching,phase_duration,80.0,nearest,5,273837.612371,1162.968080,99.087764,9.000000,36864.000000,4096.000000,274419.096411,30689.104187,275000.580451,30645.355479,276163.548530,30628.403070
switching,phase_duration,80.0,oracle_a0.5,5,19585.810182,25941.457973,35.079496,739.400000,3028582.400000,4096.000000,32556.539169,1926.717977,45527.268156,2983.981122,71468.726129,5117.513354
switching,phase_duration,80.0,oracle_a1,5,28591.287457,11926.129438,25.312183,472.600000,1935769.600000,4096.000000,34554.352177,2278.644138,40517.416896,2370.204050,52443.546334,2556.506213
switching,phase_duration,80.0,oracle_a2,5,37923.104083,5335.608875,20.373588,263.000000,1077248.000000,4096.000000,40590.908521,2272.610061,43258.712958,2359.203189,48594.321833,2605.092812
switching,phase_duration,80.0,static,5,289189.246209,0.000000,,0.000000,0.000000,,289189.246209,32772.716479,289189.246209,32772.716479,289189.246209,32772.716479
