phase_duration,policy_id,total_requests_mean,total_requests_std,self_service_count_mean,self_service_count_std,self_service_rate_mean,self_service_rate_std,mean_rtt_remote_ms_mean,mean_rtt_remote_ms_std,mean_rtt_all_ms_mean,mean_rtt_all_ms_std,measured_mean_latency_ms_mean,measured_mean_latency_ms_std,predicted_mean_latency_ms_mean,predicted_mean_latency_ms_std,abs_error_ms_mean,abs_error_ms_std,rel_error_mean,rel_error_std
2.0,engagement_g00_d0.0,3009.800000,60.948339,341.600000,26.101724,0.113438,0.007361,107.089065,7.260420,94.928069,6.224748,96.928069,6.224748,96.928069,6.224748,0.000000,0.000000,0.000000,0.000000
2.0,engagement_g00_d0.25,3009.800000,60.948339,132.600000,7.700649,0.044068,0.002631,106.749541,6.494084,102.038686,6.082963,104.038686,6.082963,104.038686,6.082963,0.000000,0.000000,0.000000,0.000000
2.0,engagement_g00_d0.5,3009.800000,60.948339,85.600000,9.476286,0.028463,0.003312,106.644546,6.300704,103.602571,6.000024,105.602571,6.000024,105.602571,6.000024,0.000000,0.000000,0.000000,0.000000
2.0,engagement_g00_d1.0,3009.800000,60.948339,40.000000,4.636809,0.013286,0.001479,106.145507,5.738461,104.735851,5.678792,106.735851,5.678792,106.735851,5.678792,0.000000,0.000000,0.000000,0.000000
2.0,engagement_g00_d10.0,3009.800000,60.948339,147.000000,8.455767,0.048874,0.003274,101.036259,3.911986,96.097755,3.716147,98.097755,3.716147,98.097755,3.716147,0.000000,0.000000,0.000000,0.000000
2.0,engagement_g00_d2.0,3009.800000,60.948339,26.400000,3.646917,0.008789,0.001348,103.978262,4.336701,103.065586,4.338589,105.065586,4.338589,105.065586,4.338589,0.000000,0.000000,0.000000,0.000000
2.0,engagement_g00_d5.0,3009.800000,60.948339,95.000000,21.189620,0.031500,0.006621,101.616466,3.443061,98.416667,3.439698,100.416667,3.439698,100.416667,3.439698,0.000000,0.000000,0.000000,0.000000
2.0,engagement_g05_d0.0,3009.800000,60.948339,207.600000,16.831518,0.068957,0.005088,104.512380,4.503873,97.293480,3.869633,99.293480,3.869633,99.293480,3.869633,0.000000,0.000000,0.000000,0.000000
2.0,engagement_g05_d0.25,3009.800000,60.948339,118.800000,13.791302,0.039509,0.004832,104.357468,4.622009,100.219793,4.051157,102.219793,4.051157,102.219793,4.051157,0.000000,0.000000,0.000000,0.000000
2.0,engagement_g05_d0.5,3009.800000,60.948339,81.800000,11.278298,0.027212,0.003947,104.255693,4.561850,101.408063,4.153315,103.408063,4.153315,103.408063,4.153315,0.000000,0.000000,0.000000,0.000000
2.0,engagement_g05_d1.0,3009.800000,60.948339,42.800000,8.467585,0.014238,0.002900,104.063704,3.804696,102.580555,3.718896,104.580555,3.718896,104.580555,3.718896,0.000000,0.000000,0.000000,0.000000
2.0,engagement_g05_d10.0,3009.800000,60.948339,148.000000,6.442049,0.049199,0.002582,101.314519,3.911893,96.330865,3.755354,98.330865,3.755354,98.330865,3.755354,0.000000,0.000000,0.000000,0.000000
2.0,engagement_g05_d2.0,3009.800000,60.948339,29.600000,8.561542,0.009867,0.002987,104.005246,2.815138,102.978095,2.766249,104.978095,2.766249,104.978095,2.766249,0.000000,0.000000,0.000000,0.000000
2.0,engagement_g05_d5.0,3009.800000,60.948339,142.000000,18.493242,0.047261,0.006814,103.021537,5.178267,98.144803,4.774468,100.144803,4.774468,100.144803,4.774468,0.000000,0.000000,0.000000,0.000000
2.0,naive_target_aware,3009.800000,60.948339,341.600000,26.101724,0.113438,0.007361,107.089065,7.260420,94.928069,6.224748,96.928069,6.224748,96.928069,6.224748,0.000000,0.000000,0.000000,0.000000
2.0,nearest,3009.800000,60.948339,158.200000,10.940750,0.052560,0.003461,99.038851,3.955626,93.829420,3.634662,95.829420,3.634662,95.829420,3.634662,0.000000,0.000000,0.000000,0.000000
2.0,oracle_a1,3009.800000,60.948339,1994.000000,81.280379,0.662402,0.019800,30.485203,2.246665,10.267617,0.574346,12.267617,0.574346,12.267617,0.574346,0.000000,0.000000,0.000000,0.000000
2.0,static,3009.800000,60.948339,148.000000,6.442049,0.049199,0.002582,101.314519,3.911893,96.330865,3.755354,98.330865,3.755354,98.330865,3.755354,0.000000,0.000000,0.000000,0.000000
5.0,engagement_g00_d0.0,3009.800000,60.948339,1145.600000,52.386067,0.380470,0.009815,106.015988,9.217211,65.698849,6.005107,67.698849,6.005107,67.698849,6.005107,0.000000,0.000000,0.000000,0.000000
5.0,engagement_g00_d0.25,3009.800000,60.948339,809.400000,39.959980,0.268797,0.007873,106.311980,9.308753,77.759524,7.121309,79.759524,7.121309,79.759524,7.121309,0.000000,0.000000,0.000000,0.000000
5.0,engagement_g00_d0.5,3009.800000,60.948339,700.800000,44.324937,0.232691,0.010337,106.473151,8.957201,81.727650,7.304608,83.727650,7.304608,83.727650,7.304608,0.000000,0.000000,0.000000,0.000000
5.0,engagement_g00_d1.0,3009.800000,60.948339,514.200000,26.808581,0.170780,0.006389,106.815039,8.998137,88.597845,7.794748,90.597845,7.794748,90.597845,7.794748,0.000000,0.000000,0.000000,0.000000
5.0,engagement_g00_d10.0,3009.800000,60.948339,134.000000,9.300538,0.044495,0.002400,103.722467,4.725800,99.116106,4.753981,101.116106,4.753981,101.116106,4.753981,0.000000,0.000000,0.000000,0.000000
5.0,engagement_g00_d2.0,3009.800000,60.948339,214.200000,28.621670,0.071188,0.009557,106.930600,8.747059,99.360080,8.772904,101.360080,8.772904,101.360080,8.772904,0.000000,0.000000,0.000000,0.000000
5.0,engagement_g00_d5.0,3009.800000,60.948339,29.400000,6.655825,0.009783,0.002302,106.435734,5.524284,105.401953,5.649525,107.401953,5.649525,107.401953,5.649525,0.000000,0.000000,0.000000,0.000000
5.0,engagement_g05_d0.0,3009.800000,60.948339,1085.000000,58.813264,0.360299,0.012495,106.337728,8.677346,68.044869,5.937222,70.044869,5.937222,70.044869,5.937222,0.000000,0.000000,0.000000,0.000000
5.0,engagement_g05_d0.25,3009.800000,60.948339,802.600000,41.967845,0.266527,0.008592,106.659396,8.941790,78.257331,6.916969,80.257331,6.916969,80.257331,6.916969,0.000000,0.000000,0.000000,0.000000
5.0,engagement_g05_d0.5,3009.800000,60.948339,696.200000,45.784277,0.231155,0.010869,106.873466,8.767983,82.199377,7.197536,84.199377,7.197536,84.199377,7.197536,0.000000,0.000000,0.000000,0.000000
5.0,engagement_g05_d1.0,3009.800000,60.948339,512.800000,27.985711,0.170307,0.006682,107.082231,8.977948,88.870485,7.788262,90.870485,7.788262,90.870485,7.788262,0.000000,0.000000,0.000000,0.000000
5.0,engagement_g05_d10.0,3009.800000,60.948339,141.000000,12.247449,0.046857,0.004100,102.643417,3.443414,97.837810,3.451188,99.837810,3.451188,99.837810,3.451188,0.000000,0.000000,0.000000,0.000000
5.0,engagement_g05_d2.0,3009.800000,60.948339,214.200000,29.218145,0.071180,0.009680,107.260608,8.378400,99.665597,8.430215,101.665597,8.430215,101.665597,8.430215,0.000000,0.000000,0.000000,0.000000
5.0,engagement_g05_d5.0,3009.800000,60.948339,30.000000,7.000000,0.009989,0.002453,106.674398,5.248212,105.613107,5.312460,107.613107,5.312460,107.613107,5.312460,0.000000,0.000000,0.000000,0.000000
5.0,naive_target_aware,3009.800000,60.948339,1145.600000,52.386067,0.380470,0.009815,106.015988,9.217211,65.698849,6.005107,67.698849,6.005107,67.698849,6.005107,0.000000,0.000000,0.000000,0.000000
5.0,nearest,3009.800000,60.948339,141.800000,13.026895,0.047111,0.004145,99.639478,4.239797,94.945350,4.048085,96.945350,4.048085,96.945350,4.048085,0.000000,0.000000,0.000000,0.000000
5.0,oracle_a1,3009.800000,60.948339,2311.400000,80.596526,0.767823,0.014929,34.759191,2.282289,8.065571,0.684067,10.065571,0.684067,10.065571,0.684067,0.000000,0.000000,0.000000,0.000000
5.0,static,3009.800000,60.948339,142.800000,10.802777,0.047442,0.003436,102.540321,3.461668,97.679474,3.458060,99.679474,3.458060,99.679474,3.458060,0.000000,0.000000,0.000000,0.000000
10.0,engagement_g00_d0.0,3009.800000,60.948339,1842.400000,65.671912,0.611988,0.009986,106.056250,8.591546,41.181556,3.899503,43.181556,3.899503,43.181556,3.899503,0.000000,0.000000,0.000000,0.000000
10.0,engagement_g00_d0.25,3009.800000,60.948339,1647.200000,55.391335,0.547172,0.008378,105.968139,9.080071,48.033588,4.805248,50.033588,4.805248,50.033588,4.805248,0.000000,0.000000,0.000000,0.000000
10.0,engagement_g00_d0.5,3009.800000,60.948339,1581.400000,54.104528,0.525318,0.008981,105.807696,8.953507,50.257791,4.794857,52.257791,4.794857,52.257791,4.794857,0.000000,0.000000,0.000000,0.000000
10.0,engagement_g00_d1.0,3009.800000,60.948339,1460.600000,43.304734,0.485247,0.008401,105.768708,9.325618,54.453642,5.031714,56.453642,5.031714,56.453642,5.031714,0.000000,0.000000,0.000000,0.000000
10.0,engagement_g00_d10.0,3009.800000,60.948339,24.400000,8.414274,0.008105,0.002828,106.835114,5.974499,105.971187,5.985123,107.971187,5.985123,107.971187,5.985123,0.000000,0.000000,0.000000,0.000000
10.0,engagement_g00_d2.0,3009.800000,60.948339,1212.200000,34.679965,0.402762,0.008956,105.874767,9.462764,63.228867,5.721511,65.228867,5.721511,65.228867,5.721511,0.000000,0.000000,0.000000,0.000000
10.0,engagement_g00_d5.0,3009.800000,60.948339,472.600000,35.948574,0.156939,0.010019,105.091859,10.141024,88.589815,8.515764,90.589815,8.515764,90.589815,8.515764,0.000000,0.000000,0.000000,0.000000
10.0,engagement_g05_d0.0,3009.800000,60.948339,1814.800000,69.887052,0.602796,0.011703,105.882054,8.904998,42.085523,4.120585,44.085523,4.120585,44.085523,4.120585,0.000000,0.000000,0.000000,0.000000
10.0,engagement_g05_d0.25,3009.800000,60.948339,1643.400000,55.029992,0.545911,0.008260,105.934058,9.370389,48.149610,4.906500,50.149610,4.906500,50.149610,4.906500,0.000000,0.000000,0.000000,0.000000
10.0,engagement_g05_d0.5,3009.800000,60.948339,1578.600000,54.353473,0.524388,0.009199,105.756568,9.313648,50.331742,4.963942,52.331742,4.963942,52.331742,4.963942,0.000000,0.000000,0.000000,0.000000
10.0,engagement_g05_d1.0,3009.800000,60.948339,1458.600000,43.866844,0.484582,0.008668,105.658588,9.539578,54.466415,5.139819,56.466415,5.139819,56.466415,5.139819,0.000000,0.000000,0.000000,0.000000
10.0,engagement_g05_d10.0,3009.800000,60.948339,24.000000,9.695360,0.007986,0.003297,106.265461,5.343374,105.412553,5.216195,107.412553,5.216195,107.412553,5.216195,0.000000,0.000000,0.000000,0.000000
10.0,engagement_g05_d2.0,3009.800000,60.948339,1212.000000,34.583233,0.402697,0.008991,105.775244,9.674568,63.174876,5.831168,65.174876,5.831168,65.174876,5.831168,0.000000,0.000000,0.000000,0.000000
10.0,engagement_g05_d5.0,3009.800000,60.948339,472.200000,36.656514,0.156804,0.010263,104.870462,10.174018,88.419722,8.581711,90.419722,8.581711,90.419722,8.581711,0.000000,0.000000,0.000000,0.000000
10.0,naive_target_aware,3009.800000,60.948339,1842.400000,65.671912,0.611988,0.009986,106.056250,8.591546,41.181556,3.899503,43.181556,3.899503,43.181556,3.899503,0.000000,0.000000,0.000000,0.000000
10.0,nearest,3009.800000,60.948339,158.800000,11.454257,0.052803,0.004344,97.806292,5.731163,92.628603,5.162581,94.628603,5.162581,94.628603,5.162581,0.000000,0.000000,0.000000,0.000000
10.0,oracle_a1,3009.800000,60.948339,2404.200000,79.597111,0.798694,0.015883,39.029869,2.974794,7.853679,0.860522,9.853679,0.860522,9.853679,0.860522,0.000000,0.000000,0.000000,0.000000
10.0,static,3009.800000,60.948339,161.200000,10.401923,0.053589,0.003885,100.911810,4.607162,95.494506,4.105796,97.494506,4.105796,97.494506,4.105796,0.000000,0.000000,0.000000,0.000000
20.0,engagement_g00_d0.0,3009.800000,60.948339,2212.000000,66.610810,0.734825,0.008327,104.257126,7.720314,27.659360,2.409533,29.659360,2.409533,29.659360,2.409533,0.000000,0.000000,0.000000,0.000000
20.0,engagement_g00_d0.25,3009.800000,60.948339,2113.200000,59.238501,0.702027,0.006729,104.147402,8.402400,31.045490,2.775649,33.045490,2.775649,33.045490,2.775649,0.000000,0.000000,0.000000,0.000000
20.0,engagement_g00_d0.5,3009.800000,60.948339,2084.400000,61.198856,0.692446,0.007669,104.255385,8.437980,32.077938,2.915779,34.077938,2.915779,34.077938,2.915779,0.000000,0.000000,0.000000,0.000000
20.0,engagement_g00_d1.0,3009.800000,60.948339,2026.600000,51.159554,0.673300,0.006870,104.301106,8.684117,34.073679,2.931326,36.073679,2.931326,36.073679,2.931326,0.000000,0.000000,0.000000,0.000000
20.0,engagement_g00_d10.0,3009.800000,60.948339,894.200000,52.418508,0.296929,0.011843,105.147414,9.913884,73.952955,7.388045,75.952955,7.388045,75.952955,7.388045,0.000000,0.000000,0.000000,0.000000
20.0,engagement_g00_d2.0,3009.800000,60.948339,1905.800000,48.261786,0.633189,0.008941,104.717795,8.756120,38.410753,3.350866,40.410753,3.350866,40.410753,3.350866,0.000000,0.000000,0.000000,0.000000
20.0,engagement_g00_d5.0,3009.800000,60.948339,1523.800000,61.095826,0.506165,0.012677,104.557152,9.499515,51.630853,4.855954,53.630853,4.855954,53.630853,4.855954,0.000000,0.000000,0.000000,0.000000
20.0,engagement_g05_d0.0,3009.800000,60.948339,2195.800000,68.371778,0.729435,0.009294,103.985722,7.979028,28.147663,2.545537,30.147663,2.545537,30.147663,2.545537,0.000000,0.000000,0.000000,0.000000
20.0,engagement_g05_d0.25,3009.800000,60.948339,2111.200000,59.259598,0.701363,0.006919,104.212546,8.477691,31.132892,2.793095,33.132892,2.793095,33.132892,2.793095,0.000000,0.000000,0.000000,0.000000
20.0,engagement_g05_d0.5,3009.800000,60.948339,2083.000000,61.379964,0.691982,0.007906,104.386683,8.575658,32.167506,2.977287,34.167506,2.977287,34.167506,2.977287,0.000000,0.000000,0.000000,0.000000
20.0,engagement_g05_d1.0,3009.800000,60.948339,2025.800000,50.987253,0.673036,0.006903,104.313338,8.697997,34.104455,2.926969,36.104455,2.926969,36.104455,2.926969,0.000000,0.000000,0.000000,0.000000
20.0,engagement_g05_d10.0,3009.800000,60.948339,894.000000,52.559490,0.296861,0.011868,105.140610,9.907795,73.955764,7.390591,75.955764,7.390591,75.955764,7.390591,0.000000,0.000000,0.000000,0.000000
20.0,engagement_g05_d2.0,3009.800000,60.948339,1905.800000,48.261786,0.633189,0.008941,104.717795,8.756120,38.410753,3.350866,40.410753,3.350866,40.410753,3.350866,0.000000,0.000000,0.000000,0.000000
20.0,engagement_g05_d5.0,3009.800000,60.948339,1523.800000,61.095826,0.506165,0.012677,104.557152,9.499515,51.630853,4.855954,53.630853,4.855954,53.630853,4.855954,0.000000,0.000000,0.000000,0.000000
20.0,naive_target_aware,3009.800000,60.948339,2212.000000,66.610810,0.734825,0.008327,104.257126,7.720314,27.659360,2.409533,29.659360,2.409533,29.659360,2.409533,0.000000,0.000000,0.000000,0.000000
20.0,nearest,3009.800000,60.948339,141.400000,39.828382,0.047091,0.013836,97.255915,4.365904,92.642650,3.370941,94.642650,3.370941,94.642650,3.370941,0.000000,0.000000,0.000000,0.000000
20.0,oracle_a1,3009.800000,60.948339,2469.200000,69.672089,0.820294,0.008407,41.463969,3.238030,7.451553,0.688106,9.451553,0.688106,9.451553,0.688106,0.000000,0.000000,0.000000,0.000000
20.0,static,3009.800000,60.948339,153.000000,29.359837,0.050760,0.009058,101.000646,5.156266,95.873077,4.975063,97.873077,4.975063,97.873077,4.975063,0.000000,0.000000,0.000000,0.000000
40.0,engagement_g00_d0.0,3009.800000,60.948339,2382.000000,67.900663,0.791317,0.007653,102.577283,7.445450,21.431360,2.130522,23.431360,2.130522,23.431360,2.130522,0.000000,0.000000,0.000000,0.000000
40.0,engagement_g00_d0.25,3009.800000,60.948339,2331.400000,63.685163,0.774525,0.007158,103.023674,7.955928,23.256586,2.352435,25.256586,2.352435,25.256586,2.352435,0.000000,0.000000,0.000000,0.000000
40.0,engagement_g00_d0.5,3009.800000,60.948339,2316.000000,62.849025,0.769414,0.007377,102.980748,7.954984,23.772808,2.397816,25.772808,2.397816,25.772808,2.397816,0.000000,0.000000,0.000000,0.000000
40.0,engagement_g00_d1.0,3009.800000,60.948339,2282.200000,55.674949,0.758225,0.006943,102.812946,8.582828,24.884578,2.604156,26.884578,2.604156,26.884578,2.604156,0.000000,0.000000,0.000000,0.000000
40.0,engagement_g00_d10.0,3009.800000,60.948339,1670.800000,46.116158,0.555083,0.007518,103.065253,11.436394,45.862030,5.283189,47.862030,5.283189,47.862030,5.283189,0.000000,0.000000,0.000000,0.000000
40.0,engagement_g00_d2.0,3009.800000,60.948339,2215.600000,49.777505,0.736137,0.008307,102.864553,9.171068,27.167702,2.951817,29.167702,2.951817,29.167702,2.951817,0.000000,0.000000,0.000000,0.000000
40.0,engagement_g00_d5.0,3009.800000,60.948339,2013.200000,57.176918,0.668841,0.010416,102.851395,10.027973,34.071165,3.721132,36.071165,3.721132,36.071165,3.721132,0.000000,0.000000,0.000000,0.000000
40.0,engagement_g05_d0.0,3009.800000,60.948339,2374.400000,68.744454,0.788791,0.008472,102.607108,7.862861,21.699592,2.295250,23.699592,2.295250,23.699592,2.295250,0.000000,0.000000,0.000000,0.000000
40.0,engagement_g05_d0.25,3009.800000,60.948339,2330.200000,64.356041,0.774124,0.007470,103.206371,8.278887,23.342749,2.473273,25.342749,2.473273,25.342749,2.473273,0.000000,0.000000,0.000000,0.000000
40.0,engagement_g05_d0.5,3009.800000,60.948339,2315.000000,63.549194,0.769080,0.007749,103.219844,8.400349,23.867183,2.560821,25.867183,2.560821,25.867183,2.560821,0.000000,0.000000,0.000000,0.000000
40.0,engagement_g05_d1.0,3009.800000,60.948339,2281.800000,56.326725,0.758090,0.007232,102.883451,8.704350,24.917988,2.671378,26.917988,2.671378,26.917988,2.671378,0.000000,0.000000,0.000000,0.000000
40.0,engagement_g05_d10.0,3009.800000,60.948339,1670.600000,46.225534,0.555015,0.007461,103.057126,11.436471,45.865443,5.282736,47.865443,5.282736,47.865443,5.282736,0.000000,0.000000,0.000000,0.000000
40.0,engagement_g05_d2.0,3009.800000,60.948339,2215.600000,49.777505,0.736137,0.008307,102.864553,9.171068,27.167702,2.951817,29.167702,2.951817,29.167702,2.951817,0.000000,0.000000,0.000000,0.000000
40.0,engagement_g05_d5.0,3009.800000,60.948339,2013.200000,57.176918,0.668841,0.010416,102.851395,10.027973,34.071165,3.721132,36.071165,3.721132,36.071165,3.721132,0.000000,0.000000,0.000000,0.000000
40.0,naive_target_aware,3009.800000,60.948339,2382.000000,67.900663,0.791317,0.007653,102.577283,7.445450,21.431360,2.130522,23.431360,2.130522,23.431360,2.130522,0.000000,0.000000,0.000000,0.000000
40.0,nearest,3009.800000,60.948339,169.800000,34.332201,0.056576,0.012427,95.163366,8.252248,89.709875,6.787839,91.709875,6.787839,91.709875,6.787839,0.000000,0.000000,0.000000,0.000000
40.0,oracle_a1,3009.800000,60.948339,2488.000000,76.743078,0.826510,0.010851,43.362938,2.491600,7.524886,0.672867,9.524886,0.672867,9.524886,0.672867,0.000000,0.000000,0.000000,0.000000
40.0,static,3009.800000,60.948339,160.600000,65.869568,0.053357,0.022051,99.306362,8.812953,93.959815,7.981059,95.959815,7.981059,95.959815,7.981059,0.000000,0.000000,0.000000,0.000000
80.0,engagement_g00_d0.0,3009.800000,60.948339,2480.800000,69.747401,0.824145,0.007815,102.540927,6.811673,18.050495,1.733999,20.050495,1.733999,20.050495,1.733999,0.000000,0.000000,0.000000,0.000000
80.0,engagement_g00_d0.25,3009.800000,60.948339,2454.200000,66.428157,0.815321,0.006877,102.532685,6.697342,18.953659,1.720538,20.953659,1.720538,20.953659,1.720538,0.000000,0.000000,0.000000,0.000000
80.0,engagement_g00_d0.5,3009.800000,60.948339,2446.200000,65.663536,0.812669,0.007054,102.428345,6.734245,19.209164,1.796154,21.209164,1.796154,21.209164,1.796154,0.000000,0.000000,0.000000,0.000000
80.0,engagement_g00_d1.0,3009.800000,60.948339,2429.200000,61.058988,0.807048,0.006789,102.513391,7.608190,19.802492,1.977270,21.802492,1.977270,21.802492,1.977270,0.000000,0.000000,0.000000,0.000000
80.0,engagement_g00_d10.0,3009.800000,60.948339,2122.600000,50.446011,0.705212,0.006784,101.322586,9.923240,29.882871,3.213983,31.882871,3.213983,31.882871,3.213983,0.000000,0.000000,0.000000,0.000000
80.0,engagement_g00_d2.0,3009.800000,60.948339,2393.600000,59.154881,0.795235,0.007769,102.378426,7.840913,20.988331,2.171971,22.988331,2.171971,22.988331,2.171971,0.000000,0.000000,0.000000,0.000000
80.0,engagement_g00_d5.0,3009.800000,60.948339,2295.200000,56.992982,0.762542,0.007512,102.151047,8.421533,24.268749,2.360367,26.268749,2.360367,26.268749,2.360367,0.000000,0.000000,0.000000,0.000000
80.0,engagement_g05_d0.0,3009.800000,60.948339,2477.600000,70.914032,0.823077,0.008392,102.648867,7.035277,18.181850,1.839632,20.181850,1.839632,20.181850,1.839632,0.000000,0.000000,0.000000,0.000000
80.0,engagement_g05_d0.25,3009.800000,60.948339,2453.800000,66.518419,0.815188,0.006861,102.706355,6.894765,19.000600,1.766197,21.000600,1.766197,21.000600,1.766197,0.000000,0.000000,0.000000,0.000000
80.0,engagement_g05_d0.5,3009.800000,60.948339,2446.000000,65.707686,0.812602,0.007045,102.670229,7.102942,19.263940,1.886430,21.263940,1.886430,21.263940,1.886430,0.000000,0.000000,0.000000,0.000000
80.0,engagement_g05_d1.0,3009.800000,60.948339,2429.200000,61.058988,0.807048,0.006789,102.513391,7.608190,19.802492,1.977270,21.802492,1.977270,21.802492,1.977270,0.000000,0.000000,0.000000,0.000000
80.0,engagement_g05_d10.0,3009.800000,60.948339,2122.400000,50.545029,0.705144,0.006680,101.329712,9.925080,29.891929,3.213054,31.891929,3.213054,31.891929,3.213054,0.000000,0.000000,0.000000,0.000000
80.0,engagement_g05_d2.0,3009.800000,60.948339,2393.600000,59.154881,0.795235,0.007769,102.378426,7.840913,20.988331,2.171971,22.988331,2.171971,22.988331,2.171971,0.000000,0.000000,0.000000,0.000000
80.0,engagement_g05_d5.0,3009.800000,60.948339,2295.200000,56.992982,0.762542,0.007512,102.151047,8.421533,24.268749,2.360367,26.268749,2.360367,26.268749,2.360367,0.000000,0.000000,0.000000,0.000000
80.0,naive_target_aware,3009.800000,60.948339,2480.800000,69.747401,0.824145,0.007815,102.540927,6.811673,18.050495,1.733999,20.050495,1.733999,20.050495,1.733999,0.000000,0.000000,0.000000,0.000000
80.0,nearest,3009.800000,60.948339,232.400000,64.678435,0.077167,0.021202,96.548581,11.954475,89.128132,11.664788,91.128132,11.664788,91.128132,11.664788,0.000000,0.000000,0.000000,0.000000
80.0,oracle_a1,3009.800000,60.948339,2494.200000,59.327060,0.828678,0.008864,43.756604,3.196468,7.507605,0.836393,9.507605,0.836393,9.507605,0.836393,0.000000,0.000000,0.000000,0.000000
80.0,static,3009.800000,60.948339,139.400000,71.709832,0.046378,0.024173,98.778310,12.463135,94.214608,12.209387,96.214608,12.209387,96.214608,12.209387,0.000000,0.000000,0.000000,0.000000
