phase_duration,seed,policy_id,total_requests,self_service_count,self_service_rate,mean_rtt_remote_ms,mean_rtt_all_ms,measured_mean_latency_ms,predicted_mean_latency_ms,abs_error_ms,rel_error
2.0,1,static,3072,152,0.049479,95.843976,91.101696,93.101696,93.101696,0.000000,0.000000
2.0,1,nearest,3072,165,0.053711,98.423639,93.137213,95.137213,95.137213,0.000000,0.000000
2.0,1,naive_target_aware,3072,346,0.112630,97.479927,86.500742,88.500742,88.500742,0.000000,0.000000
2.0,1,engagement_g00_d0.0,3072,346,0.112630,97.479927,86.500742,88.500742,88.500742,0.000000,0.000000
2.0,1,engagement_g00_d0.25,3072,123,0.040039,98.538259,94.592879,96.592879,96.592879,0.000000,0.000000
2.0,1,engagement_g00_d0.5,3072,71,0.023112,99.096719,96.806397,98.806397,98.806397,0.000000,0.000000
2.0,1,engagement_g00_d1.0,3072,37,0.012044,100.284469,99.076616,101.076616,101.076616,0.000000,0.000000
2.0,1,engagement_g00_d2.0,3072,24,0.007812,99.172582,98.397796,100.397796,100.397796,0.000000,0.000000
2.0,1,engagement_g00_d5.0,3072,126,0.041016,98.348743,94.314908,96.314908,96.314908,0.000000,0.000000
2.0,1,engagement_g00_d10.0,3072,152,0.049479,95.843976,91.101696,93.101696,93.101696,0.000000,0.000000
2.0,1,engagement_g05_d0.0,3072,198,0.064453,98.053439,91.733588,93.733588,93.733588,0.000000,0.000000
2.0,1,engagement_g05_d0.25,3072,95,0.030924,97.870243,94.843657,96.843657,96.843657,0.000000,0.000000
2.0,1,engagement_g05_d0.5,3072,62,0.020182,98.126345,96.145930,98.145930,98.145930,0.000000,0.000000
2.0,1,engagement_g05_d1.0,3072,31,0.010091,99.426248,98.422923,100.422923,100.422923,0.000000,0.000000
2.0,1,engagement_g05_d2.0,3072,24,0.007812,99.643707,98.865241,100.865241,100.865241,0.000000,0.000000
2.0,1,engagement_g05_d5.0,3072,146,0.047526,94.707197,90.206139,92.206139,92.206139,0.000000,0.000000
2.0,1,engagement_g05_d10.0,3072,152,0.049479,95.843976,91.101696,93.101696,93.101696,0.000000,0.000000
2.0,1,oracle_a1,3072,2070,0.673828,29.478399,9.615025,11.615025,11.615025,0.000000,0.000000
2.0,2,static,3076,138,0.044863,101.869986,97.299746,99.299746,99.299746,0.000000,0.000000
2.0,2,nearest,3076,165,0.053641,94.145541,89.095472,91.095472,91.095472,0.000000,0.000000
2.0,2,naive_target_aware,3076,370,0.120286,115.883998,101.944765,103.944765,103.944765,0.000000,0.000000
2.0,2,engagement_g00_d0.0,3076,370,0.120286,115.883998,101.944765,103.944765,103.944765,0.000000,0.000000
2.0,2,engagement_g00_d0.25,3076,140,0.045514,114.296894,109.094825,111.094825,111.094825,0.000000,0.000000
2.0,2,engagement_g00_d0.5,3076,91,0.029584,113.772897,110.407053,112.407053,112.407053,0.000000,0.000000
2.0,2,engagement_g00_d1.0,3076,44,0.014304,112.915269,111.300096,113.300096,113.300096,0.000000,0.000000
2.0,2,engagement_g00_d2.0,3076,22,0.007152,107.399322,106.631186,108.631186,108.631186,0.000000,0.000000
2.0,2,engagement_g00_d5.0,3076,96,0.031209,105.328445,102.041212,104.041212,104.041212,0.000000,0.000000
2.0,2,engagement_g00_d10.0,3076,133,0.043238,100.478690,96.134195,98.134195,98.134195,0.000000,0.000000
2.0,2,engagement_g05_d0.0,3076,233,0.075748,107.731785,99.571348,101.571348,101.571348,0.000000,0.000000
2.0,2,engagement_g05_d0.25,3076,131,0.042588,107.955473,103.357890,105.357890,105.357890,0.000000,0.000000
2.0,2,engagement_g05_d0.5,3076,90,0.029259,107.932547,104.774573,106.774573,106.774573,0.000000,0.000000
2.0,2,engagement_g05_d1.0,3076,46,0.014954,107.796573,106.184530,108.184530,108.184530,0.000000,0.000000
2.0,2,engagement_g05_d2.0,3076,22,0.007152,105.100030,104.348339,106.348339,106.348339,0.000000,0.000000
2.0,2,engagement_g05_d5.0,3076,118,0.038362,103.461129,99.492204,101.492204,101.492204,0.000000,0.000000
2.0,2,engagement_g05_d10.0,3076,138,0.044863,101.869986,97.299746,99.299746,99.299746,0.000000,0.000000
2.0,2,oracle_a1,3076,2012,0.654096,30.742657,10.634001,12.634001,12.634001,0.000000,0.000000
2.0,3,static,2993,155,0.051788,99.044086,93.914840,95.914840,95.914840,0.000000,0.000000
2.0,3,nearest,2993,139,0.046442,96.989589,92.485228,94.485228,94.485228,0.000000,0.000000
2.0,3,naive_target_aware,2993,356,0.118944,103.757676,91.416302,93.416302,93.416302,0.000000,0.000000
2.0,3,engagement_g00_d0.0,2993,356,0.118944,103.757676,91.416302,93.416302,93.416302,0.000000,0.000000
2.0,3,engagement_g00_d0.25,2993,141,0.047110,103.606602,98.725703,100.725703,100.725703,0.000000,0.000000
2.0,3,engagement_g00_d0.5,2993,96,0.032075,103.305750,99.992235,101.992235,101.992235,0.000000,0.000000
2.0,3,engagement_g00_d1.0,2993,45,0.015035,102.124975,100.589518,102.589518,102.589518,0.000000,0.000000
2.0,3,engagement_g00_d2.0,2993,29,0.009689,101.702352,100.716930,102.716930,102.716930,0.000000,0.000000
2.0,3,engagement_g00_d5.0,2993,79,0.026395,103.177197,100.453843,102.453843,102.453843,0.000000,0.000000
2.0,3,engagement_g00_d10.0,2993,155,0.051788,99.044086,93.914840,95.914840,95.914840,0.000000,0.000000
2.0,3,engagement_g05_d0.0,2993,208,0.069495,102.343793,95.231361,97.231361,97.231361,0.000000,0.000000
2.0,3,engagement_g05_d0.25,2993,123,0.041096,102.041387,97.847906,99.847906,99.847906,0.000000,0.000000
2.0,3,engagement_g05_d0.5,2993,86,0.028734,101.753257,98.829508,100.829508,100.829508,0.000000,0.000000
2.0,3,engagement_g05_d1.0,2993,50,0.016706,101.745480,100.045756,102.045756,102.045756,0.000000,0.000000
2.0,3,engagement_g05_d2.0,2993,33,0.011026,103.393622,102.253632,104.253632,104.253632,0.000000,0.000000
2.0,3,engagement_g05_d5.0,2993,128,0.042766,103.679852,99.245832,101.245832,101.245832,0.000000,0.000000
2.0,3,engagement_g05_d10.0,2993,155,0.051788,99.044086,93.914840,95.914840,95.914840,0.000000,0.000000
2.0,3,oracle_a1,2993,2069,0.691280,33.444257,10.324923,12.324923,12.324923,0.000000,0.000000
2.0,4,static,2947,147,0.049881,104.854325,99.624062,101.624062,101.624062,0.000000,0.000000
2.0,4,nearest,2947,162,0.054971,101.158615,95.597809,97.597809,97.597809,0.000000,0.000000
2.0,4,naive_target_aware,2947,335,0.113675,112.438849,99.657372,101.657372,101.657372,0.000000,0.000000
2.0,4,engagement_g00_d0.0,2947,335,0.113675,112.438849,99.657372,101.657372,101.657372,0.000000,0.000000
2.0,4,engagement_g00_d0.25,2947,129,0.043773,112.339478,107.422005,109.422005,109.422005,0.000000,0.000000
2.0,4,engagement_g00_d0.5,2947,83,0.028164,112.573529,109.402982,111.402982,111.402982,0.000000,0.000000
2.0,4,engagement_g00_d1.0,2947,34,0.011537,111.608581,110.320936,112.320936,112.320936,0.000000,0.000000
2.0,4,engagement_g00_d2.0,2947,26,0.008823,109.586766,108.619933,110.619933,110.619933,0.000000,0.000000
2.0,4,engagement_g00_d5.0,2947,72,0.024432,97.571276,95.187451,97.187451,97.187451,0.000000,0.000000
2.0,4,engagement_g00_d10.0,2947,147,0.049881,104.854325,99.624062,101.624062,101.624062,0.000000,0.000000
2.0,4,engagement_g05_d0.0,2947,211,0.071598,109.422155,101.587722,103.587722,103.587722,0.000000,0.000000
2.0,4,engagement_g05_d0.25,2947,122,0.041398,109.359110,104.831858,106.831858,106.831858,0.000000,0.000000
2.0,4,engagement_g05_d0.5,2947,84,0.028504,109.342360,106.225714,108.225714,108.225714,0.000000,0.000000
2.0,4,engagement_g05_d1.0,2947,37,0.012555,108.113872,106.756487,108.756487,108.756487,0.000000,0.000000
2.0,4,engagement_g05_d2.0,2947,26,0.008823,107.282987,106.336479,108.336479,108.336479,0.000000,0.000000
2.0,4,engagement_g05_d5.0,2947,158,0.053614,104.235544,98.647076,100.647076,100.647076,0.000000,0.000000
2.0,4,engagement_g05_d10.0,2947,147,0.049881,104.854325,99.624062,101.624062,101.624062,0.000000,0.000000
2.0,4,oracle_a1,2947,1895,0.643027,27.391295,9.777958,11.777958,11.777958,0.000000,0.000000
2.0,5,static,2961,148,0.049983,104.960220,99.713981,101.713981,101.713981,0.000000,0.000000
2.0,5,nearest,2961,160,0.054036,104.476871,98.831380,100.831380,100.831380,0.000000,0.000000
2.0,5,naive_target_aware,2961,301,0.101655,105.884875,95.121164,97.121164,97.121164,0.000000,0.000000
2.0,5,engagement_g00_d0.0,2961,301,0.101655,105.884875,95.121164,97.121164,97.121164,0.000000,0.000000
2.0,5,engagement_g00_d0.25,2961,130,0.043904,104.966473,100.358016,102.358016,102.358016,0.000000,0.000000
2.0,5,engagement_g00_d0.5,2961,87,0.029382,104.473835,101.404188,103.404188,103.404188,0.000000,0.000000
2.0,5,engagement_g00_d1.0,2961,40,0.013509,103.794243,102.392091,104.392091,104.392091,0.000000,0.000000
2.0,5,engagement_g00_d2.0,2961,31,0.010469,102.030287,100.962087,102.962087,102.962087,0.000000,0.000000
2.0,5,engagement_g00_d5.0,2961,102,0.034448,103.656669,100.085922,102.085922,102.085922,0.000000,0.000000
2.0,5,engagement_g00_d10.0,2961,148,0.049983,104.960220,99.713981,101.713981,101.713981,0.000000,0.000000
2.0,5,engagement_g05_d0.0,2961,188,0.063492,105.010728,98.343381,100.343381,100.343381,0.000000,0.000000
2.0,5,engagement_g05_d0.25,2961,123,0.041540,104.561125,100.217653,102.217653,102.217653,0.000000,0.000000
2.0,5,engagement_g05_d0.5,2961,87,0.029382,104.123954,101.064588,103.064588,103.064588,0.000000,0.000000
2.0,5,engagement_g05_d1.0,2961,50,0.016886,103.236348,101.493080,103.493080,103.493080,0.000000,0.000000
2.0,5,engagement_g05_d2.0,2961,43,0.014522,104.605882,103.086783,105.086783,105.086783,0.000000,0.000000
2.0,5,engagement_g05_d5.0,2961,160,0.054036,109.023962,103.132765,105.132765,105.132765,0.000000,0.000000
2.0,5,engagement_g05_d10.0,2961,148,0.049983,104.960220,99.713981,101.713981,101.713981,0.000000,0.000000
2.0,5,oracle_a1,2961,1924,0.649780,31.369408,10.986179,12.986179,12.986179,0.000000,0.000000
5.0,1,static,3072,148,0.048177,97.548618,92.849010,94.849010,94.849010,0.000000,0.000000
5.0,1,nearest,3072,132,0.042969,101.081440,96.738097,98.738097,98.738097,0.000000,0.000000
5.0,1,naive_target_aware,3072,1193,0.388346,90.328593,55.249813,57.249813,57.249813,0.000000,0.000000
5.0,1,engagement_g00_d0.0,3072,1193,0.388346,90.328593,55.249813,57.249813,57.249813,0.000000,0.000000
5.0,1,engagement_g00_d0.25,3072,853,0.277669,90.521935,65.386775,67.386775,67.386775,0.000000,0.000000
5.0,1,engagement_g00_d0.5,3072,749,0.243815,91.174237,68.944581,70.944581,70.944581,0.000000,0.000000
5.0,1,engagement_g00_d1.0,3072,550,0.179036,91.745345,75.319583,77.319583,77.319583,0.000000,0.000000
5.0,1,engagement_g00_d2.0,3072,249,0.081055,93.162939,85.611646,87.611646,87.611646,0.000000,0.000000
5.0,1,engagement_g00_d5.0,3072,31,0.010091,100.644868,99.629246,101.629246,101.629246,0.000000,0.000000
5.0,1,engagement_g00_d10.0,3072,148,0.048177,97.548618,92.849010,94.849010,94.849010,0.000000,0.000000
5.0,1,engagement_g05_d0.0,3072,1137,0.370117,91.608655,57.702717,59.702717,59.702717,0.000000,0.000000
5.0,1,engagement_g05_d0.25,3072,849,0.276367,91.534854,66.237624,68.237624,68.237624,0.000000,0.000000
5.0,1,engagement_g05_d0.5,3072,746,0.242839,91.902141,69.584759,71.584759,71.584759,0.000000,0.000000
5.0,1,engagement_g05_d1.0,3072,550,0.179036,92.033121,75.555837,77.555837,77.555837,0.000000,0.000000
5.0,1,engagement_g05_d2.0,3072,251,0.081706,94.086566,86.399154,88.399154,88.399154,0.000000,0.000000
5.0,1,engagement_g05_d5.0,3072,29,0.009440,99.047873,98.112850,100.112850,100.112850,0.000000,0.000000
5.0,1,engagement_g05_d10.0,3072,148,0.048177,97.548618,92.849010,94.849010,94.849010,0.000000,0.000000
5.0,1,oracle_a1,3072,2386,0.776693,32.660234,7.293268,9.293268,9.293268,0.000000,0.000000
5.0,2,static,3076,139,0.045189,101.845100,97.242867,99.242867,99.242867,0.000000,0.000000
5.0,2,nearest,3076,161,0.052341,94.898077,89.931045,91.931045,91.931045,0.000000,0.000000
5.0,2,naive_target_aware,3076,1208,0.392718,114.051006,69.261144,71.261144,71.261144,0.000000,0.000000
5.0,2,engagement_g00_d0.0,3076,1208,0.392718,114.051006,69.261144,71.261144,71.261144,0.000000,0.000000
5.0,2,engagement_g00_d0.25,3076,852,0.276983,114.643539,82.889217,84.889217,84.889217,0.000000,0.000000
5.0,2,engagement_g00_d0.5,3076,746,0.242523,114.372101,86.634264,88.634264,88.634264,0.000000,0.000000
5.0,2,engagement_g00_d1.0,3076,530,0.172302,115.588840,95.672687,97.672687,97.672687,0.000000,0.000000
5.0,2,engagement_g00_d2.0,3076,189,0.061443,117.309412,110.101519,112.101519,112.101519,0.000000,0.000000
5.0,2,engagement_g00_d5.0,3076,25,0.008127,112.946442,112.028477,114.028477,114.028477,0.000000,0.000000
5.0,2,engagement_g00_d10.0,3076,135,0.043888,103.295660,98.762203,100.762203,100.762203,0.000000,0.000000
5.0,2,engagement_g05_d0.0,3076,1154,0.375163,114.303409,71.421051,73.421051,73.421051,0.000000,0.000000
5.0,2,engagement_g05_d0.25,3076,846,0.275033,114.947595,83.333269,85.333269,85.333269,0.000000,0.000000
5.0,2,engagement_g05_d0.5,3076,742,0.241222,114.755875,87.074191,89.074191,89.074191,0.000000,0.000000
5.0,2,engagement_g05_d1.0,3076,530,0.172302,115.931822,95.956573,97.956573,97.956573,0.000000,0.000000
5.0,2,engagement_g05_d2.0,3076,190,0.061769,117.112872,109.878982,111.878982,111.878982,0.000000,0.000000
5.0,2,engagement_g05_d5.0,3076,25,0.008127,112.012265,111.101892,113.101892,113.101892,0.000000,0.000000
5.0,2,engagement_g05_d10.0,3076,130,0.042263,102.360578,98.034546,100.034546,100.034546,0.000000,0.000000
5.0,2,oracle_a1,3076,2369,0.770156,34.148108,7.848736,9.848736,9.848736,0.000000,0.000000
5.0,3,static,2993,159,0.053124,101.733080,96.328617,98.328617,98.328617,0.000000,0.000000
5.0,3,nearest,2993,130,0.043435,96.370264,92.184453,94.184453,94.184453,0.000000,0.000000
5.0,3,naive_target_aware,2993,1132,0.378216,106.032673,65.929437,67.929437,67.929437,0.000000,0.000000
5.0,3,engagement_g00_d0.0,2993,1132,0.378216,106.032673,65.929437,67.929437,67.929437,0.000000,0.000000
5.0,3,engagement_g00_d0.25,2993,792,0.264617,106.311451,78.179587,80.179587,80.179587,0.000000,0.000000
5.0,3,engagement_g00_d0.5,2993,681,0.227531,106.904606,82.580504,84.580504,84.580504,0.000000,0.000000
5.0,3,engagement_g00_d1.0,2993,499,0.166722,106.902598,89.079545,91.079545,91.079545,0.000000,0.000000
5.0,3,engagement_g00_d2.0,2993,201,0.067157,107.184722,99.986550,101.986550,101.986550,0.000000,0.000000
5.0,3,engagement_g00_d5.0,2993,23,0.007685,107.733214,106.905328,108.905328,108.905328,0.000000,0.000000
5.0,3,engagement_g00_d10.0,2993,136,0.045439,101.171725,96.574547,98.574547,98.574547,0.000000,0.000000
5.0,3,engagement_g05_d0.0,2993,1074,0.358837,106.681483,68.400189,70.400189,70.400189,0.000000,0.000000
5.0,3,engagement_g05_d0.25,2993,787,0.262947,106.822613,78.733941,80.733941,80.733941,0.000000,0.000000
5.0,3,engagement_g05_d0.5,2993,678,0.226529,107.523270,83.166178,85.166178,85.166178,0.000000,0.000000
5.0,3,engagement_g05_d1.0,2993,498,0.166388,107.653437,89.741171,91.741171,91.741171,0.000000,0.000000
5.0,3,engagement_g05_d2.0,2993,201,0.067157,107.734379,100.499293,102.499293,102.499293,0.000000,0.000000
5.0,3,engagement_g05_d5.0,2993,25,0.008353,108.447002,107.541164,109.541164,109.541164,0.000000,0.000000
5.0,3,engagement_g05_d10.0,2993,159,0.053124,101.733080,96.328617,98.328617,98.328617,0.000000,0.000000
5.0,3,oracle_a1,2993,2354,0.786502,37.555538,8.018038,10.018038,10.018038,0.000000,0.000000
5.0,4,static,2947,132,0.044791,105.157562,100.447417,102.447417,102.447417,0.000000,0.000000
5.0,4,nearest,2947,137,0.046488,100.177713,95.520657,97.520657,97.520657,0.000000,0.000000
5.0,4,naive_target_aware,2947,1101,0.373600,109.734159,68.737448,70.737448,70.737448,0.000000,0.000000
5.0,4,engagement_g00_d0.0,2947,1101,0.373600,109.734159,68.737448,70.737448,70.737448,0.000000,0.000000
5.0,4,engagement_g00_d0.25,2947,776,0.263319,110.203807,81.185091,83.185091,83.185091,0.000000,0.000000
5.0,4,engagement_g00_d0.5,2947,678,0.230064,110.025874,84.712830,86.712830,86.712830,0.000000,0.000000
5.0,4,engagement_g00_d1.0,2947,511,0.173397,110.424795,91.277503,93.277503,93.277503,0.000000,0.000000
5.0,4,engagement_g00_d2.0,2947,241,0.081778,109.876030,100.890580,102.890580,102.890580,0.000000,0.000000
5.0,4,engagement_g00_d5.0,2947,28,0.009501,110.033002,108.987558,110.987558,110.987558,0.000000,0.000000
5.0,4,engagement_g00_d10.0,2947,126,0.042755,107.146240,102.565165,104.565165,104.565165,0.000000,0.000000
5.0,4,engagement_g05_d0.0,2947,1040,0.352901,109.369162,70.772648,72.772648,72.772648,0.000000,0.000000
5.0,4,engagement_g05_d0.25,2947,768,0.260604,110.201481,81.482534,83.482534,83.482534,0.000000,0.000000
5.0,4,engagement_g05_d0.5,2947,673,0.228368,110.297771,85.109308,87.109308,87.109308,0.000000,0.000000
5.0,4,engagement_g05_d1.0,2947,508,0.172379,110.750199,91.659224,93.659224,93.659224,0.000000,0.000000
5.0,4,engagement_g05_d2.0,2947,240,0.081439,110.400398,101.409527,103.409527,103.409527,0.000000,0.000000
5.0,4,engagement_g05_d5.0,2947,29,0.009841,110.113850,109.030273,111.030273,111.030273,0.000000,0.000000
5.0,4,engagement_g05_d10.0,2947,132,0.044791,105.157562,100.447417,102.447417,102.447417,0.000000,0.000000
5.0,4,oracle_a1,2947,2226,0.755344,32.687117,7.997086,9.997086,9.997086,0.000000,0.000000
5.0,5,static,2961,136,0.045930,106.417247,101.529458,103.529458,103.529458,0.000000,0.000000
5.0,5,nearest,2961,149,0.050321,105.669894,100.352496,102.352496,102.352496,0.000000,0.000000
5.0,5,naive_target_aware,2961,1094,0.369470,109.933511,69.316402,71.316402,71.316402,0.000000,0.000000
5.0,5,engagement_g00_d0.0,2961,1094,0.369470,109.933511,69.316402,71.316402,71.316402,0.000000,0.000000
5.0,5,engagement_g00_d0.25,2961,774,0.261398,109.879166,81.156952,83.156952,83.156952,0.000000,0.000000
5.0,5,engagement_g00_d0.5,2961,650,0.219520,109.888937,85.766070,87.766070,87.766070,0.000000,0.000000
5.0,5,engagement_g00_d1.0,2961,481,0.162445,109.413617,91.639909,93.639909,93.639909,0.000000,0.000000
5.0,5,engagement_g00_d2.0,2961,191,0.064505,107.119899,100.210104,102.210104,102.210104,0.000000,0.000000
5.0,5,engagement_g00_d5.0,2961,40,0.013509,100.821143,99.459155,101.459155,101.459155,0.000000,0.000000
5.0,5,engagement_g00_d10.0,2961,125,0.042215,109.450091,104.829604,106.829604,106.829604,0.000000,0.000000
5.0,5,engagement_g05_d0.0,2961,1020,0.344478,109.725933,71.927739,73.927739,73.927739,0.000000,0.000000
5.0,5,engagement_g05_d0.25,2961,763,0.257683,109.790438,81.499285,83.499285,83.499285,0.000000,0.000000
5.0,5,engagement_g05_d0.5,2961,642,0.216819,109.888273,86.062447,88.062447,88.062447,0.000000,0.000000
5.0,5,engagement_g05_d1.0,2961,478,0.161432,109.042577,91.439621,93.439621,93.439621,0.000000,0.000000
5.0,5,engagement_g05_d2.0,2961,189,0.063830,106.968824,100.141027,102.141027,102.141027,0.000000,0.000000
5.0,5,engagement_g05_d5.0,2961,42,0.014184,103.751002,102.279357,104.279357,104.279357,0.000000,0.000000
5.0,5,engagement_g05_d10.0,2961,136,0.045930,106.417247,101.529458,103.529458,103.529458,0.000000,0.000000
5.0,5,oracle_a1,2961,2222,0.750422,36.744959,9.170728,11.170728,11.170728,0.000000,0.000000
10.0,1,static,3072,163,0.053060,95.296726,90.240291,92.240291,92.240291,0.000000,0.000000
10.0,1,nearest,3072,161,0.052409,98.451809,93.292062,95.292062,95.292062,0.000000,0.000000
10.0,1,naive_target_aware,3072,1903,0.619466,92.137405,35.061402,37.061402,37.061402,0.000000,0.000000
10.0,1,engagement_g00_d0.0,3072,1903,0.619466,92.137405,35.061402,37.061402,37.061402,0.000000,0.000000
10.0,1,engagement_g00_d0.25,3072,1711,0.556966,90.933690,40.286703,42.286703,42.286703,0.000000,0.000000
10.0,1,engagement_g00_d0.5,3072,1630,0.530599,90.933888,42.684462,44.684462,44.684462,0.000000,0.000000
10.0,1,engagement_g00_d1.0,3072,1487,0.484049,90.075142,46.474316,48.474316,48.474316,0.000000,0.000000
10.0,1,engagement_g00_d2.0,3072,1226,0.399089,89.782597,53.951391,55.951391,55.951391,0.000000,0.000000
10.0,1,engagement_g00_d5.0,3072,477,0.155273,88.036144,74.366469,76.366469,76.366469,0.000000,0.000000
10.0,1,engagement_g00_d10.0,3072,24,0.007812,98.381890,97.613281,99.613281,99.613281,0.000000,0.000000
10.0,1,engagement_g05_d0.0,3072,1873,0.609701,91.421594,35.681801,37.681801,37.681801,0.000000,0.000000
10.0,1,engagement_g05_d0.25,3072,1704,0.554688,90.429100,40.269208,42.269208,42.269208,0.000000,0.000000
10.0,1,engagement_g05_d0.5,3072,1625,0.528971,90.296497,42.532237,44.532237,44.532237,0.000000,0.000000
10.0,1,engagement_g05_d1.0,3072,1484,0.483073,89.566039,46.299111,48.299111,48.299111,0.000000,0.000000
10.0,1,engagement_g05_d2.0,3072,1225,0.398763,89.284985,53.681435,55.681435,55.681435,0.000000,0.000000
10.0,1,engagement_g05_d5.0,3072,477,0.155273,87.641409,74.033026,76.033026,76.033026,0.000000,0.000000
10.0,1,engagement_g05_d10.0,3072,18,0.005859,97.414010,96.843225,98.843225,98.843225,0.000000,0.000000
10.0,1,oracle_a1,3072,2460,0.800781,37.712721,7.513081,9.513081,9.513081,0.000000,0.000000
10.0,2,static,3076,159,0.051691,100.928928,95.711860,97.711860,97.711860,0.000000,0.000000
10.0,2,nearest,3076,144,0.046814,90.104026,85.885892,87.885892,87.885892,0.000000,0.000000
10.0,2,naive_target_aware,3076,1915,0.622562,112.395879,42.422502,44.422502,44.422502,0.000000,0.000000
10.0,2,engagement_g00_d0.0,3076,1915,0.622562,112.395879,42.422502,44.422502,44.422502,0.000000,0.000000
10.0,2,engagement_g00_d0.25,3076,1692,0.550065,111.465399,50.152182,52.152182,52.152182,0.000000,0.000000
10.0,2,engagement_g00_d0.5,3076,1635,0.531534,111.091606,52.042589,54.042589,54.042589,0.000000,0.000000
10.0,2,engagement_g00_d1.0,3076,1506,0.489597,110.965465,56.637119,58.637119,58.637119,0.000000,0.000000
10.0,2,engagement_g00_d2.0,3076,1243,0.404096,111.410217,66.389769,68.389769,68.389769,0.000000,0.000000
10.0,2,engagement_g00_d5.0,3076,523,0.170026,112.423858,93.308878,95.308878,95.308878,0.000000,0.000000
10.0,2,engagement_g00_d10.0,3076,27,0.008778,110.099245,109.132834,111.132834,111.132834,0.000000,0.000000
10.0,2,engagement_g05_d0.0,3076,1898,0.617035,112.296685,43.005687,45.005687,45.005687,0.000000,0.000000
10.0,2,engagement_g05_d0.25,3076,1691,0.549740,111.474147,50.192358,52.192358,52.192358,0.000000,0.000000
10.0,2,engagement_g05_d0.5,3076,1634,0.531209,111.100268,52.082765,54.082765,54.082765,0.000000,0.000000
10.0,2,engagement_g05_d1.0,3076,1505,0.489272,110.973496,56.677296,58.677296,58.677296,0.000000,0.000000
10.0,2,engagement_g05_d2.0,3076,1243,0.404096,111.410217,66.389769,68.389769,68.389769,0.000000,0.000000
10.0,2,engagement_g05_d5.0,3076,523,0.170026,111.657807,92.673076,94.673076,94.673076,0.000000,0.000000
10.0,2,engagement_g05_d10.0,3076,26,0.008453,107.210936,106.304731,108.304731,108.304731,0.000000,0.000000
10.0,2,oracle_a1,3076,2469,0.802666,38.217524,7.541625,9.541625,9.541625,0.000000,0.000000
10.0,3,static,2993,146,0.048780,97.544912,92.786623,94.786623,94.786623,0.000000,0.000000
10.0,3,nearest,2993,165,0.055129,94.202053,89.008822,91.008822,91.008822,0.000000,0.000000
10.0,3,naive_target_aware,2993,1837,0.613765,103.504273,39.976926,41.976926,41.976926,0.000000,0.000000
10.0,3,engagement_g00_d0.0,2993,1837,0.613765,103.504273,39.976926,41.976926,41.976926,0.000000,0.000000
10.0,3,engagement_g00_d0.25,2993,1649,0.550952,103.874511,46.644618,48.644618,48.644618,0.000000,0.000000
10.0,3,engagement_g00_d0.5,2993,1588,0.530571,103.881912,48.765148,50.765148,50.765148,0.000000,0.000000
10.0,3,engagement_g00_d1.0,2993,1472,0.491814,104.387632,53.048309,55.048309,55.048309,0.000000,0.000000
10.0,3,engagement_g00_d2.0,2993,1225,0.409288,104.916881,61.975625,63.975625,63.975625,0.000000,0.000000
10.0,3,engagement_g00_d5.0,2993,466,0.155697,103.735854,87.584532,89.584532,89.584532,0.000000,0.000000
10.0,3,engagement_g00_d10.0,2993,19,0.006348,104.123197,103.462208,105.462208,105.462208,0.000000,0.000000
10.0,3,engagement_g05_d0.0,2993,1807,0.603742,103.403304,40.974380,42.974380,42.974380,0.000000,0.000000
10.0,3,engagement_g05_d0.25,2993,1645,0.549616,103.798242,46.749092,48.749092,48.749092,0.000000,0.000000
10.0,3,engagement_g05_d0.5,2993,1586,0.529903,103.785458,48.789221,50.789221,50.789221,0.000000,0.000000
10.0,3,engagement_g05_d1.0,2993,1471,0.491480,104.356774,53.067494,55.067494,55.067494,0.000000,0.000000
10.0,3,engagement_g05_d2.0,2993,1225,0.409288,104.916881,61.975625,63.975625,63.975625,0.000000,0.000000
10.0,3,engagement_g05_d5.0,2993,466,0.155697,103.735854,87.584532,89.584532,89.584532,0.000000,0.000000
10.0,3,engagement_g05_d10.0,2993,20,0.006682,106.191494,105.481895,107.481895,107.481895,0.000000,0.000000
10.0,3,oracle_a1,2993,2455,0.820247,42.115757,7.570423,9.570423,9.570423,0.000000,0.000000
10.0,4,static,2947,163,0.055310,106.357026,100.474367,102.474367,102.474367,0.000000,0.000000
10.0,4,nearest,2947,151,0.051239,102.181678,96.946037,98.946037,98.946037,0.000000,0.000000
10.0,4,naive_target_aware,2947,1786,0.606040,109.798898,43.256369,45.256369,45.256369,0.000000,0.000000
10.0,4,engagement_g00_d0.0,2947,1786,0.606040,109.798898,43.256369,45.256369,45.256369,0.000000,0.000000
10.0,4,engagement_g00_d0.25,2947,1599,0.542586,110.913202,50.733287,52.733287,52.733287,0.000000,0.000000
10.0,4,engagement_g00_d0.5,2947,1543,0.523583,110.700336,52.739488,54.739488,54.739488,0.000000,0.000000
10.0,4,engagement_g00_d1.0,2947,1443,0.489650,110.676895,56.483899,58.483899,58.483899,0.000000,0.000000
10.0,4,engagement_g00_d2.0,2947,1214,0.411944,110.805660,65.159894,67.159894,67.159894,0.000000,0.000000
10.0,4,engagement_g00_d5.0,2947,475,0.161181,109.311306,91.692416,93.692416,93.692416,0.000000,0.000000
10.0,4,engagement_g00_d10.0,2947,15,0.005090,114.109738,113.528928,115.528928,115.528928,0.000000,0.000000
10.0,4,engagement_g05_d0.0,2947,1759,0.596878,109.498748,44.141335,46.141335,46.141335,0.000000,0.000000
10.0,4,engagement_g05_d0.25,2947,1597,0.541907,110.901469,50.803184,52.803184,52.803184,0.000000,0.000000
10.0,4,engagement_g05_d0.5,2947,1541,0.522905,110.689374,52.809386,54.809386,54.809386,0.000000,0.000000
10.0,4,engagement_g05_d1.0,2947,1441,0.488972,110.662834,56.551825,58.551825,58.551825,0.000000,0.000000
10.0,4,engagement_g05_d2.0,2947,1214,0.411944,110.805660,65.159894,67.159894,67.159894,0.000000,0.000000
10.0,4,engagement_g05_d5.0,2947,475,0.161181,109.466684,91.822750,93.822750,93.822750,0.000000,0.000000
10.0,4,engagement_g05_d10.0,2947,16,0.005429,111.504286,110.898901,112.898901,112.898901,0.000000,0.000000
10.0,4,oracle_a1,2947,2338,0.793349,35.158830,7.265601,9.265601,9.265601,0.000000,0.000000
10.0,5,static,2961,175,0.059102,104.431459,98.259387,100.259387,100.259387,0.000000,0.000000
10.0,5,nearest,2961,173,0.058426,104.091894,98.010200,100.010200,100.010200,0.000000,0.000000
10.0,5,naive_target_aware,2961,1771,0.598109,112.444793,45.190579,47.190579,47.190579,0.000000,0.000000
10.0,5,engagement_g00_d0.0,2961,1771,0.598109,112.444793,45.190579,47.190579,47.190579,0.000000,0.000000
10.0,5,engagement_g00_d0.25,2961,1585,0.535292,112.653894,52.351151,54.351151,54.351151,0.000000,0.000000
10.0,5,engagement_g00_d0.5,2961,1511,0.510301,112.430739,55.057268,57.057268,57.057268,0.000000,0.000000
10.0,5,engagement_g00_d1.0,2961,1395,0.471125,112.738404,59.624566,61.624566,61.624566,0.000000,0.000000
10.0,5,engagement_g00_d2.0,2961,1153,0.389395,112.458478,68.667656,70.667656,70.667656,0.000000,0.000000
10.0,5,engagement_g00_d5.0,2961,422,0.142519,111.952131,95.996778,97.996778,97.996778,0.000000,0.000000
10.0,5,engagement_g00_d10.0,2961,37,0.012496,107.461498,106.118683,108.118683,108.118683,0.000000,0.000000
10.0,5,engagement_g05_d0.0,2961,1737,0.586626,112.789940,46.624413,48.624413,48.624413,0.000000,0.000000
10.0,5,engagement_g05_d0.25,2961,1580,0.533604,113.067330,52.734206,54.734206,54.734206,0.000000,0.000000
10.0,5,engagement_g05_d0.5,2961,1507,0.508950,112.911241,55.445101,57.445101,57.445101,0.000000,0.000000
10.0,5,engagement_g05_d1.0,2961,1392,0.470111,112.733798,59.736349,61.736349,61.736349,0.000000,0.000000
10.0,5,engagement_g05_d2.0,2961,1153,0.389395,112.458478,68.667656,70.667656,70.667656,0.000000,0.000000
10.0,5,engagement_g05_d5.0,2961,420,0.141844,111.850555,95.985228,97.985228,97.985228,0.000000,0.000000
10.0,5,engagement_g05_d10.0,2961,40,0.013509,109.006577,107.534012,109.534012,109.534012,0.000000,0.000000
10.0,5,oracle_a1,2961,2299,0.776427,41.944515,9.377666,11.377666,11.377666,0.000000,0.000000
20.0,1,static,3072,205,0.066732,99.751980,93.095354,95.095354,95.095354,0.000000,0.000000
20.0,1,nearest,3072,122,0.039714,94.078743,90.342543,92.342543,92.342543,0.000000,0.000000
20.0,1,naive_target_aware,3072,2269,0.738607,91.291731,23.863040,25.863040,25.863040,0.000000,0.000000
20.0,1,engagement_g00_d0.0,3072,2269,0.738607,91.291731,23.863040,25.863040,25.863040,0.000000,0.000000
20.0,1,engagement_g00_d0.25,3072,2164,0.704427,89.847964,26.556625,28.556625,28.556625,0.000000,0.000000
20.0,1,engagement_g00_d0.5,3072,2134,0.694661,89.994160,27.478686,29.478686,29.478686,0.000000,0.000000
20.0,1,engagement_g00_d1.0,3072,2060,0.670573,89.798023,29.581901,31.581901,31.581901,0.000000,0.000000
20.0,1,engagement_g00_d2.0,3072,1942,0.632161,90.209344,33.182473,35.182473,35.182473,0.000000,0.000000
20.0,1,engagement_g00_d5.0,3072,1553,0.505534,89.233486,44.122938,46.122938,46.122938,0.000000,0.000000
20.0,1,engagement_g00_d10.0,3072,934,0.304036,88.430868,61.544660,63.544660,63.544660,0.000000,0.000000
20.0,1,engagement_g05_d0.0,3072,2251,0.732747,90.551438,24.200108,26.200108,26.200108,0.000000,0.000000
20.0,1,engagement_g05_d0.25,3072,2161,0.703451,89.801231,26.630508,28.630508,28.630508,0.000000,0.000000
20.0,1,engagement_g05_d0.5,3072,2132,0.694010,89.909910,27.511496,29.511496,29.511496,0.000000,0.000000
20.0,1,engagement_g05_d1.0,3072,2059,0.670247,89.751764,29.595878,31.595878,31.595878,0.000000,0.000000
20.0,1,engagement_g05_d2.0,3072,1942,0.632161,90.209344,33.182473,35.182473,35.182473,0.000000,0.000000
20.0,1,engagement_g05_d5.0,3072,1553,0.505534,89.233486,44.122938,46.122938,46.122938,0.000000,0.000000
20.0,1,engagement_g05_d10.0,3072,934,0.304036,88.430868,61.544660,63.544660,63.544660,0.000000,0.000000
20.0,1,oracle_a1,3072,2530,0.823568,39.685613,7.001824,9.001824,9.001824,0.000000,0.000000
20.0,2,static,3076,143,0.046489,99.479310,94.854622,96.854622,96.854622,0.000000,0.000000
20.0,2,nearest,3076,130,0.042263,93.332084,89.387620,91.387620,91.387620,0.000000,0.000000
20.0,2,naive_target_aware,3076,2292,0.745124,107.813291,27.479070,29.479070,29.479070,0.000000,0.000000
20.0,2,engagement_g00_d0.0,3076,2292,0.745124,107.813291,27.479070,29.479070,29.479070,0.000000,0.000000
20.0,2,engagement_g00_d0.25,3076,2183,0.709688,107.553463,31.224071,33.224071,33.224071,0.000000,0.000000
20.0,2,engagement_g00_d0.5,3076,2158,0.701560,107.731445,32.151322,34.151322,34.151322,0.000000,0.000000
20.0,2,engagement_g00_d1.0,3076,2089,0.679129,107.225318,34.405523,36.405523,36.405523,0.000000,0.000000
20.0,2,engagement_g00_d2.0,3076,1955,0.635566,107.963767,39.345703,41.345703,41.345703,0.000000,0.000000
20.0,2,engagement_g00_d5.0,3076,1610,0.523407,107.854841,51.402860,53.402860,53.402860,0.000000,0.000000
20.0,2,engagement_g00_d10.0,3076,964,0.313394,110.112811,75.604115,77.604115,77.604115,0.000000,0.000000
20.0,2,engagement_g05_d0.0,3076,2279,0.740897,107.766280,27.922537,29.922537,29.922537,0.000000,0.000000
20.0,2,engagement_g05_d0.25,3076,2182,0.709363,107.652812,31.287911,33.287911,33.287911,0.000000,0.000000
20.0,2,engagement_g05_d0.5,3076,2157,0.701235,107.827898,32.215162,34.215162,34.215162,0.000000,0.000000
20.0,2,engagement_g05_d1.0,3076,2088,0.678804,107.315547,34.469363,36.469363,36.469363,0.000000,0.000000
20.0,2,engagement_g05_d2.0,3076,1955,0.635566,107.963767,39.345703,41.345703,41.345703,0.000000,0.000000
20.0,2,engagement_g05_d5.0,3076,1610,0.523407,107.854841,51.402860,53.402860,53.402860,0.000000,0.000000
20.0,2,engagement_g05_d10.0,3076,964,0.313394,110.112811,75.604115,77.604115,77.604115,0.000000,0.000000
20.0,2,oracle_a1,3076,2541,0.826073,39.099439,6.800455,8.800455,8.800455,0.000000,0.000000
20.0,3,static,2993,133,0.044437,95.201815,90.971330,92.971330,92.971330,0.000000,0.000000
20.0,3,nearest,2993,111,0.037087,94.869903,91.351507,93.351507,93.351507,0.000000,0.000000
20.0,3,naive_target_aware,2993,2199,0.734714,103.525223,27.463758,29.463758,29.463758,0.000000,0.000000
20.0,3,engagement_g00_d0.0,2993,2199,0.734714,103.525223,27.463758,29.463758,29.463758,0.000000,0.000000
20.0,3,engagement_g00_d0.25,2993,2105,0.703308,103.745677,30.780542,32.780542,32.780542,0.000000,0.000000
20.0,3,engagement_g00_d0.5,2993,2078,0.694287,103.433519,31.621006,33.621006,33.621006,0.000000,0.000000
20.0,3,engagement_g00_d1.0,2993,2031,0.678583,103.197302,33.169330,35.169330,35.169330,0.000000,0.000000
20.0,3,engagement_g00_d2.0,2993,1906,0.636819,103.177005,37.471902,39.471902,39.471902,0.000000,0.000000
20.0,3,engagement_g00_d5.0,2993,1503,0.502172,102.067873,50.812272,52.812272,52.812272,0.000000,0.000000
20.0,3,engagement_g00_d10.0,2993,869,0.290344,103.744881,73.623163,75.623163,75.623163,0.000000,0.000000
20.0,3,engagement_g05_d0.0,2993,2186,0.730371,103.226019,27.832742,29.832742,29.832742,0.000000,0.000000
20.0,3,engagement_g05_d0.25,2993,2102,0.702305,103.696882,30.870004,32.870004,32.870004,0.000000,0.000000
20.0,3,engagement_g05_d0.5,2993,2077,0.693953,103.471681,31.667243,33.667243,33.667243,0.000000,0.000000
20.0,3,engagement_g05_d1.0,2993,2030,0.678249,103.280753,33.230660,35.230660,35.230660,0.000000,0.000000
20.0,3,engagement_g05_d2.0,2993,1906,0.636819,103.177005,37.471902,39.471902,39.471902,0.000000,0.000000
20.0,3,engagement_g05_d5.0,2993,1503,0.502172,102.067873,50.812272,52.812272,52.812272,0.000000,0.000000
20.0,3,engagement_g05_d10.0,2993,869,0.290344,103.744881,73.623163,75.623163,75.623163,0.000000,0.000000
20.0,3,oracle_a1,2993,2481,0.828934,45.283182,7.746405,9.746405,9.746405,0.000000,0.000000
20.0,4,static,2947,143,0.048524,109.293542,103.990191,105.990191,105.990191,0.000000,0.000000
20.0,4,nearest,2947,133,0.045131,102.170891,97.559853,99.559853,99.559853,0.000000,0.000000
20.0,4,naive_target_aware,2947,2161,0.733288,111.017108,29.609585,31.609585,31.609585,0.000000,0.000000
20.0,4,engagement_g00_d0.0,2947,2161,0.733288,111.017108,29.609585,31.609585,31.609585,0.000000,0.000000
20.0,4,engagement_g00_d0.25,2947,2067,0.701391,110.884699,33.111142,35.111142,35.111142,0.000000,0.000000
20.0,4,engagement_g00_d0.5,2947,2037,0.691211,110.863724,34.233454,36.233454,36.233454,0.000000,0.000000
20.0,4,engagement_g00_d1.0,2947,1991,0.675602,111.391314,36.135085,38.135085,38.135085,0.000000,0.000000
20.0,4,engagement_g00_d2.0,2947,1894,0.642687,111.929122,39.993677,41.993677,41.993677,0.000000,0.000000
20.0,4,engagement_g00_d5.0,2947,1506,0.511028,113.180580,55.342116,57.342116,57.342116,0.000000,0.000000
20.0,4,engagement_g00_d10.0,2947,865,0.293519,112.256001,79.306751,81.306751,81.306751,0.000000,0.000000
20.0,4,engagement_g05_d0.0,2947,2145,0.727859,110.787745,30.149906,32.149906,32.149906,0.000000,0.000000
20.0,4,engagement_g05_d0.25,2947,2067,0.701391,110.884699,33.111142,35.111142,35.111142,0.000000,0.000000
20.0,4,engagement_g05_d0.5,2947,2037,0.691211,110.863724,34.233454,36.233454,36.233454,0.000000,0.000000
20.0,4,engagement_g05_d1.0,2947,1991,0.675602,111.391314,36.135085,38.135085,38.135085,0.000000,0.000000
20.0,4,engagement_g05_d2.0,2947,1894,0.642687,111.929122,39.993677,41.993677,41.993677,0.000000,0.000000
20.0,4,engagement_g05_d5.0,2947,1506,0.511028,113.180580,55.342116,57.342116,57.342116,0.000000,0.000000
20.0,4,engagement_g05_d10.0,2947,864,0.293180,112.221982,79.320797,81.320797,81.320797,0.000000,0.000000
20.0,4,oracle_a1,2947,2397,0.813370,38.580562,7.200309,9.200309,9.200309,0.000000,0.000000
20.0,5,static,2961,141,0.047619,101.276584,96.453889,98.453889,98.453889,0.000000,0.000000
20.0,5,nearest,2961,211,0.071260,101.827955,94.571725,96.571725,96.571725,0.000000,0.000000
20.0,5,naive_target_aware,2961,2139,0.722391,107.638276,29.881345,31.881345,31.881345,0.000000,0.000000
20.0,5,engagement_g00_d0.0,2961,2139,0.722391,107.638276,29.881345,31.881345,31.881345,0.000000,0.000000
20.0,5,engagement_g00_d0.25,2961,2047,0.691320,108.705207,33.555069,35.555069,35.555069,0.000000,0.000000
20.0,5,engagement_g00_d0.5,2961,2015,0.680513,109.254076,34.905220,36.905220,36.905220,0.000000,0.000000
20.0,5,engagement_g00_d1.0,2961,1962,0.662614,109.893571,37.076554,39.076554,39.076554,0.000000,0.000000
20.0,5,engagement_g00_d2.0,2961,1832,0.618710,110.309736,42.060011,44.060011,44.060011,0.000000,0.000000
20.0,5,engagement_g00_d5.0,2961,1447,0.488686,110.448978,56.474081,58.474081,58.474081,0.000000,0.000000
20.0,5,engagement_g00_d10.0,2961,839,0.283350,111.192509,79.686087,81.686087,81.686087,0.000000,0.000000
20.0,5,engagement_g05_d0.0,2961,2118,0.715299,107.597128,30.633022,32.633022,32.633022,0.000000,0.000000
20.0,5,engagement_g05_d0.25,2961,2044,0.690307,109.027108,33.764896,35.764896,35.764896,0.000000,0.000000
20.0,5,engagement_g05_d0.5,2961,2012,0.679500,109.860204,35.210177,37.210177,37.210177,0.000000,0.000000
20.0,5,engagement_g05_d1.0,2961,1961,0.662276,109.827314,37.091291,39.091291,39.091291,0.000000,0.000000
20.0,5,engagement_g05_d2.0,2961,1832,0.618710,110.309736,42.060011,44.060011,44.060011,0.000000,0.000000
20.0,5,engagement_g05_d5.0,2961,1447,0.488686,110.448978,56.474081,58.474081,58.474081,0.000000,0.000000
20.0,5,engagement_g05_d10.0,2961,839,0.283350,111.192509,79.686087,81.686087,81.686087,0.000000,0.000000
20.0,5,oracle_a1,2961,2397,0.809524,44.671051,8.508772,10.508772,10.508772,0.000000,0.000000
40.0,1,static,3072,200,0.065104,96.663501,90.370304,92.370304,92.370304,0.000000,0.000000
40.0,1,nearest,3072,150,0.048828,96.372182,91.666509,93.666509,93.666509,0.000000,0.000000
40.0,1,naive_target_aware,3072,2442,0.794922,92.300783,18.928871,20.928871,20.928871,0.000000,0.000000
40.0,1,engagement_g00_d0.0,3072,2442,0.794922,92.300783,18.928871,20.928871,20.928871,0.000000,0.000000
40.0,1,engagement_g00_d0.25,3072,2388,0.777344,91.740241,20.426538,22.426538,22.426538,0.000000,0.000000
40.0,1,engagement_g00_d0.5,3072,2370,0.771484,91.615807,20.935643,22.935643,22.935643,0.000000,0.000000
40.0,1,engagement_g00_d1.0,3072,2328,0.757812,90.849044,22.002503,24.002503,24.002503,0.000000,0.000000
40.0,1,engagement_g00_d2.0,3072,2253,0.733398,89.638269,23.897703,25.897703,25.897703,0.000000,0.000000
40.0,1,engagement_g00_d5.0,3072,2035,0.662435,87.857775,29.657719,31.657719,31.657719,0.000000,0.000000
40.0,1,engagement_g00_d10.0,3072,1695,0.551758,84.579134,37.911936,39.911936,39.911936,0.000000,0.000000
40.0,1,engagement_g05_d0.0,3072,2431,0.791341,91.695424,19.133062,21.133062,21.133062,0.000000,0.000000
40.0,1,engagement_g05_d0.25,3072,2387,0.777018,91.656628,20.437757,22.437757,22.437757,0.000000,0.000000
40.0,1,engagement_g05_d0.5,3072,2369,0.771159,91.534512,20.946863,22.946863,22.946863,0.000000,0.000000
40.0,1,engagement_g05_d1.0,3072,2328,0.757812,90.849044,22.002503,24.002503,24.002503,0.000000,0.000000
40.0,1,engagement_g05_d2.0,3072,2253,0.733398,89.638269,23.897703,25.897703,25.897703,0.000000,0.000000
40.0,1,engagement_g05_d5.0,3072,2035,0.662435,87.857775,29.657719,31.657719,31.657719,0.000000,0.000000
40.0,1,engagement_g05_d10.0,3072,1695,0.551758,84.579134,37.911936,39.911936,39.911936,0.000000,0.000000
40.0,1,oracle_a1,3072,2557,0.832357,41.143010,6.897347,8.897347,8.897347,0.000000,0.000000
40.0,2,static,3076,150,0.048765,88.512289,84.196020,86.196020,86.196020,0.000000,0.000000
40.0,2,nearest,3076,146,0.047464,83.435875,79.475655,81.475655,81.475655,0.000000,0.000000
40.0,2,naive_target_aware,3076,2461,0.800065,105.705544,21.134236,23.134236,23.134236,0.000000,0.000000
40.0,2,engagement_g00_d0.0,3076,2461,0.800065,105.705544,21.134236,23.134236,23.134236,0.000000,0.000000
40.0,2,engagement_g00_d0.25,3076,2402,0.780884,106.180474,23.265813,25.265813,25.265813,0.000000,0.000000
40.0,2,engagement_g00_d0.5,3076,2387,0.776008,106.083840,23.761952,25.761952,25.761952,0.000000,0.000000
40.0,2,engagement_g00_d1.0,3076,2343,0.761704,105.598717,25.163804,27.163804,27.163804,0.000000,0.000000
40.0,2,engagement_g00_d2.0,3076,2270,0.737971,105.799555,27.722510,29.722510,29.722510,0.000000,0.000000
40.0,2,engagement_g00_d5.0,3076,2092,0.680104,106.760837,34.152361,36.152361,36.152361,0.000000,0.000000
40.0,2,engagement_g00_d10.0,3076,1734,0.563719,107.712693,46.992989,48.992989,48.992989,0.000000,0.000000
40.0,2,engagement_g05_d0.0,3076,2457,0.798765,105.649071,21.260330,23.260330,23.260330,0.000000,0.000000
40.0,2,engagement_g05_d0.25,3076,2402,0.780884,106.180474,23.265813,25.265813,25.265813,0.000000,0.000000
40.0,2,engagement_g05_d0.5,3076,2387,0.776008,106.083840,23.761952,25.761952,25.761952,0.000000,0.000000
40.0,2,engagement_g05_d1.0,3076,2343,0.761704,105.598717,25.163804,27.163804,27.163804,0.000000,0.000000
40.0,2,engagement_g05_d2.0,3076,2270,0.737971,105.799555,27.722510,29.722510,29.722510,0.000000,0.000000
40.0,2,engagement_g05_d5.0,3076,2092,0.680104,106.760837,34.152361,36.152361,36.152361,0.000000,0.000000
40.0,2,engagement_g05_d10.0,3076,1734,0.563719,107.712693,46.992989,48.992989,48.992989,0.000000,0.000000
40.0,2,oracle_a1,3076,2565,0.833875,42.602918,7.077403,9.077403,9.077403,0.000000,0.000000
40.0,3,static,2993,77,0.025727,94.901205,92.459711,94.459711,94.459711,0.000000,0.000000
40.0,3,nearest,2993,149,0.049783,92.089750,87.505262,89.505262,89.505262,0.000000,0.000000
40.0,3,naive_target_aware,2993,2372,0.792516,101.798285,21.121529,23.121529,23.121529,0.000000,0.000000
40.0,3,engagement_g00_d0.0,2993,2372,0.792516,101.798285,21.121529,23.121529,23.121529,0.000000,0.000000
40.0,3,engagement_g00_d0.25,2993,2329,0.778149,102.783099,22.802532,24.802532,24.802532,0.000000,0.000000
40.0,3,engagement_g00_d0.5,2993,2313,0.772803,103.236157,23.454924,25.454924,25.454924,0.000000,0.000000
40.0,3,engagement_g00_d1.0,2993,2285,0.763448,102.429054,24.229793,26.229793,26.229793,0.000000,0.000000
40.0,3,engagement_g00_d2.0,2993,2213,0.739392,102.572580,26.731244,28.731244,28.731244,0.000000,0.000000
40.0,3,engagement_g00_d5.0,2993,2013,0.672569,102.793975,33.657900,35.657900,35.657900,0.000000,0.000000
40.0,3,engagement_g00_d10.0,2993,1662,0.555296,104.402699,46.428330,48.428330,48.428330,0.000000,0.000000
40.0,3,engagement_g05_d0.0,2993,2365,0.790177,101.867899,21.374220,23.374220,23.374220,0.000000,0.000000
40.0,3,engagement_g05_d0.25,2993,2327,0.777481,102.901884,22.897646,24.897646,24.897646,0.000000,0.000000
40.0,3,engagement_g05_d0.5,2993,2312,0.772469,103.264969,23.495972,25.495972,25.495972,0.000000,0.000000
40.0,3,engagement_g05_d1.0,2993,2285,0.763448,102.429054,24.229793,26.229793,26.229793,0.000000,0.000000
40.0,3,engagement_g05_d2.0,2993,2213,0.739392,102.572580,26.731244,28.731244,28.731244,0.000000,0.000000
40.0,3,engagement_g05_d5.0,2993,2013,0.672569,102.793975,33.657900,35.657900,35.657900,0.000000,0.000000
40.0,3,engagement_g05_d10.0,2993,1662,0.555296,104.402699,46.428330,48.428330,48.428330,0.000000,0.000000
40.0,3,oracle_a1,2993,2500,0.835282,46.664034,7.686391,9.686391,9.686391,0.000000,0.000000
40.0,4,static,2947,128,0.043434,110.301094,105.510276,107.510276,107.510276,0.000000,0.000000
40.0,4,nearest,2947,227,0.077027,105.933224,97.773454,99.773454,99.773454,0.000000,0.000000
40.0,4,naive_target_aware,2947,2327,0.789617,100.445040,21.131973,23.131973,23.131973,0.000000,0.000000
40.0,4,engagement_g00_d0.0,2947,2327,0.789617,100.445040,21.131973,23.131973,23.131973,0.000000,0.000000
40.0,4,engagement_g00_d0.25,2947,2280,0.773668,100.849489,22.825453,24.825453,24.825453,0.000000,0.000000
40.0,4,engagement_g00_d0.5,2947,2269,0.769936,100.572291,23.138111,25.138111,25.138111,0.000000,0.000000
40.0,4,engagement_g00_d1.0,2947,2245,0.761792,100.597503,23.963165,25.963165,25.963165,0.000000,0.000000
40.0,4,engagement_g00_d2.0,2947,2199,0.746183,101.199270,25.686140,27.686140,27.686140,0.000000,0.000000
40.0,4,engagement_g00_d5.0,2947,1989,0.674924,101.348380,32.945961,34.945961,34.945961,0.000000,0.000000
40.0,4,engagement_g00_d10.0,2947,1651,0.560231,102.995270,45.294153,47.294153,47.294153,0.000000,0.000000
40.0,4,engagement_g05_d0.0,2947,2323,0.788259,100.532834,21.286898,23.286898,23.286898,0.000000,0.000000
40.0,4,engagement_g05_d0.25,2947,2280,0.773668,100.849489,22.825453,24.825453,24.825453,0.000000,0.000000
40.0,4,engagement_g05_d0.5,2947,2269,0.769936,100.572291,23.138111,25.138111,25.138111,0.000000,0.000000
40.0,4,engagement_g05_d1.0,2947,2245,0.761792,100.597503,23.963165,25.963165,25.963165,0.000000,0.000000
40.0,4,engagement_g05_d2.0,2947,2199,0.746183,101.199270,25.686140,27.686140,27.686140,0.000000,0.000000
40.0,4,engagement_g05_d5.0,2947,1989,0.674924,101.348380,32.945961,34.945961,34.945961,0.000000,0.000000
40.0,4,engagement_g05_d10.0,2947,1650,0.559891,102.954635,45.311219,47.311219,47.311219,0.000000,0.000000
40.0,4,oracle_a1,2947,2420,0.821174,41.155686,7.359704,9.359704,9.359704,0.000000,0.000000
40.0,5,static,2961,248,0.083755,106.153719,97.262762,99.262762,99.262762,0.000000,0.000000
40.0,5,nearest,2961,177,0.059777,97.985800,92.128493,94.128493,94.128493,0.000000,0.000000
40.0,5,naive_target_aware,2961,2308,0.779466,112.636763,24.840191,26.840191,26.840191,0.000000,0.000000
40.0,5,engagement_g00_d0.0,2961,2308,0.779466,112.636763,24.840191,26.840191,26.840191,0.000000,0.000000
40.0,5,engagement_g00_d0.25,2961,2258,0.762580,113.565068,26.962595,28.962595,28.962595,0.000000,0.000000
40.0,5,engagement_g00_d0.5,2961,2241,0.756839,113.395646,27.573409,29.573409,29.573409,0.000000,0.000000
40.0,5,engagement_g00_d1.0,2961,2210,0.746369,114.590412,29.063627,31.063627,31.063627,0.000000,0.000000
40.0,5,engagement_g00_d2.0,2961,2143,0.723742,115.113091,31.800915,33.800915,33.800915,0.000000,0.000000
40.0,5,engagement_g00_d5.0,2961,1937,0.654171,115.496008,39.941882,41.941882,41.941882,0.000000,0.000000
40.0,5,engagement_g00_d10.0,2961,1612,0.544411,115.636469,52.682741,54.682741,54.682741,0.000000,0.000000
40.0,5,engagement_g05_d0.0,2961,2296,0.775414,113.290314,25.443451,27.443451,27.443451,0.000000,0.000000
40.0,5,engagement_g05_d0.25,2961,2255,0.761567,114.443382,27.287075,29.287075,29.287075,0.000000,0.000000
40.0,5,engagement_g05_d0.5,2961,2238,0.755826,114.643609,27.993019,29.993019,29.993019,0.000000,0.000000
40.0,5,engagement_g05_d1.0,2961,2208,0.745694,114.942935,29.230675,31.230675,31.230675,0.000000,0.000000
40.0,5,engagement_g05_d2.0,2961,2143,0.723742,115.113091,31.800915,33.800915,33.800915,0.000000,0.000000
40.0,5,engagement_g05_d5.0,2961,1937,0.654171,115.496008,39.941882,41.941882,41.941882,0.000000,0.000000
40.0,5,engagement_g05_d10.0,2961,1612,0.544411,115.636469,52.682741,54.682741,54.682741,0.000000,0.000000
40.0,5,oracle_a1,2961,2398,0.809862,45.249041,8.603583,10.603583,10.603583,0.000000,0.000000
80.0,1,static,3072,133,0.043294,93.899001,89.833712,91.833712,91.833712,0.000000,0.000000
80.0,1,nearest,3072,298,0.097005,95.069708,85.847451,87.847451,87.847451,0.000000,0.000000
80.0,1,naive_target_aware,3072,2542,0.827474,93.492156,16.129832,18.129832,18.129832,0.000000,0.000000
80.0,1,engagement_g00_d0.0,3072,2542,0.827474,93.492156,16.129832,18.129832,18.129832,0.000000,0.000000
80.0,1,engagement_g00_d0.25,3072,2515,0.818685,93.165548,16.892321,18.892321,18.892321,0.000000,0.000000
80.0,1,engagement_g00_d0.5,3072,2507,0.816081,93.025071,17.109103,19.109103,19.109103,0.000000,0.000000
80.0,1,engagement_g00_d1.0,3072,2483,0.808268,92.081698,17.654987,19.654987,19.654987,0.000000,0.000000
80.0,1,engagement_g00_d2.0,3072,2446,0.796224,90.822856,18.507522,20.507522,20.507522,0.000000,0.000000
80.0,1,engagement_g00_d5.0,3072,2337,0.760742,89.531135,21.421024,23.421024,23.421024,0.000000,0.000000
80.0,1,engagement_g00_d10.0,3072,2166,0.705078,86.175758,25.415116,27.415116,27.415116,0.000000,0.000000
80.0,1,engagement_g05_d0.0,3072,2538,0.826172,93.256752,16.210646,18.210646,18.210646,0.000000,0.000000
80.0,1,engagement_g05_d0.25,3072,2515,0.818685,93.165548,16.892321,18.892321,18.892321,0.000000,0.000000
80.0,1,engagement_g05_d0.5,3072,2507,0.816081,93.025071,17.109103,19.109103,19.109103,0.000000,0.000000
80.0,1,engagement_g05_d1.0,3072,2483,0.808268,92.081698,17.654987,19.654987,19.654987,0.000000,0.000000
80.0,1,engagement_g05_d2.0,3072,2446,0.796224,90.822856,18.507522,20.507522,20.507522,0.000000,0.000000
80.0,1,engagement_g05_d5.0,3072,2337,0.760742,89.531135,21.421024,23.421024,23.421024,0.000000,0.000000
80.0,1,engagement_g05_d10.0,3072,2166,0.705078,86.175758,25.415116,27.415116,27.415116,0.000000,0.000000
80.0,1,oracle_a1,3072,2552,0.830729,41.951373,7.101144,9.101144,9.101144,0.000000,0.000000
80.0,2,static,3076,161,0.052341,86.853181,82.307225,84.307225,84.307225,0.000000,0.000000
80.0,2,nearest,3076,174,0.056567,82.321069,77.664415,79.664415,79.664415,0.000000,0.000000
80.0,2,naive_target_aware,3076,2563,0.833225,107.034095,17.850615,19.850615,19.850615,0.000000,0.000000
80.0,2,engagement_g00_d0.0,3076,2563,0.833225,107.034095,17.850615,19.850615,19.850615,0.000000,0.000000
80.0,2,engagement_g00_d0.25,3076,2530,0.822497,106.918309,18.978347,20.978347,20.978347,0.000000,0.000000
80.0,2,engagement_g00_d0.5,3076,2520,0.819246,106.305022,19.215082,21.215082,21.215082,0.000000,0.000000
80.0,2,engagement_g00_d1.0,3076,2499,0.812419,106.147428,19.911270,21.911270,21.911270,0.000000,0.000000
80.0,2,engagement_g00_d2.0,3076,2460,0.799740,105.083772,21.044084,23.044084,23.044084,0.000000,0.000000
80.0,2,engagement_g00_d5.0,3076,2369,0.770156,103.570291,23.805005,25.805005,25.805005,0.000000,0.000000
80.0,2,engagement_g00_d10.0,3076,2184,0.710013,102.852388,29.825855,31.825855,31.825855,0.000000,0.000000
80.0,2,engagement_g05_d0.0,3076,2562,0.832900,106.899626,17.862941,19.862941,19.862941,0.000000,0.000000
80.0,2,engagement_g05_d0.25,3076,2530,0.822497,106.918309,18.978347,20.978347,20.978347,0.000000,0.000000
80.0,2,engagement_g05_d0.5,3076,2520,0.819246,106.305022,19.215082,21.215082,21.215082,0.000000,0.000000
80.0,2,engagement_g05_d1.0,3076,2499,0.812419,106.147428,19.911270,21.911270,21.911270,0.000000,0.000000
80.0,2,engagement_g05_d2.0,3076,2460,0.799740,105.083772,21.044084,23.044084,23.044084,0.000000,0.000000
80.0,2,engagement_g05_d5.0,3076,2369,0.770156,103.570291,23.805005,25.805005,25.805005,0.000000,0.000000
80.0,2,engagement_g05_d10.0,3076,2184,0.710013,102.852388,29.825855,31.825855,31.825855,0.000000,0.000000
80.0,2,oracle_a1,3076,2547,0.828023,40.643096,6.989661,8.989661,8.989661,0.000000,0.000000
80.0,3,static,2993,26,0.008687,99.335791,98.472868,100.472868,100.472868,0.000000,0.000000
80.0,3,nearest,2993,281,0.093886,88.308809,80.017872,82.017872,82.017872,0.000000,0.000000
80.0,3,naive_target_aware,2993,2468,0.824591,98.378379,17.256482,19.256482,19.256482,0.000000,0.000000
80.0,3,engagement_g00_d0.0,2993,2468,0.824591,98.378379,17.256482,19.256482,19.256482,0.000000,0.000000
80.0,3,engagement_g00_d0.25,2993,2443,0.816238,99.088526,18.208717,20.208717,20.208717,0.000000,0.000000
80.0,3,engagement_g00_d0.5,2993,2435,0.813565,99.050494,18.466480,20.466480,20.466480,0.000000,0.000000
80.0,3,engagement_g00_d1.0,2993,2419,0.808219,99.091113,19.003775,21.003775,21.003775,0.000000,0.000000
80.0,3,engagement_g00_d2.0,2993,2379,0.794855,100.706391,20.659447,22.659447,22.659447,0.000000,0.000000
80.0,3,engagement_g00_d5.0,2993,2275,0.760107,100.593522,24.131690,26.131690,26.131690,0.000000,0.000000
80.0,3,engagement_g00_d10.0,2993,2096,0.700301,100.371430,30.081247,32.081247,32.081247,0.000000,0.000000
80.0,3,engagement_g05_d0.0,2993,2466,0.823922,98.477016,17.339588,19.339588,19.339588,0.000000,0.000000
80.0,3,engagement_g05_d0.25,2993,2441,0.815570,99.228393,18.300726,20.300726,20.300726,0.000000,0.000000
80.0,3,engagement_g05_d0.5,2993,2434,0.813231,99.066356,18.502537,20.502537,20.502537,0.000000,0.000000
80.0,3,engagement_g05_d1.0,2993,2419,0.808219,99.091113,19.003775,21.003775,21.003775,0.000000,0.000000
80.0,3,engagement_g05_d2.0,2993,2379,0.794855,100.706391,20.659447,22.659447,22.659447,0.000000,0.000000
80.0,3,engagement_g05_d5.0,2993,2275,0.760107,100.593522,24.131690,26.131690,26.131690,0.000000,0.000000
80.0,3,engagement_g05_d10.0,2993,2096,0.700301,100.371430,30.081247,32.081247,32.081247,0.000000,0.000000
80.0,3,oracle_a1,2993,2497,0.834280,41.905348,6.944555,8.944555,8.944555,0.000000,0.000000
80.0,4,static,2947,154,0.052257,119.610249,113.359832,115.359832,115.359832,0.000000,0.000000
80.0,4,nearest,2947,154,0.052257,111.014217,105.212999,107.212999,107.212999,0.000000,0.000000
80.0,4,naive_target_aware,2947,2427,0.823549,103.145215,18.200038,20.200038,20.200038,0.000000,0.000000
80.0,4,engagement_g00_d0.0,2947,2427,0.823549,103.145215,18.200038,20.200038,20.200038,0.000000,0.000000
80.0,4,engagement_g00_d0.25,2947,2402,0.815066,103.204166,19.085942,21.085942,21.085942,0.000000,0.000000
80.0,4,engagement_g00_d0.5,2947,2398,0.813709,103.213448,19.227751,21.227751,21.227751,0.000000,0.000000
80.0,4,engagement_g00_d1.0,2947,2390,0.810994,102.849668,19.439181,21.439181,21.439181,0.000000,0.000000
80.0,4,engagement_g00_d2.0,2947,2366,0.802850,102.796264,20.266247,22.266247,22.266247,0.000000,0.000000
80.0,4,engagement_g00_d5.0,2947,2268,0.769596,104.136921,23.993542,25.993542,25.993542,0.000000,0.000000
80.0,4,engagement_g00_d10.0,2947,2103,0.713607,103.358088,29.601027,31.601027,31.601027,0.000000,0.000000
80.0,4,engagement_g05_d0.0,2947,2424,0.822531,103.373074,18.345476,20.345476,20.345476,0.000000,0.000000
80.0,4,engagement_g05_d0.25,2947,2402,0.815066,103.204166,19.085942,21.085942,21.085942,0.000000,0.000000
80.0,4,engagement_g05_d0.5,2947,2398,0.813709,103.213448,19.227751,21.227751,21.227751,0.000000,0.000000
80.0,4,engagement_g05_d1.0,2947,2390,0.810994,102.849668,19.439181,21.439181,21.439181,0.000000,0.000000
80.0,4,engagement_g05_d2.0,2947,2366,0.802850,102.796264,20.266247,22.266247,22.266247,0.000000,0.000000
80.0,4,engagement_g05_d5.0,2947,2268,0.769596,104.136921,23.993542,25.993542,25.993542,0.000000,0.000000
80.0,4,engagement_g05_d10.0,2947,2102,0.713268,103.393717,29.646315,31.646315,31.646315,0.000000,0.000000
80.0,4,oracle_a1,2947,2465,0.836444,46.254678,7.565237,9.565237,9.565237,0.000000,0.000000
80.0,5,static,2961,223,0.075312,94.193326,87.099401,89.099401,89.099401,0.000000,0.000000
80.0,5,nearest,2961,255,0.086120,106.029103,96.897924,98.897924,98.897924,0.000000,0.000000
80.0,5,naive_target_aware,2961,2404,0.811888,110.654790,20.815508,22.815508,22.815508,0.000000,0.000000
80.0,5,engagement_g00_d0.0,2961,2404,0.811888,110.654790,20.815508,22.815508,22.815508,0.000000,0.000000
80.0,5,engagement_g00_d0.25,2961,2381,0.804120,110.286878,21.602968,23.602968,23.602968,0.000000,0.000000
80.0,5,engagement_g00_d0.5,2961,2371,0.800743,110.547691,22.027402,24.027402,24.027402,0.000000,0.000000
80.0,5,engagement_g00_d1.0,2961,2355,0.795339,112.397050,23.003246,25.003246,25.003246,0.000000,0.000000
80.0,5,engagement_g00_d2.0,2961,2317,0.782506,112.482846,24.464354,26.464354,26.464354,0.000000,0.000000
80.0,5,engagement_g00_d5.0,2961,2227,0.752111,112.923365,27.992486,29.992486,29.992486,0.000000,0.000000
80.0,5,engagement_g00_d10.0,2961,2064,0.697062,113.855268,34.491110,36.491110,36.491110,0.000000,0.000000
80.0,5,engagement_g05_d0.0,2961,2398,0.809862,111.237867,21.150597,23.150597,23.150597,0.000000,0.000000
80.0,5,engagement_g05_d0.25,2961,2381,0.804120,111.015358,21.745663,23.745663,23.745663,0.000000,0.000000
80.0,5,engagement_g05_d0.5,2961,2371,0.800743,111.741247,22.265226,24.265226,24.265226,0.000000,0.000000
80.0,5,engagement_g05_d1.0,2961,2355,0.795339,112.397050,23.003246,25.003246,25.003246,0.000000,0.000000
80.0,5,engagement_g05_d2.0,2961,2317,0.782506,112.482846,24.464354,26.464354,26.464354,0.000000,0.000000
80.0,5,engagement_g05_d5.0,2961,2227,0.752111,112.923365,27.992486,29.992486,29.992486,0.000000,0.000000
80.0,5,engagement_g05_d10.0,2961,2064,0.697062,113.855268,34.491110,36.491110,36.491110,0.000000,0.000000
80.0,5,oracle_a1,2961,2410,0.813914,48.028527,8.937426,10.937426,10.937426,0.000000,0.000000
