phase_duration,seed,policy_id,total_requests,mean_latency_ms,p95_latency_ms,migration_count,max_requests_per_peer,request_imbalance
2.0,1,static,3072,93.101696,184.634696,0,1224,7.968750
2.0,1,nearest,3072,95.137213,193.298725,25,629,4.095052
2.0,1,naive_target_aware,3072,88.500742,184.634696,505,218,1.419271
2.0,1,engagement_g00_d0.0,3072,88.500742,184.634696,505,218,1.419271
2.0,1,engagement_g00_d0.25,3072,96.592879,184.634696,450,221,1.438802
2.0,1,engagement_g00_d0.5,3072,98.806397,184.634696,423,217,1.412760
2.0,1,engagement_g00_d1.0,3072,101.076616,184.985015,391,218,1.419271
2.0,1,engagement_g00_d2.0,3072,100.397796,184.985015,294,222,1.445312
2.0,1,engagement_g00_d5.0,3072,96.314908,188.974578,43,459,2.988281
2.0,1,engagement_g00_d10.0,3072,93.101696,184.634696,0,1224,7.968750
2.0,1,engagement_g05_d0.0,3072,93.733588,192.868599,216,257,1.673177
2.0,1,engagement_g05_d0.25,3072,96.843657,192.868599,216,263,1.712240
2.0,1,engagement_g05_d0.5,3072,98.145930,192.868599,215,260,1.692708
2.0,1,engagement_g05_d1.0,3072,100.422923,192.868599,208,260,1.692708
2.0,1,engagement_g05_d2.0,3072,100.865241,192.868599,163,312,2.031250
2.0,1,engagement_g05_d5.0,3072,92.206139,192.868599,8,724,4.713542
2.0,1,engagement_g05_d10.0,3072,93.101696,184.634696,0,1224,7.968750
2.0,1,oracle_a1,3072,11.615025,48.235080,1177,280,1.822917
2.0,2,static,3076,99.299746,187.852690,0,1260,8.192458
2.0,2,nearest,3076,91.095472,192.414643,5,1206,7.841352
2.0,2,naive_target_aware,3076,103.944765,198.371029,501,206,1.339402
2.0,2,engagement_g00_d0.0,3076,103.944765,198.371029,501,206,1.339402
2.0,2,engagement_g00_d0.25,3076,111.094825,195.689299,438,211,1.371912
2.0,2,engagement_g00_d0.5,3076,112.407053,195.689299,421,219,1.423927
2.0,2,engagement_g00_d1.0,3076,113.300096,195.689299,384,219,1.423927
2.0,2,engagement_g00_d2.0,3076,108.631186,191.478106,285,241,1.566970
2.0,2,engagement_g00_d5.0,3076,104.041212,188.027506,47,574,3.732120
2.0,2,engagement_g00_d10.0,3076,98.134195,187.852690,1,1096,7.126138
2.0,2,engagement_g05_d0.0,3076,101.571348,195.689299,216,251,1.631990
2.0,2,engagement_g05_d0.25,3076,105.357890,195.689299,213,251,1.631990
2.0,2,engagement_g05_d0.5,3076,106.774573,195.689299,213,249,1.618986
2.0,2,engagement_g05_d1.0,3076,108.184530,195.394846,211,250,1.625488
2.0,2,engagement_g05_d2.0,3076,106.348339,189.197740,165,290,1.885566
2.0,2,engagement_g05_d5.0,3076,101.492204,189.262142,12,960,6.241873
2.0,2,engagement_g05_d10.0,3076,99.299746,187.852690,0,1260,8.192458
2.0,2,oracle_a1,3076,12.634001,60.589465,1222,315,2.048114
2.0,3,static,2993,95.914840,191.259772,0,620,4.143000
2.0,3,nearest,2993,94.485228,175.873447,5,1175,7.851654
2.0,3,naive_target_aware,2993,93.416302,188.906630,497,196,1.309723
2.0,3,engagement_g00_d0.0,2993,93.416302,188.906630,497,196,1.309723
2.0,3,engagement_g00_d0.25,2993,100.725703,188.906630,434,196,1.309723
2.0,3,engagement_g00_d0.5,2993,101.992235,188.906630,418,199,1.329769
2.0,3,engagement_g00_d1.0,2993,102.589518,188.906630,378,224,1.496826
2.0,3,engagement_g00_d2.0,2993,102.716930,188.906630,292,212,1.416639
2.0,3,engagement_g00_d5.0,2993,102.453843,191.730185,53,463,3.093886
2.0,3,engagement_g00_d10.0,2993,95.914840,191.259772,0,620,4.143000
2.0,3,engagement_g05_d0.0,2993,97.231361,188.906630,221,288,1.924490
2.0,3,engagement_g05_d0.25,2993,99.847906,188.906630,219,291,1.944537
2.0,3,engagement_g05_d0.5,2993,100.829508,188.906630,216,298,1.991313
2.0,3,engagement_g05_d1.0,2993,102.045756,186.923839,205,300,2.004678
2.0,3,engagement_g05_d2.0,2993,104.253632,188.906630,170,328,2.191781
2.0,3,engagement_g05_d5.0,2993,101.245832,192.273920,16,697,4.657534
2.0,3,engagement_g05_d10.0,2993,95.914840,191.259772,0,620,4.143000
2.0,3,oracle_a1,2993,12.324923,55.841325,1117,318,2.124958
2.0,4,static,2947,101.624062,193.697416,0,606,4.112657
2.0,4,nearest,2947,97.597809,189.576396,4,606,4.112657
2.0,4,naive_target_aware,2947,101.657372,195.798390,503,210,1.425178
2.0,4,engagement_g00_d0.0,2947,101.657372,195.798390,503,210,1.425178
2.0,4,engagement_g00_d0.25,2947,109.422005,195.798390,429,207,1.404818
2.0,4,engagement_g00_d0.5,2947,111.402982,195.798390,408,215,1.459111
2.0,4,engagement_g00_d1.0,2947,112.320936,195.798390,365,217,1.472684
2.0,4,engagement_g00_d2.0,2947,110.619933,195.798390,288,240,1.628775
2.0,4,engagement_g00_d5.0,2947,97.187451,191.471346,61,465,3.155752
2.0,4,engagement_g00_d10.0,2947,101.624062,193.697416,0,606,4.112657
2.0,4,engagement_g05_d0.0,2947,103.587722,195.798390,200,287,1.947743
2.0,4,engagement_g05_d0.25,2947,106.831858,195.798390,197,285,1.934170
2.0,4,engagement_g05_d0.5,2947,108.225714,195.798390,195,280,1.900238
2.0,4,engagement_g05_d1.0,2947,108.756487,195.798390,191,297,2.015609
2.0,4,engagement_g05_d2.0,2947,108.336479,195.798390,164,317,2.151340
2.0,4,engagement_g05_d5.0,2947,100.647076,191.198623,10,695,4.716661
2.0,4,engagement_g05_d10.0,2947,101.624062,193.697416,0,606,4.112657
2.0,4,oracle_a1,2947,11.777958,43.378507,1287,308,2.090261
2.0,5,static,2961,101.713981,188.688177,0,1225,8.274232
2.0,5,nearest,2961,100.831380,187.743898,6,626,4.228301
2.0,5,naive_target_aware,2961,97.121164,188.400644,500,193,1.303614
2.0,5,engagement_g00_d0.0,2961,97.121164,188.400644,500,193,1.303614
2.0,5,engagement_g00_d0.25,2961,102.358016,188.400644,439,196,1.323877
2.0,5,engagement_g00_d0.5,2961,103.404188,187.323161,417,204,1.377913
2.0,5,engagement_g00_d1.0,2961,104.392091,187.323161,383,202,1.364404
2.0,5,engagement_g00_d2.0,2961,102.962087,188.400644,269,214,1.445458
2.0,5,engagement_g00_d5.0,2961,102.085922,196.075920,51,488,3.296184
2.0,5,engagement_g00_d10.0,2961,101.713981,188.688177,0,1225,8.274232
2.0,5,engagement_g05_d0.0,2961,100.343381,196.075920,189,282,1.904762
2.0,5,engagement_g05_d0.25,2961,102.217653,196.075920,187,281,1.898007
2.0,5,engagement_g05_d0.5,2961,103.064588,196.075920,185,281,1.898007
2.0,5,engagement_g05_d1.0,2961,103.493080,196.075920,182,300,2.026342
2.0,5,engagement_g05_d2.0,2961,105.086783,192.376458,128,269,1.816954
2.0,5,engagement_g05_d5.0,2961,105.132765,196.075920,8,487,3.289429
2.0,5,engagement_g05_d10.0,2961,101.713981,188.688177,0,1225,8.274232
2.0,5,oracle_a1,2961,12.986179,52.998745,1161,315,2.127660
5.0,1,static,3072,94.849010,184.634696,0,1224,7.968750
5.0,1,nearest,3072,98.738097,193.824434,25,629,4.095052
5.0,1,naive_target_aware,3072,57.249813,184.634696,302,180,1.171875
5.0,1,engagement_g00_d0.0,3072,57.249813,184.634696,302,180,1.171875
5.0,1,engagement_g00_d0.25,3072,67.386775,184.634696,297,179,1.165365
5.0,1,engagement_g00_d0.5,3072,70.944581,184.634696,295,178,1.158854
5.0,1,engagement_g00_d1.0,3072,77.319583,184.634696,292,178,1.158854
5.0,1,engagement_g00_d2.0,3072,87.611646,186.528726,280,191,1.243490
5.0,1,engagement_g00_d5.0,3072,101.629246,192.868599,115,234,1.523438
5.0,1,engagement_g00_d10.0,3072,94.849010,184.634696,0,1224,7.968750
5.0,1,engagement_g05_d0.0,3072,59.702717,184.634696,281,203,1.321615
5.0,1,engagement_g05_d0.25,3072,68.237624,184.634696,279,200,1.302083
5.0,1,engagement_g05_d0.5,3072,71.584759,184.634696,279,196,1.276042
5.0,1,engagement_g05_d1.0,3072,77.555837,184.831725,278,198,1.289062
5.0,1,engagement_g05_d2.0,3072,88.399154,192.868599,267,205,1.334635
5.0,1,engagement_g05_d5.0,3072,100.112850,192.868599,99,267,1.738281
5.0,1,engagement_g05_d10.0,3072,94.849010,184.634696,0,1224,7.968750
5.0,1,oracle_a1,3072,9.293268,48.235080,829,239,1.555990
5.0,2,static,3076,99.242867,184.757355,0,1260,8.192458
5.0,2,nearest,3076,91.931045,191.478106,5,1206,7.841352
5.0,2,naive_target_aware,3076,71.261144,195.394846,300,173,1.124837
5.0,2,engagement_g00_d0.0,3076,71.261144,195.394846,300,173,1.124837
5.0,2,engagement_g00_d0.25,3076,84.889217,198.371029,291,175,1.137841
5.0,2,engagement_g00_d0.5,3076,88.634264,198.371029,289,180,1.170351
5.0,2,engagement_g00_d1.0,3076,97.672687,198.371029,286,176,1.144343
5.0,2,engagement_g00_d2.0,3076,112.101519,198.371029,279,172,1.118336
5.0,2,engagement_g00_d5.0,3076,114.028477,195.689299,122,261,1.697009
5.0,2,engagement_g00_d10.0,3076,100.762203,187.852690,3,1094,7.113134
5.0,2,engagement_g05_d0.0,3076,73.421051,196.179219,288,177,1.150845
5.0,2,engagement_g05_d0.25,3076,85.333269,198.371029,284,178,1.157347
5.0,2,engagement_g05_d0.5,3076,89.074191,198.371029,283,184,1.196359
5.0,2,engagement_g05_d1.0,3076,97.956573,198.371029,281,170,1.105332
5.0,2,engagement_g05_d2.0,3076,111.878982,198.371029,271,172,1.118336
5.0,2,engagement_g05_d5.0,3076,113.101892,195.394846,102,280,1.820546
5.0,2,engagement_g05_d10.0,3076,100.034546,187.852690,2,1094,7.113134
5.0,2,oracle_a1,3076,9.848736,52.606080,842,245,1.592978
5.0,3,static,2993,98.328617,191.730185,0,620,4.143000
5.0,3,nearest,2993,94.184453,175.873447,5,1175,7.851654
5.0,3,naive_target_aware,2993,67.929437,185.560987,298,171,1.142666
5.0,3,engagement_g00_d0.0,2993,67.929437,185.560987,298,171,1.142666
5.0,3,engagement_g00_d0.25,2993,80.179587,185.560987,292,173,1.156031
5.0,3,engagement_g00_d0.5,2993,84.580504,185.560987,288,167,1.115937
5.0,3,engagement_g00_d1.0,2993,91.079545,185.560987,285,168,1.122619
5.0,3,engagement_g00_d2.0,2993,101.986550,192.273920,274,182,1.216171
5.0,3,engagement_g00_d5.0,2993,108.905328,191.947679,122,259,1.730705
5.0,3,engagement_g00_d10.0,2993,98.574547,191.259772,2,620,4.143000
5.0,3,engagement_g05_d0.0,2993,70.400189,185.560987,278,178,1.189442
5.0,3,engagement_g05_d0.25,2993,80.733941,185.560987,276,175,1.169395
5.0,3,engagement_g05_d0.5,2993,85.166178,188.906630,275,174,1.162713
5.0,3,engagement_g05_d1.0,2993,91.741171,188.906630,274,172,1.149348
5.0,3,engagement_g05_d2.0,2993,102.499293,192.273920,266,182,1.216171
5.0,3,engagement_g05_d5.0,2993,109.541164,191.730185,96,382,2.552623
5.0,3,engagement_g05_d10.0,2993,98.328617,191.730185,0,620,4.143000
5.0,3,oracle_a1,2993,10.018038,53.415273,783,222,1.483461
5.0,4,static,2947,102.447417,193.368367,0,606,4.112657
5.0,4,nearest,2947,97.520657,189.576396,4,606,4.112657
5.0,4,naive_target_aware,2947,70.737448,193.368367,295,171,1.160502
5.0,4,engagement_g00_d0.0,2947,70.737448,193.368367,295,171,1.160502
5.0,4,engagement_g00_d0.25,2947,83.185091,193.368367,293,178,1.208008
5.0,4,engagement_g00_d0.5,2947,86.712830,193.368367,288,181,1.228368
5.0,4,engagement_g00_d1.0,2947,93.277503,193.368367,283,179,1.214795
5.0,4,engagement_g00_d2.0,2947,102.890580,193.368367,272,164,1.112996
5.0,4,engagement_g00_d5.0,2947,110.987558,195.312266,124,276,1.873091
5.0,4,engagement_g00_d10.0,2947,104.565165,193.697416,2,606,4.112657
5.0,4,engagement_g05_d0.0,2947,72.772648,193.368367,277,175,1.187648
5.0,4,engagement_g05_d0.25,2947,83.482534,193.368367,277,178,1.208008
5.0,4,engagement_g05_d0.5,2947,87.109308,193.368367,274,181,1.228368
5.0,4,engagement_g05_d1.0,2947,93.659224,193.368367,273,179,1.214795
5.0,4,engagement_g05_d2.0,2947,103.409527,193.368367,265,167,1.133356
5.0,4,engagement_g05_d5.0,2947,111.030273,194.177976,101,297,2.015609
5.0,4,engagement_g05_d10.0,2947,102.447417,193.368367,0,606,4.112657
5.0,4,oracle_a1,2947,9.997086,44.690357,829,208,1.411605
5.0,5,static,2961,103.529458,187.323161,0,1225,8.274232
5.0,5,nearest,2961,102.352496,187.743898,6,626,4.228301
5.0,5,naive_target_aware,2961,71.316402,196.075920,296,172,1.161770
5.0,5,engagement_g00_d0.0,2961,71.316402,196.075920,296,172,1.161770
5.0,5,engagement_g00_d0.25,2961,83.156952,196.075920,291,167,1.127997
5.0,5,engagement_g00_d0.5,2961,87.766070,196.075920,290,172,1.161770
5.0,5,engagement_g00_d1.0,2961,93.639909,196.075920,288,177,1.195542
5.0,5,engagement_g00_d2.0,2961,102.210104,196.075920,274,184,1.242823
5.0,5,engagement_g00_d5.0,2961,101.459155,180.936103,121,272,1.837217
5.0,5,engagement_g00_d10.0,2961,106.829604,188.688177,3,778,5.254981
5.0,5,engagement_g05_d0.0,2961,73.927739,196.075920,284,175,1.182033
5.0,5,engagement_g05_d0.25,2961,83.499285,196.075920,281,167,1.127997
5.0,5,engagement_g05_d0.5,2961,88.062447,196.075920,281,172,1.161770
5.0,5,engagement_g05_d1.0,2961,93.439621,196.075920,280,177,1.195542
5.0,5,engagement_g05_d2.0,2961,102.141027,196.075920,262,184,1.242823
5.0,5,engagement_g05_d5.0,2961,104.279357,187.743898,87,393,2.654509
5.0,5,engagement_g05_d10.0,2961,103.529458,187.323161,0,1225,8.274232
5.0,5,oracle_a1,2961,11.170728,54.572145,819,247,1.668355
10.0,1,static,3072,92.240291,192.868599,0,1224,7.968750
10.0,1,nearest,3072,95.292062,192.868599,25,629,4.095052
10.0,1,naive_target_aware,3072,37.061402,161.725735,150,181,1.178385
10.0,1,engagement_g00_d0.0,3072,37.061402,161.725735,150,181,1.178385
10.0,1,engagement_g00_d0.25,3072,42.286703,164.319146,150,186,1.210938
10.0,1,engagement_g00_d0.5,3072,44.684462,176.547986,150,186,1.210938
10.0,1,engagement_g00_d1.0,3072,48.474316,180.419762,150,189,1.230469
10.0,1,engagement_g00_d2.0,3072,55.951391,184.634696,150,194,1.263021
10.0,1,engagement_g00_d5.0,3072,76.366469,184.634696,150,204,1.328125
10.0,1,engagement_g00_d10.0,3072,99.613281,184.634696,62,266,1.731771
10.0,1,engagement_g05_d0.0,3072,37.681801,162.396143,149,178,1.158854
10.0,1,engagement_g05_d0.25,3072,42.269208,166.446936,149,185,1.204427
10.0,1,engagement_g05_d0.5,3072,44.532237,176.547986,149,185,1.204427
10.0,1,engagement_g05_d1.0,3072,48.299111,180.419762,149,189,1.230469
10.0,1,engagement_g05_d2.0,3072,55.681435,184.634696,149,194,1.263021
10.0,1,engagement_g05_d5.0,3072,76.033026,184.634696,149,204,1.328125
10.0,1,engagement_g05_d10.0,3072,98.843225,184.634696,53,338,2.200521
10.0,1,oracle_a1,3072,9.513081,55.074067,661,245,1.595052
10.0,2,static,3076,97.711860,187.852690,0,1260,8.192458
10.0,2,nearest,3076,87.885892,188.329955,5,1206,7.841352
10.0,2,naive_target_aware,3076,44.422502,184.839288,152,199,1.293888
10.0,2,engagement_g00_d0.0,3076,44.422502,184.839288,152,199,1.293888
10.0,2,engagement_g00_d0.25,3076,52.152182,195.394846,150,196,1.274382
10.0,2,engagement_g00_d0.5,3076,54.042589,195.394846,150,197,1.280884
10.0,2,engagement_g00_d1.0,3076,58.637119,195.394846,150,191,1.241873
10.0,2,engagement_g00_d2.0,3076,68.389769,198.371029,149,200,1.300390
10.0,2,engagement_g00_d5.0,3076,95.308878,198.371029,148,209,1.358908
10.0,2,engagement_g00_d10.0,3076,111.132834,191.478106,59,352,2.288687
10.0,2,engagement_g05_d0.0,3076,45.005687,185.294586,152,199,1.293888
10.0,2,engagement_g05_d0.25,3076,52.192358,195.394846,150,196,1.274382
10.0,2,engagement_g05_d0.5,3076,54.082765,195.394846,150,197,1.280884
10.0,2,engagement_g05_d1.0,3076,58.677296,195.394846,150,191,1.241873
10.0,2,engagement_g05_d2.0,3076,68.389769,198.371029,149,200,1.300390
10.0,2,engagement_g05_d5.0,3076,94.673076,198.371029,147,209,1.358908
10.0,2,engagement_g05_d10.0,3076,108.304731,191.478106,50,352,2.288687
10.0,2,oracle_a1,3076,9.541625,56.070585,620,233,1.514954
10.0,3,static,2993,94.786623,186.923839,0,620,4.143000
10.0,3,nearest,2993,91.008822,175.873447,5,1175,7.851654
10.0,3,naive_target_aware,2993,41.976926,169.465924,153,183,1.222853
10.0,3,engagement_g00_d0.0,2993,41.976926,169.465924,153,183,1.222853
10.0,3,engagement_g00_d0.25,2993,48.644618,169.465924,151,182,1.216171
10.0,3,engagement_g00_d0.5,2993,50.765148,169.465924,150,182,1.216171
10.0,3,engagement_g00_d1.0,2993,55.048309,175.033200,150,174,1.162713
10.0,3,engagement_g00_d2.0,2993,63.975625,185.560987,150,173,1.156031
10.0,3,engagement_g00_d5.0,2993,89.584532,186.106128,147,185,1.236218
10.0,3,engagement_g00_d10.0,2993,105.462208,188.906630,58,286,1.911126
10.0,3,engagement_g05_d0.0,2993,42.974380,169.465924,153,184,1.229536
10.0,3,engagement_g05_d0.25,2993,48.749092,169.465924,151,182,1.216171
10.0,3,engagement_g05_d0.5,2993,50.789221,169.465924,150,182,1.216171
10.0,3,engagement_g05_d1.0,2993,55.067494,175.033200,150,174,1.162713
10.0,3,engagement_g05_d2.0,2993,63.975625,185.560987,150,173,1.156031
10.0,3,engagement_g05_d5.0,2993,89.584532,186.106128,147,185,1.236218
10.0,3,engagement_g05_d10.0,2993,107.481895,188.906630,53,326,2.178416
10.0,3,oracle_a1,2993,9.570423,53.641915,570,189,1.262947
10.0,4,static,2947,102.474367,193.697416,0,606,4.112657
10.0,4,nearest,2947,98.946037,189.576396,4,606,4.112657
10.0,4,naive_target_aware,2947,45.256369,171.177543,154,219,1.486257
10.0,4,engagement_g00_d0.0,2947,45.256369,171.177543,154,219,1.486257
10.0,4,engagement_g00_d0.25,2947,52.733287,178.507730,150,218,1.479471
10.0,4,engagement_g00_d0.5,2947,54.739488,179.622313,150,221,1.499830
10.0,4,engagement_g00_d1.0,2947,58.483899,183.504948,150,218,1.479471
10.0,4,engagement_g00_d2.0,2947,67.159894,191.389529,150,226,1.533763
10.0,4,engagement_g00_d5.0,2947,93.692416,193.368367,149,214,1.452324
10.0,4,engagement_g00_d10.0,2947,115.528928,195.798390,57,284,1.927384
10.0,4,engagement_g05_d0.0,2947,46.141335,171.177543,152,218,1.479471
10.0,4,engagement_g05_d0.25,2947,52.803184,178.796905,150,218,1.479471
10.0,4,engagement_g05_d0.5,2947,54.809386,179.622313,150,221,1.499830
10.0,4,engagement_g05_d1.0,2947,58.551825,183.504948,150,218,1.479471
10.0,4,engagement_g05_d2.0,2947,67.159894,191.389529,150,226,1.533763
10.0,4,engagement_g05_d5.0,2947,93.822750,193.368367,147,214,1.452324
10.0,4,engagement_g05_d10.0,2947,112.898901,195.798390,49,360,2.443163
10.0,4,oracle_a1,2947,9.265601,43.394165,666,235,1.594842
10.0,5,static,2961,100.259387,188.688177,0,1225,8.274232
10.0,5,nearest,2961,100.010200,185.423886,6,626,4.228301
10.0,5,naive_target_aware,2961,47.190579,180.936103,154,190,1.283350
10.0,5,engagement_g00_d0.0,2961,47.190579,180.936103,154,190,1.283350
10.0,5,engagement_g00_d0.25,2961,54.351151,180.936103,151,191,1.290105
10.0,5,engagement_g00_d0.5,2961,57.057268,180.936103,151,192,1.296859
10.0,5,engagement_g00_d1.0,2961,61.624566,187.323161,150,185,1.249578
10.0,5,engagement_g00_d2.0,2961,70.667656,196.075920,149,187,1.263087
10.0,5,engagement_g00_d5.0,2961,97.996778,196.075920,148,205,1.384667
10.0,5,engagement_g00_d10.0,2961,108.118683,196.075920,48,479,3.235393
10.0,5,engagement_g05_d0.0,2961,48.624413,180.936103,151,194,1.310368
10.0,5,engagement_g05_d0.25,2961,54.734206,180.936103,150,192,1.296859
10.0,5,engagement_g05_d0.5,2961,57.445101,180.936103,150,192,1.296859
10.0,5,engagement_g05_d1.0,2961,61.736349,187.323161,150,185,1.249578
10.0,5,engagement_g05_d2.0,2961,70.667656,196.075920,149,187,1.263087
10.0,5,engagement_g05_d5.0,2961,97.985228,196.075920,147,205,1.384667
10.0,5,engagement_g05_d10.0,2961,109.534012,196.226590,36,512,3.458291
10.0,5,oracle_a1,2961,11.377666,61.083220,637,199,1.344140
20.0,1,static,3072,95.095354,184.634696,0,1224,7.968750
20.0,1,nearest,3072,92.342543,184.985015,25,629,4.095052
20.0,1,naive_target_aware,3072,25.863040,146.764870,75,195,1.269531
20.0,1,engagement_g00_d0.0,3072,25.863040,146.764870,75,195,1.269531
20.0,1,engagement_g00_d0.25,3072,28.556625,146.764870,75,190,1.236979
20.0,1,engagement_g00_d0.5,3072,29.478686,147.643028,75,189,1.230469
20.0,1,engagement_g00_d1.0,3072,31.581901,152.184830,75,189,1.230469
20.0,1,engagement_g00_d2.0,3072,35.182473,159.702466,75,188,1.223958
20.0,1,engagement_g00_d5.0,3072,46.122938,168.109128,75,200,1.302083
20.0,1,engagement_g00_d10.0,3072,63.544660,184.634696,75,223,1.451823
20.0,1,engagement_g05_d0.0,3072,26.200108,146.764870,75,195,1.269531
20.0,1,engagement_g05_d0.25,3072,28.630508,146.764870,75,191,1.243490
20.0,1,engagement_g05_d0.5,3072,29.511496,147.643028,75,190,1.236979
20.0,1,engagement_g05_d1.0,3072,31.595878,152.184830,75,189,1.230469
20.0,1,engagement_g05_d2.0,3072,35.182473,159.702466,75,188,1.223958
20.0,1,engagement_g05_d5.0,3072,46.122938,168.109128,75,200,1.302083
20.0,1,engagement_g05_d10.0,3072,63.544660,184.634696,75,223,1.451823
20.0,1,oracle_a1,3072,9.001824,55.074067,535,210,1.367188
20.0,2,static,3076,96.854622,184.361236,0,1260,8.192458
20.0,2,nearest,3076,91.387620,190.464828,5,1206,7.841352
20.0,2,naive_target_aware,3076,29.479070,170.739348,77,216,1.404421
20.0,2,engagement_g00_d0.0,3076,29.479070,170.739348,77,216,1.404421
20.0,2,engagement_g00_d0.25,3076,33.224071,174.628056,75,215,1.397919
20.0,2,engagement_g00_d0.5,3076,34.151322,174.628056,75,214,1.391417
20.0,2,engagement_g00_d1.0,3076,36.405523,174.628056,75,215,1.397919
20.0,2,engagement_g00_d2.0,3076,41.345703,185.085086,75,212,1.378414
20.0,2,engagement_g00_d5.0,3076,53.402860,195.394846,75,210,1.365410
20.0,2,engagement_g00_d10.0,3076,77.604115,198.371029,75,220,1.430429
20.0,2,engagement_g05_d0.0,3076,29.922537,170.998072,77,217,1.410923
20.0,2,engagement_g05_d0.25,3076,33.287911,174.628056,75,215,1.397919
20.0,2,engagement_g05_d0.5,3076,34.215162,174.628056,75,214,1.391417
20.0,2,engagement_g05_d1.0,3076,36.469363,174.628056,75,215,1.397919
20.0,2,engagement_g05_d2.0,3076,41.345703,185.085086,75,212,1.378414
20.0,2,engagement_g05_d5.0,3076,53.402860,195.394846,75,210,1.365410
20.0,2,engagement_g05_d10.0,3076,77.604115,198.371029,75,220,1.430429
20.0,2,oracle_a1,3076,8.800455,52.444865,526,207,1.345904
20.0,3,static,2993,92.971330,181.929805,0,620,4.143000
20.0,3,nearest,2993,93.351507,175.873447,5,1175,7.851654
20.0,3,naive_target_aware,2993,29.463758,156.274024,80,203,1.356498
20.0,3,engagement_g00_d0.0,2993,29.463758,156.274024,80,203,1.356498
20.0,3,engagement_g00_d0.25,2993,32.780542,161.270163,76,197,1.316405
20.0,3,engagement_g00_d0.5,2993,33.621006,162.372017,75,197,1.316405
20.0,3,engagement_g00_d1.0,2993,35.169330,163.819373,75,198,1.323087
20.0,3,engagement_g00_d2.0,2993,39.471902,163.819373,75,206,1.376545
20.0,3,engagement_g00_d5.0,2993,52.812272,169.465924,75,192,1.282994
20.0,3,engagement_g00_d10.0,2993,75.623163,185.560987,75,189,1.262947
20.0,3,engagement_g05_d0.0,2993,29.832742,156.274024,78,204,1.363181
20.0,3,engagement_g05_d0.25,2993,32.870004,161.270163,76,197,1.316405
20.0,3,engagement_g05_d0.5,2993,33.667243,162.880948,75,197,1.316405
20.0,3,engagement_g05_d1.0,2993,35.230660,163.819373,75,198,1.323087
20.0,3,engagement_g05_d2.0,2993,39.471902,163.819373,75,206,1.376545
20.0,3,engagement_g05_d5.0,2993,52.812272,169.465924,75,192,1.282994
20.0,3,engagement_g05_d10.0,2993,75.623163,185.560987,75,189,1.262947
20.0,3,oracle_a1,2993,9.746405,55.796649,492,192,1.282994
20.0,4,static,2947,105.990191,194.177976,0,606,4.112657
20.0,4,nearest,2947,99.559853,189.576396,4,606,4.112657
20.0,4,naive_target_aware,2947,31.609585,168.302374,75,223,1.513403
20.0,4,engagement_g00_d0.0,2947,31.609585,168.302374,75,223,1.513403
20.0,4,engagement_g00_d0.25,2947,35.111142,168.302374,75,226,1.533763
20.0,4,engagement_g00_d0.5,2947,36.233454,169.540587,75,225,1.526977
20.0,4,engagement_g00_d1.0,2947,38.135085,171.177543,75,222,1.506617
20.0,4,engagement_g00_d2.0,2947,41.993677,171.177543,75,216,1.465898
20.0,4,engagement_g00_d5.0,2947,57.342116,184.803272,75,214,1.452324
20.0,4,engagement_g00_d10.0,2947,81.306751,193.368367,75,238,1.615202
20.0,4,engagement_g05_d0.0,2947,32.149906,168.302374,75,223,1.513403
20.0,4,engagement_g05_d0.25,2947,35.111142,168.302374,75,226,1.533763
20.0,4,engagement_g05_d0.5,2947,36.233454,169.540587,75,225,1.526977
20.0,4,engagement_g05_d1.0,2947,38.135085,171.177543,75,222,1.506617
20.0,4,engagement_g05_d2.0,2947,41.993677,171.177543,75,216,1.465898
20.0,4,engagement_g05_d5.0,2947,57.342116,184.803272,75,214,1.452324
20.0,4,engagement_g05_d10.0,2947,81.320797,193.368367,75,238,1.615202
20.0,4,oracle_a1,2947,9.200309,49.553346,553,222,1.506617
20.0,5,static,2961,98.453889,188.688177,0,1225,8.274232
20.0,5,nearest,2961,96.571725,187.743898,6,626,4.228301
20.0,5,naive_target_aware,2961,31.881345,161.395104,77,196,1.323877
20.0,5,engagement_g00_d0.0,2961,31.881345,161.395104,77,196,1.323877
20.0,5,engagement_g00_d0.25,2961,35.555069,173.351378,76,194,1.310368
20.0,5,engagement_g00_d0.5,2961,36.905220,173.351378,76,196,1.323877
20.0,5,engagement_g00_d1.0,2961,39.076554,173.351378,75,192,1.296859
20.0,5,engagement_g00_d2.0,2961,44.060011,179.235817,74,193,1.303614
20.0,5,engagement_g00_d5.0,2961,58.474081,187.323161,74,206,1.391422
20.0,5,engagement_g00_d10.0,2961,81.686087,196.075920,74,224,1.513002
20.0,5,engagement_g05_d0.0,2961,32.633022,164.962424,76,201,1.357649
20.0,5,engagement_g05_d0.25,2961,35.764896,173.351378,75,193,1.303614
20.0,5,engagement_g05_d0.5,2961,37.210177,173.351378,75,193,1.303614
20.0,5,engagement_g05_d1.0,2961,39.091291,173.351378,75,193,1.303614
20.0,5,engagement_g05_d2.0,2961,44.060011,179.235817,74,193,1.303614
20.0,5,engagement_g05_d5.0,2961,58.474081,187.323161,74,206,1.391422
20.0,5,engagement_g05_d10.0,2961,81.686087,196.075920,74,224,1.513002
20.0,5,oracle_a1,2961,10.508772,59.610981,510,201,1.357649
40.0,1,static,3072,92.370304,192.868599,0,1224,7.968750
40.0,1,nearest,3072,93.666509,192.868599,25,629,4.095052
40.0,1,naive_target_aware,3072,20.928871,133.725493,40,280,1.822917
40.0,1,engagement_g00_d0.0,3072,20.928871,133.725493,40,280,1.822917
40.0,1,engagement_g00_d0.25,3072,22.426538,138.514290,40,275,1.790365
40.0,1,engagement_g00_d0.5,3072,22.935643,139.000557,40,273,1.777344
40.0,1,engagement_g00_d1.0,3072,24.002503,145.199987,40,273,1.777344
40.0,1,engagement_g00_d2.0,3072,25.897703,146.764870,40,271,1.764323
40.0,1,engagement_g00_d5.0,3072,31.657719,147.904841,40,265,1.725260
40.0,1,engagement_g00_d10.0,3072,39.911936,153.851089,40,268,1.744792
40.0,1,engagement_g05_d0.0,3072,21.133062,134.261060,40,276,1.796875
40.0,1,engagement_g05_d0.25,3072,22.437757,138.514290,40,274,1.783854
40.0,1,engagement_g05_d0.5,3072,22.946863,139.000557,40,272,1.770833
40.0,1,engagement_g05_d1.0,3072,24.002503,145.199987,40,273,1.777344
40.0,1,engagement_g05_d2.0,3072,25.897703,146.764870,40,271,1.764323
40.0,1,engagement_g05_d5.0,3072,31.657719,147.904841,40,265,1.725260
40.0,1,engagement_g05_d10.0,3072,39.911936,153.851089,40,268,1.744792
40.0,1,oracle_a1,3072,8.897347,53.510538,487,270,1.757812
40.0,2,static,3076,86.196020,172.127831,0,1260,8.192458
40.0,2,nearest,3076,81.475655,162.297660,5,1206,7.841352
40.0,2,naive_target_aware,3076,23.134236,151.513833,42,263,1.710013
40.0,2,engagement_g00_d0.0,3076,23.134236,151.513833,42,263,1.710013
40.0,2,engagement_g00_d0.25,3076,25.265813,155.470547,40,264,1.716515
40.0,2,engagement_g00_d0.5,3076,25.761952,156.682045,40,266,1.729519
40.0,2,engagement_g00_d1.0,3076,27.163804,158.101896,40,268,1.742523
40.0,2,engagement_g00_d2.0,3076,29.722510,170.739348,40,268,1.742523
40.0,2,engagement_g00_d5.0,3076,36.152361,174.628056,40,270,1.755527
40.0,2,engagement_g00_d10.0,3076,48.992989,180.747818,40,270,1.755527
40.0,2,engagement_g05_d0.0,3076,23.260330,151.513833,42,263,1.710013
40.0,2,engagement_g05_d0.25,3076,25.265813,155.470547,40,264,1.716515
40.0,2,engagement_g05_d0.5,3076,25.761952,156.682045,40,266,1.729519
40.0,2,engagement_g05_d1.0,3076,27.163804,158.101896,40,268,1.742523
40.0,2,engagement_g05_d2.0,3076,29.722510,170.739348,40,268,1.742523
40.0,2,engagement_g05_d5.0,3076,36.152361,174.628056,40,270,1.755527
40.0,2,engagement_g05_d10.0,3076,48.992989,180.747818,40,270,1.755527
40.0,2,oracle_a1,3076,9.077403,59.673668,471,269,1.749025
40.0,3,static,2993,94.459711,162.880948,0,620,4.143000
40.0,3,nearest,2993,89.505262,175.873447,5,1175,7.851654
40.0,3,naive_target_aware,2993,23.121529,148.561919,43,224,1.496826
40.0,3,engagement_g00_d0.0,2993,23.121529,148.561919,43,224,1.496826
40.0,3,engagement_g00_d0.25,2993,24.802532,151.065174,41,225,1.503508
40.0,3,engagement_g00_d0.5,2993,25.454924,152.092116,40,226,1.510190
40.0,3,engagement_g00_d1.0,2993,26.229793,154.278907,40,225,1.503508
40.0,3,engagement_g00_d2.0,2993,28.731244,156.274024,40,224,1.496826
40.0,3,engagement_g00_d5.0,2993,35.657900,158.560412,40,235,1.570331
40.0,3,engagement_g00_d10.0,2993,48.428330,166.981161,40,249,1.663882
40.0,3,engagement_g05_d0.0,2993,23.374220,148.960661,43,222,1.483461
40.0,3,engagement_g05_d0.25,2993,24.897646,151.065174,41,224,1.496826
40.0,3,engagement_g05_d0.5,2993,25.495972,152.092116,40,225,1.503508
40.0,3,engagement_g05_d1.0,2993,26.229793,154.278907,40,225,1.503508
40.0,3,engagement_g05_d2.0,2993,28.731244,156.274024,40,224,1.496826
40.0,3,engagement_g05_d5.0,2993,35.657900,158.560412,40,235,1.570331
40.0,3,engagement_g05_d10.0,2993,48.428330,166.981161,40,249,1.663882
40.0,3,oracle_a1,2993,9.686391,55.968824,437,199,1.329769
40.0,4,static,2947,107.510276,194.177976,0,606,4.112657
40.0,4,nearest,2947,99.773454,179.626370,4,606,4.112657
40.0,4,naive_target_aware,2947,23.131973,143.911750,40,342,2.321004
40.0,4,engagement_g00_d0.0,2947,23.131973,143.911750,40,342,2.321004
40.0,4,engagement_g00_d0.25,2947,24.825453,143.911750,40,343,2.327791
40.0,4,engagement_g00_d0.5,2947,25.138111,143.911750,40,342,2.321004
40.0,4,engagement_g00_d1.0,2947,25.963165,146.086213,40,343,2.327791
40.0,4,engagement_g00_d2.0,2947,27.686140,152.138816,40,342,2.321004
40.0,4,engagement_g00_d5.0,2947,34.945961,165.773660,40,329,2.232779
40.0,4,engagement_g00_d10.0,2947,47.294153,168.302374,40,337,2.287072
40.0,4,engagement_g05_d0.0,2947,23.286898,143.911750,40,343,2.327791
40.0,4,engagement_g05_d0.25,2947,24.825453,143.911750,40,343,2.327791
40.0,4,engagement_g05_d0.5,2947,25.138111,143.911750,40,342,2.321004
40.0,4,engagement_g05_d1.0,2947,25.963165,146.086213,40,343,2.327791
40.0,4,engagement_g05_d2.0,2947,27.686140,152.138816,40,342,2.321004
40.0,4,engagement_g05_d5.0,2947,34.945961,165.773660,40,329,2.232779
40.0,4,engagement_g05_d10.0,2947,47.311219,168.302374,40,337,2.287072
40.0,4,oracle_a1,2947,9.359704,52.291355,498,323,2.192060
40.0,5,static,2961,99.262762,196.075920,0,1225,8.274232
40.0,5,nearest,2961,94.128493,185.158119,6,626,4.228301
40.0,5,naive_target_aware,2961,26.840191,161.395104,42,261,1.762918
40.0,5,engagement_g00_d0.0,2961,26.840191,161.395104,42,261,1.762918
40.0,5,engagement_g00_d0.25,2961,28.962595,167.028707,41,261,1.762918
40.0,5,engagement_g00_d0.5,2961,29.573409,171.228815,41,262,1.769672
40.0,5,engagement_g00_d1.0,2961,31.063627,173.351378,40,268,1.810199
40.0,5,engagement_g00_d2.0,2961,33.800915,173.351378,39,272,1.837217
40.0,5,engagement_g00_d5.0,2961,41.941882,180.936103,39,269,1.816954
40.0,5,engagement_g00_d10.0,2961,54.682741,187.323161,39,273,1.843972
40.0,5,engagement_g05_d0.0,2961,27.443451,163.495759,41,262,1.769672
40.0,5,engagement_g05_d0.25,2961,29.287075,171.228815,40,261,1.762918
40.0,5,engagement_g05_d0.5,2961,29.993019,171.860079,40,262,1.769672
40.0,5,engagement_g05_d1.0,2961,31.230675,173.351378,40,268,1.810199
40.0,5,engagement_g05_d2.0,2961,33.800915,173.351378,39,272,1.837217
40.0,5,engagement_g05_d5.0,2961,41.941882,180.936103,39,269,1.816954
40.0,5,engagement_g05_d10.0,2961,54.682741,187.323161,39,273,1.843972
40.0,5,oracle_a1,2961,10.603583,57.980755,519,239,1.614319
80.0,1,static,3072,91.833712,180.024820,0,1224,7.968750
80.0,1,nearest,3072,87.847451,192.868599,25,629,4.095052
80.0,1,naive_target_aware,3072,18.129832,121.874925,20,332,2.161458
80.0,1,engagement_g00_d0.0,3072,18.129832,121.874925,20,332,2.161458
80.0,1,engagement_g00_d0.25,3072,18.892321,123.690460,20,331,2.154948
80.0,1,engagement_g00_d0.5,3072,19.109103,123.690460,20,330,2.148438
80.0,1,engagement_g00_d1.0,3072,19.654987,127.947755,20,327,2.128906
80.0,1,engagement_g00_d2.0,3072,20.507522,128.522042,20,321,2.089844
80.0,1,engagement_g00_d5.0,3072,23.421024,138.514290,20,320,2.083333
80.0,1,engagement_g00_d10.0,3072,27.415116,138.514290,20,313,2.037760
80.0,1,engagement_g05_d0.0,3072,18.210646,121.874925,20,333,2.167969
80.0,1,engagement_g05_d0.25,3072,18.892321,123.690460,20,331,2.154948
80.0,1,engagement_g05_d0.5,3072,19.109103,123.690460,20,330,2.148438
80.0,1,engagement_g05_d1.0,3072,19.654987,127.947755,20,327,2.128906
80.0,1,engagement_g05_d2.0,3072,20.507522,128.522042,20,321,2.089844
80.0,1,engagement_g05_d5.0,3072,23.421024,138.514290,20,320,2.083333
80.0,1,engagement_g05_d10.0,3072,27.415116,138.514290,20,313,2.037760
80.0,1,oracle_a1,3072,9.101144,57.081334,511,316,2.057292
80.0,2,static,3076,84.307225,172.127831,0,1260,8.192458
80.0,2,nearest,3076,79.664415,188.329955,5,1206,7.841352
80.0,2,naive_target_aware,3076,19.850615,152.391507,22,324,2.106632
80.0,2,engagement_g00_d0.0,3076,19.850615,152.391507,22,324,2.106632
80.0,2,engagement_g00_d0.25,3076,20.978347,155.470547,20,320,2.080624
80.0,2,engagement_g00_d0.5,3076,21.215082,155.679749,20,320,2.080624
80.0,2,engagement_g00_d1.0,3076,21.911270,156.307355,20,321,2.087126
80.0,2,engagement_g00_d2.0,3076,23.044084,156.994171,20,322,2.093628
80.0,2,engagement_g00_d5.0,3076,25.805005,167.475249,20,319,2.074122
80.0,2,engagement_g00_d10.0,3076,31.825855,174.628056,20,327,2.126138
80.0,2,engagement_g05_d0.0,3076,19.862941,152.391507,22,324,2.106632
80.0,2,engagement_g05_d0.25,3076,20.978347,155.470547,20,320,2.080624
80.0,2,engagement_g05_d0.5,3076,21.215082,155.679749,20,320,2.080624
80.0,2,engagement_g05_d1.0,3076,21.911270,156.307355,20,321,2.087126
80.0,2,engagement_g05_d2.0,3076,23.044084,156.994171,20,322,2.093628
80.0,2,engagement_g05_d5.0,3076,25.805005,167.475249,20,319,2.074122
80.0,2,engagement_g05_d10.0,3076,31.825855,174.628056,20,327,2.126138
80.0,2,oracle_a1,3076,8.989661,54.586027,490,318,2.067620
80.0,3,static,2993,100.472868,181.307470,0,620,4.143000
80.0,3,nearest,2993,82.017872,175.873447,5,1175,7.851654
80.0,3,naive_target_aware,2993,19.256482,144.132465,23,312,2.084865
80.0,3,engagement_g00_d0.0,2993,19.256482,144.132465,23,312,2.084865
80.0,3,engagement_g00_d0.25,2993,20.208717,146.167239,21,313,2.091547
80.0,3,engagement_g00_d0.5,2993,20.466480,146.167239,20,311,2.078182
80.0,3,engagement_g00_d1.0,2993,21.003775,147.456965,20,312,2.084865
80.0,3,engagement_g00_d2.0,2993,22.659447,148.960661,20,317,2.118276
80.0,3,engagement_g00_d5.0,2993,26.131690,151.858400,20,324,2.165052
80.0,3,engagement_g00_d10.0,2993,32.081247,156.274024,20,337,2.251921
80.0,3,engagement_g05_d0.0,2993,19.339588,144.132465,23,312,2.084865
80.0,3,engagement_g05_d0.25,2993,20.300726,146.167239,21,313,2.091547
80.0,3,engagement_g05_d0.5,2993,20.502537,146.167239,20,311,2.078182
80.0,3,engagement_g05_d1.0,2993,21.003775,147.456965,20,312,2.084865
80.0,3,engagement_g05_d2.0,2993,22.659447,148.960661,20,317,2.118276
80.0,3,engagement_g05_d5.0,2993,26.131690,151.858400,20,324,2.165052
80.0,3,engagement_g05_d10.0,2993,32.081247,156.274024,20,337,2.251921
80.0,3,oracle_a1,2993,8.944555,53.981879,443,286,1.911126
80.0,4,static,2947,115.359832,194.033808,0,606,4.112657
80.0,4,nearest,2947,107.212999,179.626370,4,606,4.112657
80.0,4,naive_target_aware,2947,20.200038,139.376466,20,320,2.171700
80.0,4,engagement_g00_d0.0,2947,20.200038,139.376466,20,320,2.171700
80.0,4,engagement_g00_d0.25,2947,21.085942,140.598380,20,320,2.171700
80.0,4,engagement_g00_d0.5,2947,21.227751,140.880009,20,318,2.158127
80.0,4,engagement_g00_d1.0,2947,21.439181,140.880009,20,319,2.164913
80.0,4,engagement_g00_d2.0,2947,22.266247,141.283151,20,319,2.164913
80.0,4,engagement_g00_d5.0,2947,25.993542,152.772788,20,322,2.185273
80.0,4,engagement_g00_d10.0,2947,31.601027,162.787651,20,326,2.212419
80.0,4,engagement_g05_d0.0,2947,20.345476,139.376466,20,319,2.164913
80.0,4,engagement_g05_d0.25,2947,21.085942,140.598380,20,320,2.171700
80.0,4,engagement_g05_d0.5,2947,21.227751,140.880009,20,318,2.158127
80.0,4,engagement_g05_d1.0,2947,21.439181,140.880009,20,319,2.164913
80.0,4,engagement_g05_d2.0,2947,22.266247,141.283151,20,319,2.164913
80.0,4,engagement_g05_d5.0,2947,25.993542,152.772788,20,322,2.185273
80.0,4,engagement_g05_d10.0,2947,31.646315,162.787651,20,326,2.212419
80.0,4,oracle_a1,2947,9.565237,59.353231,473,293,1.988463
80.0,5,static,2961,89.099401,187.323161,0,1225,8.274232
80.0,5,nearest,2961,98.897924,185.158119,6,626,4.228301
80.0,5,naive_target_aware,2961,22.815508,158.596394,22,349,2.357312
80.0,5,engagement_g00_d0.0,2961,22.815508,158.596394,22,349,2.357312
80.0,5,engagement_g00_d0.25,2961,23.602968,158.997325,21,347,2.343803
80.0,5,engagement_g00_d0.5,2961,24.027402,158.997325,21,347,2.343803
80.0,5,engagement_g00_d1.0,2961,25.003246,159.109671,20,347,2.343803
80.0,5,engagement_g00_d2.0,2961,26.464354,163.495759,19,345,2.330294
80.0,5,engagement_g00_d5.0,2961,29.992486,171.860079,19,340,2.296521
80.0,5,engagement_g00_d10.0,2961,36.491110,180.936103,19,338,2.283012
80.0,5,engagement_g05_d0.0,2961,23.150597,158.997325,21,350,2.364066
80.0,5,engagement_g05_d0.25,2961,23.745663,158.997325,20,347,2.343803
80.0,5,engagement_g05_d0.5,2961,24.265226,159.036879,20,347,2.343803
80.0,5,engagement_g05_d1.0,2961,25.003246,159.109671,20,347,2.343803
80.0,5,engagement_g05_d2.0,2961,26.464354,163.495759,19,345,2.330294
80.0,5,engagement_g05_d5.0,2961,29.992486,171.860079,19,340,2.296521
80.0,5,engagement_g05_d10.0,2961,36.491110,180.936103,19,338,2.283012
80.0,5,oracle_a1,2961,10.937426,62.930855,446,270,1.823708
