phase_duration,policy_id,mean_latency_ms_mean,mean_latency_ms_std,p95_latency_ms_mean,p95_latency_ms_std,migration_count_mean,migration_count_std,max_requests_per_peer_mean,max_requests_per_peer_std,request_imbalance_mean,request_imbalance_std
2.0,engagement_g00_d0.0,96.928069,6.224748,191.222278,5.673745,501.200000,3.033150,204.600000,10.237187,1.359438,0.058930
2.0,engagement_g00_d0.25,104.038686,6.082963,190.685932,4.903489,438.000000,7.778175,206.200000,10.616026,1.369826,0.054107
2.0,engagement_g00_d0.5,105.602571,6.000024,190.470435,5.050503,417.400000,5.770615,210.800000,8.786353,1.400696,0.049110
2.0,engagement_g00_d1.0,106.735851,5.678792,190.540499,4.950751,380.200000,9.679876,216.000000,8.276473,1.435422,0.051467
2.0,engagement_g00_d10.0,98.097755,3.716147,189.226550,3.441842,0.200000,0.447214,954.200000,315.897452,6.324955,2.049319
2.0,engagement_g00_d2.0,105.065586,4.338589,189.913757,4.020958,285.600000,9.914636,225.800000,13.935566,1.500631,0.092169
2.0,engagement_g00_d5.0,100.416667,3.439698,191.255907,3.127735,51.000000,6.782330,489.800000,48.411775,3.253245,0.289944
2.0,engagement_g05_d0.0,99.293480,3.869633,193.867768,3.063186,208.400000,13.427584,273.000000,17.621010,1.816432,0.151048
2.0,engagement_g05_d0.25,102.219793,4.051157,193.867768,3.063186,206.400000,13.776792,274.200000,16.649324,1.824189,0.142742
2.0,engagement_g05_d0.5,103.408063,4.153315,193.867768,3.063186,204.800000,14.007141,273.600000,19.243181,1.820250,0.156908
2.0,engagement_g05_d1.0,104.580555,3.718896,193.412319,3.844298,199.400000,12.381438,281.400000,24.388522,1.872965,0.196823
2.0,engagement_g05_d10.0,98.330865,3.755354,189.226550,3.441842,0.000000,0.000000,987.000000,341.757224,6.538219,2.203241
2.0,engagement_g05_d2.0,104.978095,2.766249,191.829563,2.854834,158.000000,16.985288,303.200000,23.594491,2.015378,0.162849
2.0,engagement_g05_d5.0,100.144803,4.774468,192.335841,2.500837,10.800000,3.346640,712.600000,167.917539,4.723808,1.044810
2.0,naive_target_aware,96.928069,6.224748,191.222278,5.673745,501.200000,3.033150,204.600000,10.237187,1.359438,0.058930
2.0,nearest,95.829420,3.634662,187.781422,7.016598,9.000000,8.972179,848.400000,312.610460,5.625803,2.027862
2.0,oracle_a1,12.267617,0.574346,52.208624,6.667446,1192.800000,64.677662,307.200000,15.642890,2.042782,0.127063
2.0,static,98.330865,3.755354,189.226550,3.441842,0.000000,0.000000,987.000000,341.757224,6.538219,2.203241
5.0,engagement_g00_d0.0,67.698849,6.005107,191.006963,5.495191,298.200000,2.863564,173.400000,3.781534,1.152330,0.018622
5.0,engagement_g00_d0.25,79.759524,7.121309,191.602200,6.204694,292.800000,2.489980,174.400000,4.774935,1.159048,0.031064
5.0,engagement_g00_d0.5,83.727650,7.304608,191.602200,6.204694,290.000000,2.915476,175.600000,5.941380,1.167056,0.040244
5.0,engagement_g00_d1.0,90.597845,7.794748,191.602200,6.204694,286.800000,3.420526,175.600000,4.393177,1.167231,0.037577
5.0,engagement_g00_d10.0,101.116106,4.753981,189.226550,3.441842,2.000000,1.224745,864.400000,281.067252,5.718504,1.752456
5.0,engagement_g00_d2.0,101.360080,8.772904,193.323592,4.481237,275.800000,3.492850,178.600000,10.620734,1.186763,0.065858
5.0,engagement_g00_d5.0,107.401953,5.649525,191.350789,6.034105,120.800000,3.420526,260.400000,16.410363,1.732292,0.137569
5.0,engagement_g05_d0.0,70.044869,5.937222,191.163838,5.660481,281.600000,4.505552,181.600000,12.033287,1.206317,0.066321
5.0,engagement_g05_d0.25,80.257331,6.916969,191.602200,6.204694,279.400000,3.209361,179.600000,12.259690,1.192966,0.067413
5.0,engagement_g05_d0.5,84.199377,7.197536,192.271328,5.534530,278.400000,3.847077,181.400000,9.528903,1.205050,0.048282
5.0,engagement_g05_d1.0,90.870485,7.788262,192.310734,5.466852,277.200000,3.563706,179.200000,11.122050,1.190816,0.069420
5.0,engagement_g05_d10.0,99.837810,3.451188,188.981820,3.525581,0.400000,0.894427,953.800000,315.674199,6.322355,2.048055
5.0,engagement_g05_d2.0,101.665597,8.430215,194.591567,2.565344,266.200000,3.271085,182.000000,14.645819,1.209064,0.087923
5.0,engagement_g05_d5.0,107.613107,5.312460,192.383101,2.935830,97.000000,6.041523,323.800000,59.242721,2.156314,0.422063
5.0,naive_target_aware,67.698849,6.005107,191.006963,5.495191,298.200000,2.863564,173.400000,3.781534,1.152330,0.018622
5.0,nearest,96.945350,4.048085,187.699256,6.985215,9.000000,8.972179,848.400000,312.610460,5.625803,2.027862
5.0,oracle_a1,10.065571,0.684067,50.703787,4.128890,820.400000,22.445490,232.200000,16.724234,1.542478,0.098981
5.0,static,99.679474,3.458060,188.362753,4.011665,0.000000,0.000000,987.000000,341.757224,6.538219,2.203241
10.0,engagement_g00_d0.0,43.181556,3.899503,173.628919,9.274870,152.600000,1.673320,194.400000,15.453155,1.292947,0.117792
10.0,engagement_g00_d0.25,50.033588,4.805248,177.724750,11.948604,150.400000,0.547723,194.600000,14.099645,1.294213,0.109266
10.0,engagement_g00_d0.5,52.257791,4.794857,180.393434,9.488538,150.200000,0.447214,195.600000,15.306861,1.300936,0.117540
10.0,engagement_g00_d1.0,56.453642,5.031714,184.335183,7.645110,150.000000,0.000000,191.400000,16.257306,1.272821,0.120540
10.0,engagement_g00_d10.0,107.971187,5.985123,191.378748,4.827011,56.800000,5.263079,333.400000,87.714309,2.218872,0.603144
10.0,engagement_g00_d2.0,65.228867,5.721511,191.206432,6.126493,149.600000,0.547723,196.000000,19.557607,1.303258,0.139687
10.0,engagement_g00_d5.0,90.589815,8.515764,191.711228,6.075443,148.400000,1.140175,203.400000,11.013628,1.352048,0.079302
10.0,engagement_g05_d0.0,44.085523,4.120585,173.854060,9.202504,151.400000,1.516575,194.600000,15.453155,1.294423,0.119464
10.0,engagement_g05_d0.25,50.149610,4.906500,178.208143,11.378967,150.000000,0.707107,194.600000,14.205633,1.294262,0.110536
10.0,engagement_g05_d0.5,52.331742,4.963942,180.393434,9.488538,149.800000,0.447214,195.400000,15.469324,1.299634,0.118815
10.0,engagement_g05_d1.0,56.466415,5.139819,184.335183,7.645110,149.800000,0.447214,191.400000,16.257306,1.272821,0.120540
10.0,engagement_g05_d10.0,107.412553,5.216195,191.408882,4.863994,48.200000,7.049823,377.600000,76.254836,2.513816,0.538134
10.0,engagement_g05_d2.0,65.174876,5.831168,191.206432,6.126493,149.400000,0.547723,196.000000,19.557607,1.303258,0.139687
10.0,engagement_g05_d5.0,90.419722,8.581711,191.711228,6.075443,147.400000,0.894427,203.400000,11.013628,1.352048,0.079302
10.0,naive_target_aware,43.181556,3.899503,173.628919,9.274870,152.600000,1.673320,194.400000,15.453155,1.292947,0.117792
10.0,nearest,94.628603,5.162581,186.414457,6.469487,9.000000,8.972179,848.400000,312.610460,5.625803,2.027862
10.0,oracle_a1,9.853679,0.860522,53.852790,6.482988,630.800000,38.738869,220.200000,24.600813,1.462387,0.151382
10.0,static,97.494506,4.105796,190.006144,3.069778,0.000000,0.000000,987.000000,341.757224,6.538219,2.203241
20.0,engagement_g00_d0.0,29.659360,2.409533,160.695144,9.654594,76.800000,2.049390,206.600000,12.421755,1.373546,0.092317
20.0,engagement_g00_d0.25,33.045490,2.775649,164.863368,11.398344,75.400000,0.547723,204.400000,15.404545,1.359087,0.113055
20.0,engagement_g00_d0.5,34.077938,2.915779,165.507013,11.067377,75.200000,0.447214,204.200000,14.822281,1.357829,0.110486
20.0,engagement_g00_d1.0,36.073679,2.931326,167.032236,9.294885,75.000000,0.000000,203.200000,14.549914,1.350990,0.105660
20.0,engagement_g00_d10.0,75.952955,7.388045,191.602200,6.204694,74.800000,0.447214,218.800000,18.047160,1.454681,0.128964
20.0,engagement_g00_d2.0,40.410753,3.350866,171.804057,10.514430,74.800000,0.447214,203.000000,12.083046,1.349686,0.090805
20.0,engagement_g00_d5.0,53.630853,4.855954,181.019266,11.841310,74.800000,0.447214,204.400000,8.648699,1.358847,0.068589
20.0,engagement_g05_d0.0,30.147663,2.545537,161.460353,9.910866,76.200000,1.303840,208.000000,11.618950,1.382937,0.089016
20.0,engagement_g05_d0.25,33.132892,2.793095,164.863368,11.398344,75.200000,0.447214,204.400000,15.355781,1.359038,0.112117
20.0,engagement_g05_d0.5,34.167506,2.977287,165.608799,11.033626,75.000000,0.000000,203.800000,15.056560,1.355078,0.110636
20.0,engagement_g05_d1.0,36.104455,2.926969,167.032236,9.294885,75.000000,0.000000,203.400000,14.363147,1.352341,0.104835
20.0,engagement_g05_d10.0,75.955764,7.390591,191.602200,6.204694,74.800000,0.447214,218.800000,18.047160,1.454681,0.128964
20.0,engagement_g05_d2.0,40.410753,3.350866,171.804057,10.514430,74.800000,0.447214,203.000000,12.083046,1.349686,0.090805
20.0,engagement_g05_d5.0,53.630853,4.855954,181.019266,11.841310,74.800000,0.447214,204.400000,8.648699,1.358847,0.068589
20.0,naive_target_aware,29.659360,2.409533,160.695144,9.654594,76.800000,2.049390,206.600000,12.421755,1.373546,0.092317
20.0,nearest,94.642650,3.370941,185.728717,5.894399,9.000000,8.972179,848.400000,312.610460,5.625803,2.027862
20.0,oracle_a1,9.451553,0.688106,54.495982,3.769147,523.200000,23.360223,206.400000,11.104053,1.372070,0.082088
20.0,static,97.873077,4.975063,186.758378,4.804841,0.000000,0.000000,987.000000,341.757224,6.538219,2.203241
40.0,engagement_g00_d0.0,23.431360,2.130522,147.821620,10.153913,41.400000,1.341641,274.000000,43.156691,1.822736,0.304456
40.0,engagement_g00_d0.25,25.256586,2.352435,151.198094,10.986919,40.400000,0.547723,273.600000,43.102204,1.820219,0.305313
40.0,engagement_g00_d0.5,25.772808,2.397816,152.583057,12.493827,40.200000,0.447214,273.800000,42.239792,1.821546,0.299798
40.0,engagement_g00_d1.0,26.884578,2.604156,155.403676,11.419237,40.000000,0.000000,275.400000,42.500588,1.832273,0.302152
40.0,engagement_g00_d10.0,47.862030,5.283189,171.441121,13.019274,39.800000,0.447214,279.400000,33.545492,1.859049,0.247635
40.0,engagement_g00_d2.0,29.167702,2.951817,159.853687,11.665501,39.800000,0.447214,275.400000,42.317845,1.832379,0.301695
40.0,engagement_g00_d5.0,36.071165,3.721132,165.560614,13.032639,39.800000,0.447214,273.600000,34.158454,1.820170,0.247923
40.0,engagement_g05_d0.0,23.699592,2.295250,148.428613,10.699792,41.200000,1.303840,273.200000,43.962484,1.817562,0.310743
40.0,engagement_g05_d0.25,25.342749,2.473273,152.038115,12.549331,40.200000,0.447214,273.200000,43.378566,1.817581,0.307221
40.0,engagement_g05_d0.5,25.867183,2.560821,152.709309,12.730303,40.000000,0.000000,273.400000,42.529989,1.818907,0.301788
40.0,engagement_g05_d1.0,26.917988,2.671378,155.403676,11.419237,40.000000,0.000000,275.400000,42.500588,1.832273,0.302152
40.0,engagement_g05_d10.0,47.865443,5.282736,171.441121,13.019274,39.800000,0.447214,279.400000,33.545492,1.859049,0.247635
40.0,engagement_g05_d2.0,29.167702,2.951817,159.853687,11.665501,39.800000,0.447214,275.400000,42.317845,1.832379,0.301695
40.0,engagement_g05_d5.0,36.071165,3.721132,165.560614,13.032639,39.800000,0.447214,273.600000,34.158454,1.820170,0.247923
40.0,naive_target_aware,23.431360,2.130522,147.821620,10.153913,41.400000,1.341641,274.000000,43.156691,1.822736,0.304456
40.0,nearest,91.709875,6.787839,179.164839,11.393643,9.000000,8.972179,848.400000,312.610460,5.625803,2.027862
40.0,oracle_a1,9.524886,0.672867,55.885028,3.053914,482.400000,30.802597,260.000000,45.585085,1.728597,0.311525
40.0,static,95.959815,7.981059,183.626255,15.118990,0.000000,0.000000,987.000000,341.757224,6.538219,2.203241
80.0,engagement_g00_d0.0,20.050495,1.733999,143.274351,14.069051,21.400000,1.341641,327.400000,14.064139,2.176393,0.107495
80.0,engagement_g00_d0.25,20.953659,1.720538,144.984790,13.967726,20.400000,0.547723,326.200000,13.292855,2.168524,0.105557
80.0,engagement_g00_d0.5,21.209164,1.796154,145.082956,13.985537,20.200000,0.447214,325.200000,13.953494,2.161835,0.108280
80.0,engagement_g00_d1.0,21.802492,1.977270,146.340351,12.567283,20.000000,0.000000,325.200000,13.311649,2.161923,0.106902
80.0,engagement_g00_d10.0,31.882871,3.213983,162.628025,16.591093,19.800000,0.447214,328.200000,10.134101,2.182250,0.099929
80.0,engagement_g00_d2.0,22.988331,2.171971,147.851157,13.659545,19.800000,0.447214,324.800000,11.454257,2.159391,0.100113
80.0,engagement_g00_d5.0,26.268749,2.360367,156.496161,13.372643,19.800000,0.447214,325.000000,8.602325,2.160860,0.090210
80.0,engagement_g05_d0.0,20.181850,1.839632,143.354538,14.178924,21.200000,1.303840,327.600000,14.673105,2.177689,0.110294
80.0,engagement_g05_d0.25,21.000600,1.766197,144.984790,13.967726,20.200000,0.447214,326.200000,13.292855,2.168524,0.105557
80.0,engagement_g05_d0.5,21.263940,1.886430,145.090867,13.995383,20.000000,0.000000,325.200000,13.953494,2.161835,0.108280
80.0,engagement_g05_d1.0,21.802492,1.977270,146.340351,12.567283,20.000000,0.000000,325.200000,13.311649,2.161923,0.106902
80.0,engagement_g05_d10.0,31.891929,3.213054,162.628025,16.591093,19.800000,0.447214,328.200000,10.134101,2.182250,0.099929
80.0,engagement_g05_d2.0,22.988331,2.171971,147.851157,13.659545,19.800000,0.447214,324.800000,11.454257,2.159391,0.100113
80.0,engagement_g05_d5.0,26.268749,2.360367,156.496161,13.372643,19.800000,0.447214,325.000000,8.602325,2.160860,0.090210
80.0,naive_target_aware,20.050495,1.733999,143.274351,14.069051,21.400000,1.341641,327.400000,14.064139,2.176393,0.107495
80.0,nearest,91.128132,11.664788,184.371298,6.767976,9.000000,8.972179,848.400000,312.610460,5.625803,2.027862
80.0,oracle_a1,9.507605,0.836393,57.586665,3.672016,472.600000,28.987929,296.600000,20.415680,1.969642,0.102904
80.0,static,96.214608,12.209387,182.963418,8.221137,0.000000,0.000000,987.000000,341.757224,6.538219,2.203241
