dominant_peer_ratio,seed,total_requests,oracle_mean_latency_ms,online_mean_latency_ms,agree_oracle_demand_count,agree_oracle_demand_rate,agree_oracle_median_count,agree_oracle_median_rate,agree_demand_median_count,agree_demand_median_rate,oracle_self_service_count,oracle_self_service_rate,total_latency_advantage_ms,self_service_advantage_ms,remote_advantage_ms,self_service_advantage_fraction
0.85,1,3072,9.513081,37.061402,2032,0.661458,2525,0.821940,2276,0.740885,2460,0.800781,84628.441408,54768.572619,29859.868789,0.647165
0.85,2,3076,9.541625,44.422502,2042,0.663849,2539,0.825423,2275,0.739597,2469,0.802666,107293.578843,75147.233757,32146.345086,0.700389
0.85,3,2993,9.570423,41.976926,2022,0.675576,2559,0.854995,2250,0.751754,2455,0.820247,96992.662504,72106.025485,24886.637019,0.743417
0.85,4,2947,9.265601,45.256369,1923,0.652528,2376,0.806244,2123,0.720394,2338,0.793349,106064.792975,71125.945261,34938.847714,0.670590
0.85,5,2961,11.377666,47.190579,1918,0.647754,2373,0.801418,2130,0.719352,2299,0.776427,106042.034197,71617.421062,34424.613135,0.675368
0.85,6,2952,9.430288,41.643569,1928,0.653117,2298,0.778455,2070,0.701220,2310,0.782520,95093.604451,60531.682057,34561.922394,0.636548
0.85,7,2971,11.513904,43.627153,2032,0.683945,2555,0.859980,2239,0.753618,2432,0.818580,95408.463654,72045.154309,23363.309345,0.755123
0.85,8,2983,9.825022,38.856227,2010,0.673818,2519,0.844452,2199,0.737177,2404,0.805900,86600.083841,62129.112867,24470.970974,0.717426
0.85,9,2932,10.490822,41.526672,1978,0.674625,2439,0.831855,2104,0.717599,2379,0.811392,90997.110841,65535.513264,25461.597577,0.720193
0.85,10,3006,10.288370,42.195069,2077,0.690951,2604,0.866267,2253,0.749501,2468,0.821025,95911.537943,69222.156892,26689.381051,0.721729
0.85,11,3002,10.185888,44.752829,2004,0.667555,2459,0.819121,2207,0.735177,2372,0.790140,103769.956402,72147.144590,31622.811812,0.695260
0.85,12,3026,9.489922,42.295731,1975,0.652677,2409,0.796100,2143,0.708196,2409,0.796100,99270.378311,66314.536924,32955.841387,0.668019
0.85,13,3014,9.711165,39.584210,2021,0.670537,2501,0.829794,2253,0.747512,2401,0.796616,90037.357259,60552.337056,29485.020203,0.672525
0.85,14,3050,10.749257,41.777575,2036,0.667541,2493,0.817377,2217,0.726885,2450,0.803279,94636.368917,66367.298591,28269.070326,0.701287
0.85,15,3022,10.797526,42.232679,2049,0.678028,2550,0.843812,2247,0.743547,2444,0.808736,94997.033223,68518.910995,26478.122228,0.721274
0.85,16,3097,9.173584,38.223358,2113,0.682273,2615,0.844366,2307,0.744914,2515,0.812076,89967.150660,61471.076882,28496.073778,0.683261
0.85,17,2945,9.582919,44.727215,1931,0.655688,2419,0.821392,2188,0.742954,2355,0.799660,103499.949985,74830.829803,28669.120182,0.723004
0.85,18,3040,9.129929,43.624107,2044,0.672368,2497,0.821382,2241,0.737171,2420,0.796053,104862.301416,73145.689218,31716.612198,0.697540
0.85,19,2979,9.178198,48.767082,1931,0.648204,2310,0.775428,2079,0.697885,2337,0.784491,117935.285275,79139.427036,38795.858239,0.671041
0.85,20,3045,10.626512,42.994072,2052,0.673892,2545,0.835796,2296,0.754023,2447,0.803612,98559.222074,69502.948430,29056.273644,0.705190
0.85,21,3058,9.459443,45.608976,2090,0.683453,2529,0.827011,2267,0.741334,2492,0.814912,110545.272196,77096.406726,33448.865470,0.697419
0.85,22,3009,9.324820,42.279796,2043,0.678963,2483,0.825191,2235,0.742772,2408,0.800266,99161.522839,67165.335179,31996.187660,0.677333
0.85,23,3060,10.074309,41.454344,2074,0.677778,2491,0.814052,2200,0.718954,2434,0.795425,96022.905021,62404.161884,33618.743137,0.649888
0.85,24,2894,10.733364,45.204091,1934,0.668279,2444,0.844506,2150,0.742916,2313,0.799240,99758.283067,72131.992993,27626.290074,0.723068
0.85,25,2903,9.718985,44.605066,1946,0.670341,2421,0.833965,2088,0.719256,2358,0.812263,101274.291891,74940.188326,26334.103565,0.739972
0.85,26,3057,10.272160,43.743007,2025,0.662414,2480,0.811253,2214,0.724239,2430,0.794897,102320.378724,64925.680235,37394.698489,0.634533
0.85,27,2968,10.307184,44.570322,1994,0.671833,2519,0.848720,2230,0.751348,2403,0.809636,101692.995131,74939.956777,26753.038354,0.736923
0.85,28,3014,9.412165,44.177287,2009,0.666556,2451,0.813205,2153,0.714333,2422,0.803583,104782.076809,72591.838691,32190.238118,0.692789
0.85,29,3063,9.313420,40.021238,2081,0.679399,2543,0.830232,2209,0.721188,2473,0.807378,94058.047133,65925.553332,28132.493801,0.700903
0.85,30,2933,11.501288,47.753788,2023,0.689737,2518,0.858507,2171,0.740198,2397,0.817252,106328.583563,81360.443646,24968.139917,0.765179
0.7,1,3072,15.017813,47.475798,1728,0.562500,1810,0.589193,1740,0.566406,1950,0.634766,99710.931688,44648.938149,55061.993539,0.447784
0.7,2,3076,15.558655,54.936778,1699,0.552341,2011,0.653771,2069,0.672627,1986,0.645644,121127.107212,65614.170785,55512.936427,0.541697
0.7,3,2993,16.342900,53.685799,1688,0.563983,1935,0.646509,1911,0.638490,1922,0.642165,111767.296348,57053.574598,54713.721750,0.510468
0.7,4,2947,14.694471,54.144022,1594,0.540889,1751,0.594164,1792,0.608076,1873,0.635562,116257.827325,59624.737616,56633.089709,0.512866
0.7,5,2961,17.041772,57.535094,1651,0.557582,1837,0.620399,1767,0.596758,1893,0.639311,119900.725428,63425.020536,56475.704892,0.528979
0.7,6,2952,15.142107,51.973545,1615,0.547087,1807,0.612127,1850,0.626694,1843,0.624322,108726.405668,51488.475727,57237.929941,0.473560
0.7,7,2971,18.567817,56.483706,1689,0.568495,2021,0.680242,2018,0.679233,1961,0.660047,112648.107550,64599.818545,48048.289005,0.573466
0.7,8,2983,15.991700,52.413277,1608,0.539055,1780,0.596715,1761,0.590345,1874,0.628227,108645.563838,51962.900835,56682.663003,0.478279
0.7,9,2932,16.572935,52.276322,1653,0.563779,1943,0.662688,1920,0.654843,1892,0.645293,104682.330000,54916.010848,49766.319152,0.524597
0.7,10,3006,16.796487,52.506491,1758,0.584830,2126,0.707252,1999,0.665003,1987,0.661011,107344.269927,58207.425032,49136.844895,0.542250
0.7,11,3002,16.372835,56.376542,1663,0.553964,1947,0.648568,1839,0.612592,1914,0.637575,120091.127972,64241.172322,55849.955650,0.534937
0.7,12,3026,15.424503,52.326349,1624,0.536682,1722,0.569068,1715,0.566755,1851,0.611699,111664.986155,49863.509826,61801.476329,0.446546
0.7,13,3014,15.382228,49.848221,1727,0.572993,1993,0.661248,2021,0.670537,1963,0.651294,103880.504924,50849.125947,53031.378977,0.489496
0.7,14,3050,18.274749,55.094780,1679,0.550492,1938,0.635410,1936,0.634754,1923,0.630492,112301.095392,55747.182783,56553.912609,0.496408
0.7,15,3022,17.359857,55.150445,1698,0.561880,1897,0.627730,1850,0.612177,1930,0.638650,114203.158036,56463.539980,57739.618056,0.494413
0.7,16,3097,15.104947,48.168809,1817,0.586697,2100,0.678076,2065,0.666774,2002,0.646432,102398.779651,50871.855653,51526.923998,0.496801
0.7,17,2945,15.988442,54.790248,1607,0.545671,1876,0.637012,1806,0.613243,1865,0.633277,114271.321010,62431.643106,51839.677904,0.546346
0.7,18,3040,14.382045,54.932337,1676,0.551316,1873,0.616118,1818,0.598026,1921,0.631908,123272.886051,60926.309042,62346.577009,0.494239
0.7,19,2979,14.770060,58.370837,1605,0.538771,1774,0.595502,1732,0.581403,1869,0.627392,129886.713620,62783.207685,67103.505935,0.483369
0.7,20,3045,17.119326,54.754736,1748,0.574056,1981,0.650575,1926,0.632512,1989,0.653202,114599.824037,59997.357693,54602.466344,0.523538
0.7,21,3058,15.908110,56.009350,1727,0.564748,2044,0.668411,1946,0.636364,1967,0.643231,122629.591664,65492.709188,57136.882476,0.534069
0.7,22,3009,15.636320,55.039088,1623,0.539382,1834,0.609505,1830,0.608175,1860,0.618146,118562.928815,54543.209377,64019.719438,0.460036
0.7,23,3060,15.724076,52.278965,1773,0.579412,1955,0.638889,1830,0.598039,1984,0.648366,111857.960367,55129.798018,56728.162349,0.492855
0.7,24,2894,17.579200,56.252161,1605,0.554596,1862,0.643400,1807,0.624395,1881,0.649965,111919.547438,63010.662831,48908.884607,0.563000
0.7,25,2903,16.133316,55.574991,1611,0.554943,1849,0.636927,1852,0.637961,1869,0.643817,114499.181904,61745.176701,52754.005203,0.539263
0.7,26,3057,16.008494,55.102602,1717,0.561662,1946,0.636572,2016,0.659470,1978,0.647040,119510.689023,56178.255342,63332.433681,0.470069
0.7,27,2968,16.966595,57.036674,1614,0.543801,1858,0.626011,1862,0.627358,1894,0.638140,118927.994120,62148.655823,56779.338297,0.522574
0.7,28,3014,15.232565,55.462374,1590,0.527538,1723,0.571666,1632,0.541473,1854,0.615129,121252.644899,57289.990807,63962.654092,0.472484
0.7,29,3063,15.320632,50.617659,1748,0.570682,1958,0.639243,1878,0.613124,1955,0.638263,108114.795059,56143.753677,51971.041382,0.519298
0.7,30,2933,18.503161,59.108201,1701,0.579952,2037,0.694511,1985,0.676781,1944,0.662803,119094.580969,70451.600947,48642.980022,0.591560
0.6,1,3072,18.249826,56.019434,1439,0.468424,1489,0.484701,1496,0.486979,1630,0.530599,116028.237302,44279.461370,71748.775932,0.381627
0.6,2,3076,19.152858,62.663056,1441,0.468466,1729,0.562094,1721,0.559493,1617,0.525683,133837.369107,59638.425175,74198.943932,0.445604
0.6,3,2993,19.926354,62.165845,1433,0.478784,1574,0.525894,1638,0.547277,1629,0.544270,126422.796300,54323.931910,72098.864390,0.429700
0.6,4,2947,18.300004,62.870098,1292,0.438412,1419,0.481507,1500,0.508992,1533,0.520190,131348.066939,55174.483511,76173.583428,0.420063
0.6,5,2961,20.621858,65.208122,1382,0.466734,1540,0.520095,1597,0.539345,1570,0.530226,132019.927265,57816.647207,74203.280058,0.437939
0.6,6,2952,18.240397,60.222340,1365,0.462398,1490,0.504743,1521,0.515244,1541,0.522019,123930.696221,47302.739047,76627.957174,0.381687
0.6,7,2971,24.075323,66.014829,1404,0.472568,1626,0.547290,1700,0.572198,1602,0.539212,124602.272221,58073.807853,66528.464368,0.466073
0.6,8,2983,19.467287,58.634507,1403,0.470332,1555,0.521287,1524,0.510895,1590,0.533020,116835.818681,45876.085134,70959.733547,0.392654
0.6,9,2932,20.229657,61.398321,1422,0.484993,1496,0.510232,1546,0.527285,1583,0.539905,120706.524015,45799.111649,74907.412366,0.379425
0.6,10,3006,20.601343,60.139514,1453,0.483367,1638,0.544910,1637,0.544578,1674,0.556886,118851.741381,55738.040319,63113.701062,0.468971
0.6,11,3002,20.202286,63.210124,1383,0.460693,1711,0.569953,1694,0.564290,1556,0.518321,129109.531729,54237.608499,74871.923230,0.420090
0.6,12,3026,18.032703,58.929129,1348,0.445473,1445,0.477528,1516,0.500991,1563,0.516523,123752.587691,47300.440338,76452.147353,0.382218
0.6,13,3014,18.181707,59.239338,1390,0.461181,1540,0.510949,1640,0.544127,1671,0.554413,123747.699626,53633.197529,70114.502097,0.433408
0.6,14,3050,22.556518,63.822306,1410,0.462295,1637,0.536721,1787,0.585902,1597,0.523607,125860.651303,52011.974464,73848.676839,0.413250
0.6,15,3022,20.017677,63.105971,1416,0.468564,1479,0.489411,1425,0.471542,1662,0.549967,130212.824287,55643.986690,74568.837597,0.427331
0.6,16,3097,18.339875,57.275902,1495,0.482725,1665,0.537617,1712,0.552793,1708,0.551501,120584.874851,52578.523028,68006.351823,0.436029
0.6,17,2945,19.036703,61.518276,1382,0.469270,1533,0.520543,1405,0.477080,1591,0.540238,125108.230205,55045.065000,70063.165205,0.439980
0.6,18,3040,17.187844,62.486840,1367,0.449671,1479,0.486513,1627,0.535197,1579,0.519408,137708.947247,55404.006664,82304.940583,0.402327
0.6,19,2979,17.078113,64.658677,1364,0.457872,1473,0.494461,1501,0.503860,1587,0.532729,141742.500020,58811.557361,82930.942659,0.414918
0.6,20,3045,20.800403,61.973165,1526,0.501149,1711,0.561905,1631,0.535632,1667,0.547455,125371.059422,53839.671133,71531.388289,0.429443
0.6,21,3058,20.072867,64.434239,1524,0.498365,1661,0.543165,1526,0.499019,1704,0.557227,135657.077284,60434.121766,75222.955518,0.445492
0.6,22,3009,19.601926,63.600387,1307,0.434364,1459,0.484879,1447,0.480891,1521,0.505484,132391.367255,48522.241107,83869.126148,0.366506
0.6,23,3060,18.631118,60.314404,1462,0.477778,1509,0.493137,1361,0.444771,1676,0.547712,127550.856584,52115.981832,75434.874752,0.408590
0.6,24,2894,20.269751,62.407732,1449,0.500691,1538,0.531444,1525,0.526952,1640,0.566690,121947.315749,56561.831653,65385.484096,0.463822
0.6,25,2903,19.761212,60.756194,1453,0.500517,1542,0.531175,1564,0.538753,1595,0.549432,119008.434157,51645.572369,67362.861788,0.433966
0.6,26,3057,19.731692,63.646467,1404,0.459274,1544,0.505070,1611,0.526987,1589,0.519791,134247.466511,52536.126611,81711.339900,0.391338
0.6,27,2968,20.885729,64.279192,1415,0.476752,1588,0.535040,1634,0.550539,1586,0.534367,128791.800371,56878.614085,71913.186286,0.441632
0.6,28,3014,18.227160,62.426166,1366,0.453218,1528,0.506967,1476,0.489715,1565,0.519244,133215.804369,52190.805196,81024.999173,0.391776
0.6,29,3063,18.961362,58.846791,1416,0.462292,1527,0.498531,1615,0.527261,1543,0.503754,122169.070063,46524.251892,75644.818171,0.380819
0.6,30,2933,22.561672,66.565989,1427,0.486533,1606,0.547562,1660,0.565973,1615,0.550631,129064.663719,62785.979630,66278.684089,0.486469
0.5,1,3072,20.831069,63.955193,1097,0.357096,1146,0.373047,1120,0.364583,1355,0.441081,132477.309088,51346.123387,81131.185701,0.387584
0.5,2,3076,22.365212,71.316389,1131,0.367685,1234,0.401170,1346,0.437581,1325,0.430754,150573.819917,51437.688491,99136.131426,0.341611
0.5,3,2993,23.207613,70.809832,1135,0.379218,1269,0.423989,1325,0.442700,1325,0.442700,142473.440756,53317.741775,89155.698981,0.374229
0.5,4,2947,20.601896,69.526025,1038,0.352223,1133,0.384459,1328,0.450628,1263,0.428571,144179.407211,52538.600545,91640.806666,0.364397
0.5,5,2961,22.902751,72.377808,1082,0.365417,1186,0.400540,1192,0.402567,1310,0.442418,146495.644109,55877.038343,90618.605766,0.381425
0.5,6,2952,20.900020,68.778697,1141,0.386518,1358,0.460027,1265,0.428523,1243,0.421070,141337.852185,46117.779814,95220.072371,0.326295
0.5,7,2971,27.245172,73.789860,1171,0.394143,1294,0.435544,1314,0.442275,1389,0.467519,138284.268227,57404.259934,80880.008293,0.415118
0.5,8,2983,22.075017,66.434422,1113,0.373114,1239,0.415354,1119,0.375126,1275,0.427422,132324.104211,41271.052019,91053.052192,0.311894
0.5,9,2932,22.835561,68.451015,1126,0.384038,1171,0.399386,1249,0.425989,1325,0.451910,133744.511644,48103.069767,85641.441877,0.359664
0.5,10,3006,24.280715,68.522824,1252,0.416500,1347,0.448104,1139,0.378909,1394,0.463739,132991.779055,50453.800224,82537.978831,0.379375
0.5,11,3002,21.754507,71.637851,1093,0.364091,1314,0.437708,1283,0.427382,1313,0.437375,149749.798850,54316.385919,95433.412931,0.362714
0.5,12,3026,21.056252,68.774874,1008,0.333113,1162,0.384005,1062,0.350958,1202,0.397224,144396.550247,43693.070084,100703.480163,0.302591
0.5,13,3014,21.197538,67.796004,1157,0.383875,1126,0.373590,1201,0.398474,1387,0.460186,140447.774972,54323.363144,86124.411828,0.386787
0.5,14,3050,25.462298,74.788450,1134,0.371803,1221,0.400328,1414,0.463607,1318,0.432131,150444.762590,54522.524628,95922.237962,0.362409
0.5,15,3022,23.851664,72.691348,1138,0.376572,1127,0.372932,1042,0.344805,1388,0.459298,147593.524988,55076.520951,92517.004037,0.373164
0.5,16,3097,20.517080,65.421372,1271,0.410397,1413,0.456248,1362,0.439780,1442,0.465612,139068.590539,52991.052123,86077.538416,0.381043
0.5,17,2945,21.987728,68.630646,1099,0.373175,1234,0.419015,1128,0.383022,1313,0.445840,137363.392481,52085.979839,85277.412642,0.379184
0.5,18,3040,20.401259,71.249312,1100,0.361842,1191,0.391776,1243,0.408882,1303,0.428618,154578.080672,56190.806543,98387.274129,0.363511
0.5,19,2979,20.737612,73.030113,1037,0.348103,1107,0.371601,1035,0.347432,1231,0.413226,155779.361302,49631.507288,106147.854014,0.318601
0.5,20,3045,23.197817,71.184605,1180,0.387521,1222,0.401314,1163,0.381938,1424,0.467652,146119.770087,57658.803270,88460.966817,0.394600
0.5,21,3058,22.878854,72.189307,1223,0.399935,1306,0.427077,1294,0.423152,1410,0.461086,150791.367386,55220.821242,95570.546144,0.366207
0.5,22,3009,21.393348,72.436139,1057,0.351279,1124,0.373546,1090,0.362247,1270,0.422067,153587.756792,51334.417805,102253.338987,0.334235
0.5,23,3060,21.820376,67.956633,1183,0.386601,1277,0.417320,1057,0.345425,1392,0.454902,141176.944260,48507.976715,92668.967545,0.343597
0.5,24,2894,23.897013,69.765634,1199,0.414305,1258,0.434692,1305,0.450933,1376,0.475466,132743.789258,53196.404150,79547.385108,0.400745
0.5,25,2903,22.082568,70.633657,1067,0.367551,1150,0.396142,1038,0.357561,1314,0.452635,140943.811110,52860.067594,88083.743516,0.375044
0.5,26,3057,23.034061,74.269239,1033,0.337913,1136,0.371606,1043,0.341184,1237,0.404645,156625.938132,50821.822562,105804.115570,0.324479
0.5,27,2968,23.191439,72.320962,1053,0.354784,1098,0.369946,1067,0.359501,1318,0.444070,145816.423817,55783.349088,90033.074729,0.382559
0.5,28,3014,20.863215,71.484199,1021,0.338752,1195,0.396483,938,0.311214,1279,0.424353,152571.645551,54904.717877,97666.927674,0.359862
0.5,29,3063,20.802722,67.215384,1134,0.370225,1334,0.435521,1295,0.422788,1270,0.414626,142161.985352,44615.160679,97546.824673,0.313833
0.5,30,2933,26.617682,75.843706,1169,0.398568,1300,0.443232,1381,0.470849,1336,0.455506,144379.926539,58116.669395,86263.257144,0.402526
0.4,1,3072,23.049935,70.454643,984,0.320312,1063,0.346029,1002,0.326172,1214,0.395182,145627.262718,50650.029990,94977.232728,0.347806
0.4,2,3076,25.340160,78.250513,889,0.289012,1079,0.350780,962,0.312744,1097,0.356632,162752.245889,48787.191729,113965.054160,0.299764
0.4,3,2993,25.800442,77.850162,873,0.291681,1001,0.334447,1019,0.340461,1105,0.369195,155784.810691,55480.871486,100303.939205,0.356138
0.4,4,2947,22.300706,80.391788,774,0.262640,849,0.288090,829,0.281303,1063,0.360706,171194.417726,55743.360322,115451.057404,0.325614
0.4,5,2961,24.839670,79.768313,843,0.284701,852,0.287741,820,0.276933,1097,0.370483,162643.712685,56859.383941,105784.328744,0.349595
0.4,6,2952,23.334025,77.684477,802,0.271680,1070,0.362466,873,0.295732,984,0.333333,160442.533440,45734.091310,114708.442130,0.285050
0.4,7,2971,29.492219,84.065989,784,0.263884,979,0.329519,1049,0.353080,1107,0.372602,162138.669430,65590.978545,96547.690885,0.404536
0.4,8,2983,24.403780,75.300734,833,0.279249,1085,0.363728,859,0.287965,1057,0.354341,151825.615256,47653.325134,104172.290122,0.313869
0.4,9,2932,24.997821,77.566072,895,0.305252,928,0.316508,978,0.333561,1086,0.370396,154130.112004,51779.179583,102350.932421,0.335945
0.4,10,3006,26.008225,77.804733,891,0.296407,1049,0.348969,789,0.262475,1189,0.395542,155700.303322,58865.174309,96835.129013,0.378067
0.4,11,3002,24.038235,79.961752,821,0.273484,1082,0.360426,937,0.312125,1057,0.352099,167882.397386,54776.740311,113105.657075,0.326280
0.4,12,3026,23.162708,78.103179,783,0.258757,937,0.309650,732,0.241904,1034,0.341705,166249.864840,49118.225657,117131.639183,0.295448
0.4,13,3014,24.181244,75.663979,899,0.298275,987,0.327472,935,0.310219,1138,0.377571,155168.962655,52923.156439,102245.806216,0.341068
0.4,14,3050,27.423556,81.054378,915,0.300000,950,0.311475,1101,0.360984,1143,0.374754,163574.006652,56739.356458,106834.650194,0.346873
0.4,15,3022,25.861818,82.116988,824,0.272667,909,0.300794,697,0.230642,1141,0.377565,170003.122083,62263.545994,107739.576089,0.366249
0.4,16,3097,22.886948,75.287606,960,0.309977,1030,0.332580,1168,0.377139,1202,0.388118,162284.837937,53841.897787,108442.940150,0.331774
0.4,17,2945,24.544156,76.424808,855,0.290323,936,0.317827,768,0.260781,1044,0.354499,152788.521595,50823.555968,101964.965627,0.332640
0.4,18,3040,22.310806,77.660948,888,0.292105,940,0.309211,1009,0.331908,1094,0.359868,168264.430648,54836.574166,113427.856482,0.325895
0.4,19,2979,23.067317,81.979781,759,0.254783,932,0.312857,763,0.256126,1003,0.336690,175500.230982,49573.670306,125926.560676,0.282471
0.4,20,3045,26.146362,78.450072,918,0.301478,1059,0.347783,990,0.325123,1189,0.390476,159264.795915,58630.594823,100634.201092,0.368133
0.4,21,3058,24.912147,80.662098,907,0.296599,1030,0.336821,912,0.298234,1172,0.383257,170483.350017,57477.760584,113005.589433,0.337146
0.4,22,3009,23.962918,79.877599,792,0.263210,984,0.327019,875,0.290794,1058,0.351612,168247.274918,56806.938757,111440.336161,0.337640
0.4,23,3060,24.083069,78.903221,942,0.307843,1060,0.346405,861,0.281373,1229,0.401634,167749.663892,63452.330539,104297.333353,0.378256
0.4,24,2894,26.326137,79.481223,889,0.307187,1017,0.351417,985,0.340359,1157,0.399793,153830.816707,56488.811093,97342.005614,0.367214
0.4,25,2903,25.182879,80.126988,810,0.279022,884,0.304513,863,0.297279,1090,0.375474,159502.750081,59284.326168,100218.423913,0.371682
0.4,26,3057,25.362034,83.660116,772,0.252535,1093,0.357540,1001,0.327445,1018,0.333006,178217.237342,51280.623090,126936.614252,0.287742
0.4,27,2968,25.562980,81.746645,829,0.279313,959,0.323113,825,0.277965,1188,0.400270,166753.117959,64589.316636,102163.801323,0.387335
0.4,28,3014,23.206395,81.311056,803,0.266423,1037,0.344061,588,0.195090,1000,0.331785,175127.446883,47843.902424,127283.544459,0.273195
0.4,29,3063,23.047032,75.445150,858,0.280118,1104,0.360431,970,0.316683,1043,0.340516,160495.436885,44935.024983,115560.411902,0.279977
0.4,30,2933,29.382358,85.293294,852,0.290488,1030,0.351176,834,0.284350,1099,0.374702,163986.775038,61755.407817,102231.367221,0.376588
0.3,1,3072,24.653691,81.125394,679,0.221029,812,0.264323,599,0.194987,986,0.320964,173481.069667,54774.659285,118706.410382,0.315739
0.3,2,3076,27.220283,88.712618,633,0.205787,911,0.296164,505,0.164174,924,0.300390,189150.423559,57953.824730,131196.598829,0.306390
0.3,3,2993,26.534681,87.480903,614,0.205145,818,0.273304,560,0.187103,952,0.318076,182412.043195,64432.287650,117979.755545,0.353224
0.3,4,2947,23.543982,86.626035,584,0.198168,713,0.241941,587,0.199186,913,0.309807,185902.807487,57366.566893,128536.240594,0.308584
0.3,5,2961,26.146739,89.835618,596,0.201283,733,0.247552,554,0.187099,943,0.318473,188582.768962,62598.156237,125984.612725,0.331940
0.3,6,2952,25.655339,87.972437,535,0.181233,968,0.327913,505,0.171070,803,0.272019,183960.074375,49982.015135,133978.059240,0.271700
0.3,7,2971,31.687517,94.520856,585,0.196903,834,0.280714,576,0.193874,1002,0.337260,186677.850773,72000.806712,114677.044061,0.385695
0.3,8,2983,26.561582,86.318881,604,0.202481,983,0.329534,417,0.139792,863,0.289306,178256.023097,49776.769852,128479.253245,0.279243
0.3,9,2932,25.612096,85.847425,625,0.213165,743,0.253411,739,0.252046,946,0.322647,176609.983438,57481.981506,119128.001932,0.325474
0.3,10,3006,28.685534,88.392284,615,0.204591,916,0.304724,495,0.164671,974,0.324019,179478.490273,60252.015969,119226.474304,0.335706
0.3,11,3002,25.282287,88.039095,574,0.191206,746,0.248501,550,0.183211,913,0.304131,188395.937130,55874.610365,132521.326765,0.296581
0.3,12,3026,24.710851,87.483706,535,0.176801,815,0.269332,577,0.190681,799,0.264045,189950.657878,49465.739080,140484.918798,0.260414
0.3,13,3014,25.869016,84.520870,593,0.196749,734,0.243530,617,0.204711,917,0.304247,176776.688730,55797.012722,120979.676008,0.315636
0.3,14,3050,30.201493,91.656568,662,0.217049,751,0.246230,770,0.252459,937,0.307213,187437.977933,62461.086629,124976.891304,0.333236
0.3,15,3022,27.261295,88.207518,658,0.217737,809,0.267704,483,0.159828,1006,0.332892,184179.486619,66150.901016,118028.585603,0.359165
0.3,16,3097,24.073399,84.916486,661,0.213432,743,0.239910,665,0.214724,1032,0.333226,188431.041860,62307.944202,126123.097658,0.330667
0.3,17,2945,26.000866,84.488117,640,0.217317,888,0.301528,581,0.197284,947,0.321562,172244.953838,58953.460562,113291.493276,0.342265
0.3,18,3040,23.604530,87.458806,625,0.205592,783,0.257566,580,0.190789,970,0.319079,194116.999371,60555.842376,133561.156995,0.311955
0.3,19,2979,25.051547,92.019192,501,0.168177,901,0.302450,526,0.176569,792,0.265861,199496.614248,50169.085547,149327.528701,0.251478
0.3,20,3045,27.968991,89.140680,668,0.219376,867,0.284729,559,0.183580,1046,0.343514,186267.793045,74055.763567,112212.029478,0.397577
0.3,21,3058,27.047569,88.216463,661,0.216154,854,0.279267,673,0.220078,967,0.316220,187054.475824,56504.726626,130549.749198,0.302076
0.3,22,3009,25.040402,90.321014,554,0.184114,834,0.277168,547,0.181788,871,0.289465,196429.362739,61024.873410,135404.489329,0.310671
0.3,23,3060,25.296485,86.103293,664,0.216993,778,0.254248,522,0.170588,1030,0.336601,186068.830539,64431.723244,121637.107295,0.346279
0.3,24,2894,27.627509,89.778809,587,0.202833,708,0.244644,578,0.199724,985,0.340359,179865.861566,64816.966759,115048.894807,0.360363
0.3,25,2903,25.921796,86.135634,598,0.205994,699,0.240785,526,0.181192,981,0.337926,174800.772091,63056.329311,111744.442780,0.360733
0.3,26,3057,26.790419,94.604127,547,0.178934,845,0.276415,536,0.175335,884,0.289172,207306.506945,60847.715625,146458.791320,0.293516
0.3,27,2968,27.029671,89.922194,634,0.213612,746,0.251348,508,0.171159,1033,0.348046,186665.008284,72226.553772,114438.454512,0.386931
0.3,28,3014,25.087881,89.865312,518,0.171865,978,0.324486,342,0.113470,837,0.277704,195239.178826,56218.149743,139021.029083,0.287945
0.3,29,3063,24.897032,83.299322,626,0.204375,957,0.312439,577,0.188377,801,0.261508,178886.215975,44304.068974,134582.147001,0.247666
0.3,30,2933,31.390524,95.558347,628,0.214115,813,0.277191,525,0.178998,907,0.309240,188204.225568,63119.436546,125084.789022,0.335377
0.25,1,3072,25.703907,85.000554,551,0.179362,779,0.253581,514,0.167318,893,0.290690,182159.300283,55830.569678,126328.730605,0.306493
0.25,2,3076,27.912219,93.323234,524,0.170351,892,0.289987,449,0.145969,849,0.276008,201204.281267,59157.680465,142046.600802,0.294018
0.25,3,2993,28.047258,91.735575,531,0.177414,709,0.236886,520,0.173739,896,0.299365,190619.132821,61447.242012,129171.890809,0.322356
0.25,4,2947,24.480414,90.415417,510,0.173057,665,0.225653,386,0.130981,819,0.277910,194310.454054,59537.784905,134772.669149,0.306405
0.25,5,2961,27.233132,94.829212,505,0.170550,615,0.207700,479,0.161770,865,0.292131,200151.993961,62855.445538,137296.548423,0.314039
0.25,6,2952,25.543995,89.713271,508,0.172087,804,0.272358,517,0.175136,825,0.279472,189427.702346,56468.301894,132959.400452,0.298099
0.25,7,2971,32.221926,99.649205,489,0.164591,743,0.250084,398,0.133962,951,0.320094,200326.447708,76748.897246,123577.550462,0.383119
0.25,8,2983,27.421539,91.675526,492,0.164935,947,0.317466,255,0.085484,761,0.255112,191669.642008,49524.304919,142145.337089,0.258384
0.25,9,2932,26.761416,91.010245,521,0.177694,660,0.225102,471,0.160641,857,0.292292,188377.565624,59532.822159,128844.743465,0.316029
0.25,10,3006,29.627710,92.563110,536,0.178310,804,0.267465,375,0.124750,901,0.299734,189183.813537,64687.760995,124496.052542,0.341931
0.25,11,3002,27.067685,91.956048,560,0.186542,722,0.240506,579,0.192871,840,0.279813,194794.865784,57463.921466,137330.944318,0.294997
0.25,12,3026,25.346942,93.043868,434,0.143424,711,0.234964,413,0.136484,757,0.250165,204850.899022,52927.640807,151923.258215,0.258372
0.25,13,3014,26.283562,89.471915,512,0.169874,748,0.248175,462,0.153285,870,0.288653,190449.697523,61234.504488,129215.193035,0.321526
0.25,14,3050,30.287395,98.311348,513,0.168197,692,0.226885,539,0.176721,888,0.291148,207473.056686,71778.445249,135694.611437,0.345965
0.25,15,3022,28.162006,92.417172,542,0.179351,730,0.241562,320,0.105890,956,0.316347,194179.112546,68470.066642,125709.045904,0.352613
0.25,16,3097,24.595990,88.039463,590,0.190507,794,0.256377,565,0.182435,973,0.314175,196484.436556,63229.553354,133254.883202,0.321804
0.25,17,2945,27.919699,88.520778,531,0.180306,769,0.261121,330,0.112054,831,0.282173,178470.177851,54278.727834,124191.450017,0.304133
0.25,18,3040,24.597733,93.185016,503,0.165461,676,0.222368,532,0.175000,827,0.272039,208505.340906,58388.980846,150116.360060,0.280036
0.25,19,2979,25.326441,96.884057,422,0.141658,815,0.273582,285,0.095670,748,0.251091,213170.138054,56765.348381,156404.789673,0.266291
0.25,20,3045,29.448732,93.149687,532,0.174713,796,0.261412,482,0.158292,932,0.306076,193969.409109,67428.641389,126540.767720,0.347625
0.25,21,3058,28.023923,91.751716,550,0.179856,764,0.249836,457,0.149444,872,0.285154,194879.592521,60412.164489,134467.428032,0.309997
0.25,22,3009,25.784865,95.872424,444,0.147557,723,0.240279,411,0.136590,788,0.261881,210893.464074,59865.408878,151028.055196,0.283866
0.25,23,3060,26.287112,89.392210,591,0.193137,764,0.249673,426,0.139216,993,0.324510,193101.599607,67302.489125,125799.110482,0.348534
0.25,24,2894,28.019834,92.355815,523,0.180719,697,0.240843,394,0.136144,996,0.344160,186188.330375,74459.413444,111728.916931,0.399915
0.25,25,2903,27.225742,92.248656,540,0.186014,727,0.250431,441,0.151912,931,0.320703,188761.517608,69034.067287,119727.450321,0.365721
0.25,26,3057,27.084175,98.765474,491,0.160615,749,0.245011,484,0.158325,823,0.269218,219129.728290,64268.193032,154861.535258,0.293288
0.25,27,2968,27.488277,93.721981,516,0.173854,746,0.251348,479,0.161388,909,0.306267,196581.631787,67337.113855,129244.517932,0.342540
0.25,28,3014,24.988265,93.607081,449,0.148971,891,0.295620,264,0.087591,815,0.270405,206817.111395,56432.374945,150384.736450,0.272861
0.25,29,3063,25.816950,89.616069,493,0.160953,943,0.307868,490,0.159974,718,0.234411,195416.701436,48023.570936,147393.130500,0.245750
0.25,30,2933,31.981159,99.840728,521,0.177634,816,0.278213,507,0.172861,849,0.289465,199032.115396,64981.629626,134050.485770,0.326488
