dominant_peer_ratio,policy_id,total_requests_mean,total_requests_std,self_service_count_mean,self_service_count_std,self_service_rate_mean,self_service_rate_std,mean_rtt_remote_ms_mean,mean_rtt_remote_ms_std,mean_rtt_all_ms_mean,mean_rtt_all_ms_std,measured_mean_latency_ms_mean,measured_mean_latency_ms_std,predicted_mean_latency_ms_mean,predicted_mean_latency_ms_std,abs_error_ms_mean,abs_error_ms_std,rel_error_mean,rel_error_std
0.25,engagement_g00_d0.0,3002.400000,53.895557,386.366667,25.776872,0.128627,0.007183,104.120423,3.656802,90.735562,3.487046,92.735562,3.487046,92.735562,3.487046,0.000000,0.000000,0.000000,0.000000
0.25,engagement_g00_d0.25,3002.400000,53.895557,362.900000,22.732856,0.120822,0.006342,104.070481,3.716895,91.503967,3.538157,93.503967,3.538157,93.503967,3.538157,0.000000,0.000000,0.000000,0.000000
0.25,engagement_g00_d0.5,3002.400000,53.895557,354.266667,23.651104,0.117942,0.006653,104.057843,3.725847,91.791378,3.532175,93.791378,3.532175,93.791378,3.532175,0.000000,0.000000,0.000000,0.000000
0.25,engagement_g00_d1.0,3002.400000,53.895557,330.733333,22.021828,0.110115,0.006361,104.120699,3.718505,92.661351,3.532226,94.661351,3.532226,94.661351,3.532226,0.000000,0.000000,0.000000,0.000000
0.25,engagement_g00_d10.0,3002.400000,53.895557,139.266667,11.996934,0.046371,0.003751,104.146868,5.046648,99.323356,4.960162,101.323356,4.960162,101.323356,4.960162,0.000000,0.000000,0.000000,0.000000
0.25,engagement_g00_d2.0,3002.400000,53.895557,276.400000,23.795972,0.092011,0.007102,104.675342,3.812698,95.049215,3.666634,97.049215,3.666634,97.049215,3.666634,0.000000,0.000000,0.000000,0.000000
0.25,engagement_g00_d5.0,3002.400000,53.895557,162.733333,12.359370,0.054207,0.004063,104.594508,4.724458,98.925976,4.513912,100.925976,4.513912,100.925976,4.513912,0.000000,0.000000,0.000000,0.000000
0.25,engagement_g05_d0.0,3002.400000,53.895557,185.966667,17.695671,0.061924,0.005587,104.959567,4.364929,98.460660,4.148740,100.460660,4.148740,100.460660,4.148740,0.000000,0.000000,0.000000,0.000000
0.25,engagement_g05_d0.25,3002.400000,53.895557,184.366667,16.740377,0.061396,0.005317,105.014097,4.613475,98.565852,4.342344,100.565852,4.342344,100.565852,4.342344,0.000000,0.000000,0.000000,0.000000
0.25,engagement_g05_d0.5,3002.400000,53.895557,182.800000,16.793677,0.060874,0.005345,105.032803,4.542631,98.638505,4.287575,100.638505,4.287575,100.638505,4.287575,0.000000,0.000000,0.000000,0.000000
0.25,engagement_g05_d1.0,3002.400000,53.895557,179.600000,16.624867,0.059797,0.005154,104.909216,4.672198,98.634703,4.393440,100.634703,4.393440,100.634703,4.393440,0.000000,0.000000,0.000000,0.000000
0.25,engagement_g05_d10.0,3002.400000,53.895557,149.100000,13.636538,0.049635,0.004206,104.494207,6.556090,99.316341,6.390988,101.316341,6.390988,101.316341,6.390988,0.000000,0.000000,0.000000,0.000000
0.25,engagement_g05_d2.0,3002.400000,53.895557,166.133333,15.771501,0.055308,0.004860,105.153565,4.702789,99.334935,4.406317,101.334935,4.406317,101.334935,4.406317,0.000000,0.000000,0.000000,0.000000
0.25,engagement_g05_d5.0,3002.400000,53.895557,138.933333,14.743633,0.046249,0.004573,104.403434,5.695262,99.580229,5.558814,101.580229,5.558814,101.580229,5.558814,0.000000,0.000000,0.000000,0.000000
0.25,naive_target_aware,3002.400000,53.895557,386.366667,25.776872,0.128627,0.007183,104.120423,3.656802,90.735562,3.487046,92.735562,3.487046,92.735562,3.487046,0.000000,0.000000,0.000000,0.000000
0.25,nearest,3002.400000,53.895557,151.300000,14.629092,0.050386,0.004697,103.692972,7.259139,98.466634,6.891248,100.466634,6.891248,100.466634,6.891248,0.000000,0.000000,0.000000,0.000000
0.25,oracle_a1,3002.400000,53.895557,864.433333,72.108483,0.288022,0.024797,35.506239,3.511546,25.223000,2.002383,27.223000,2.002383,27.223000,2.002383,0.000000,0.000000,0.000000,0.000000
0.25,static,3002.400000,53.895557,150.333333,12.169304,0.050047,0.003688,104.831414,6.630012,99.590844,6.408447,101.590844,6.408447,101.590844,6.408447,0.000000,0.000000,0.000000,0.000000
0.3,engagement_g00_d0.0,3002.400000,53.895557,511.633333,32.922567,0.170330,0.009112,103.991487,3.537372,86.285600,3.280266,88.285600,3.280266,88.285600,3.280266,0.000000,0.000000,0.000000,0.000000
0.3,engagement_g00_d0.25,3002.400000,53.895557,473.066667,28.262237,0.157498,0.007685,103.972929,3.704685,87.608453,3.521588,89.608453,3.521588,89.608453,3.521588,0.000000,0.000000,0.000000,0.000000
0.3,engagement_g00_d0.5,3002.400000,53.895557,458.233333,28.310694,0.152555,0.007741,104.089882,3.680963,88.219303,3.464492,90.219303,3.464492,90.219303,3.464492,0.000000,0.000000,0.000000,0.000000
0.3,engagement_g00_d1.0,3002.400000,53.895557,426.966667,27.710926,0.142147,0.007810,104.295213,3.845680,89.478018,3.604948,91.478018,3.604948,91.478018,3.604948,0.000000,0.000000,0.000000,0.000000
0.3,engagement_g00_d10.0,3002.400000,53.895557,123.633333,12.997303,0.041174,0.004230,103.895647,4.998830,99.616438,4.778491,101.616438,4.778491,101.616438,4.778491,0.000000,0.000000,0.000000,0.000000
0.3,engagement_g00_d2.0,3002.400000,53.895557,353.466667,23.891613,0.117665,0.006599,104.768369,3.963320,92.447703,3.728306,94.447703,3.728306,94.447703,3.728306,0.000000,0.000000,0.000000,0.000000
0.3,engagement_g00_d5.0,3002.400000,53.895557,180.366667,14.723857,0.060059,0.004618,104.797596,5.248561,98.510203,5.091929,100.510203,5.091929,100.510203,5.091929,0.000000,0.000000,0.000000,0.000000
0.3,engagement_g05_d0.0,3002.400000,53.895557,258.500000,22.763779,0.086045,0.006758,104.299879,4.737822,95.329189,4.467404,97.329189,4.467404,97.329189,4.467404,0.000000,0.000000,0.000000,0.000000
0.3,engagement_g05_d0.25,3002.400000,53.895557,255.300000,22.195293,0.084979,0.006548,104.377984,4.829243,95.512070,4.558219,97.512070,4.558219,97.512070,4.558219,0.000000,0.000000,0.000000,0.000000
0.3,engagement_g05_d0.5,3002.400000,53.895557,251.933333,22.075003,0.083861,0.006566,104.315322,4.805421,95.573561,4.592361,97.573561,4.592361,97.573561,4.592361,0.000000,0.000000,0.000000,0.000000
0.3,engagement_g05_d1.0,3002.400000,53.895557,244.500000,21.672722,0.081385,0.006436,104.257660,4.866401,95.778343,4.643961,97.778343,4.643961,97.778343,4.643961,0.000000,0.000000,0.000000,0.000000
0.3,engagement_g05_d10.0,3002.400000,53.895557,144.100000,16.135953,0.047976,0.005137,105.104457,6.028298,100.062924,5.777519,102.062924,5.777519,102.062924,5.777519,0.000000,0.000000,0.000000,0.000000
0.3,engagement_g05_d2.0,3002.400000,53.895557,220.766667,18.576372,0.073497,0.005574,104.051924,4.891788,96.409955,4.691080,98.409955,4.691080,98.409955,4.691080,0.000000,0.000000,0.000000,0.000000
0.3,engagement_g05_d5.0,3002.400000,53.895557,143.066667,15.092664,0.047632,0.004738,103.669380,5.218289,98.737587,5.120022,100.737587,5.120022,100.737587,5.120022,0.000000,0.000000,0.000000,0.000000
0.3,naive_target_aware,3002.400000,53.895557,511.633333,32.922567,0.170330,0.009112,103.991487,3.537372,86.285600,3.280266,88.285600,3.280266,88.285600,3.280266,0.000000,0.000000,0.000000,0.000000
0.3,nearest,3002.400000,53.895557,151.200000,14.573003,0.050371,0.004919,103.797384,7.295449,98.561379,6.847042,100.561379,6.847042,100.561379,6.847042,0.000000,0.000000,0.000000,0.000000
0.3,oracle_a1,3002.400000,53.895557,932.033333,74.101740,0.310499,0.024911,35.484208,3.536719,24.415167,2.019203,26.415167,2.019203,26.415167,2.019203,0.000000,0.000000,0.000000,0.000000
0.3,static,3002.400000,53.895557,147.166667,14.098382,0.049002,0.004479,105.068492,6.872665,99.919641,6.543135,101.919641,6.543135,101.919641,6.543135,0.000000,0.000000,0.000000,0.000000
0.4,engagement_g00_d0.0,3002.400000,53.895557,783.633333,35.398698,0.260918,0.008453,104.283980,3.823824,77.078277,3.061920,79.078277,3.061920,79.078277,3.061920,0.000000,0.000000,0.000000,0.000000
0.4,engagement_g00_d0.25,3002.400000,53.895557,712.633333,34.866725,0.237271,0.008740,104.536858,4.116232,79.739509,3.419022,81.739509,3.419022,81.739509,3.419022,0.000000,0.000000,0.000000,0.000000
0.4,engagement_g00_d0.5,3002.400000,53.895557,688.500000,32.891410,0.229248,0.008430,104.565907,4.152594,80.602918,3.520975,82.602918,3.520975,82.602918,3.520975,0.000000,0.000000,0.000000,0.000000
0.4,engagement_g00_d1.0,3002.400000,53.895557,638.666667,30.231673,0.212654,0.007666,104.597691,4.176995,82.365295,3.634772,84.365295,3.634772,84.365295,3.634772,0.000000,0.000000,0.000000,0.000000
0.4,engagement_g00_d10.0,3002.400000,53.895557,103.800000,17.347165,0.034560,0.005645,103.960731,4.736973,100.370953,4.682761,102.370953,4.682761,102.370953,4.682761,0.000000,0.000000,0.000000,0.000000
0.4,engagement_g00_d2.0,3002.400000,53.895557,528.733333,27.033738,0.176044,0.007080,104.714779,4.369639,86.285716,3.793170,88.285716,3.793170,88.285716,3.793170,0.000000,0.000000,0.000000,0.000000
0.4,engagement_g00_d5.0,3002.400000,53.895557,234.900000,20.998112,0.078201,0.006447,105.057875,5.109994,96.855290,5.021603,98.855290,5.021603,98.855290,5.021603,0.000000,0.000000,0.000000,0.000000
0.4,engagement_g05_d0.0,3002.400000,53.895557,478.633333,30.285405,0.159361,0.008614,105.123765,4.672242,88.379664,4.208659,90.379664,4.208659,90.379664,4.208659,0.000000,0.000000,0.000000,0.000000
0.4,engagement_g05_d0.25,3002.400000,53.895557,471.133333,31.132346,0.156861,0.008956,105.123048,4.649530,88.642439,4.224171,90.642439,4.224171,90.642439,4.224171,0.000000,0.000000,0.000000,0.000000
0.4,engagement_g05_d0.5,3002.400000,53.895557,465.000000,30.192486,0.154823,0.008714,105.098504,4.658865,88.836088,4.237917,90.836088,4.237917,90.836088,4.237917,0.000000,0.000000,0.000000,0.000000
0.4,engagement_g05_d1.0,3002.400000,53.895557,444.700000,30.632584,0.148057,0.008876,104.951024,4.600197,89.424031,4.279071,91.424031,4.279071,91.424031,4.279071,0.000000,0.000000,0.000000,0.000000
0.4,engagement_g05_d10.0,3002.400000,53.895557,135.066667,15.238186,0.044975,0.004913,104.945201,5.890467,100.226352,5.677823,102.226352,5.677823,102.226352,5.677823,0.000000,0.000000,0.000000,0.000000
0.4,engagement_g05_d2.0,3002.400000,53.895557,386.000000,28.296460,0.128520,0.008471,105.046588,4.971622,91.557075,4.647682,93.557075,4.647682,93.557075,4.647682,0.000000,0.000000,0.000000,0.000000
0.4,engagement_g05_d5.0,3002.400000,53.895557,181.066667,16.903241,0.060288,0.005314,105.076977,5.488777,98.755247,5.440630,100.755247,5.440630,100.755247,5.440630,0.000000,0.000000,0.000000,0.000000
0.4,naive_target_aware,3002.400000,53.895557,783.633333,35.398698,0.260918,0.008453,104.283980,3.823824,77.078277,3.061920,79.078277,3.061920,79.078277,3.061920,0.000000,0.000000,0.000000,0.000000
0.4,nearest,3002.400000,53.895557,152.033333,17.546949,0.050612,0.005564,103.462809,7.330962,98.215885,6.836380,100.215885,6.836380,100.215885,6.836380,0.000000,0.000000,0.000000,0.000000
0.4,oracle_a1,3002.400000,53.895557,1103.266667,68.051671,0.367460,0.021562,36.130407,3.478107,22.807269,1.800630,24.807269,1.800630,24.807269,1.800630,0.000000,0.000000,0.000000,0.000000
0.4,static,3002.400000,53.895557,148.166667,12.846798,0.049326,0.003953,104.955226,6.582734,99.782806,6.350950,101.782806,6.350950,101.782806,6.350950,0.000000,0.000000,0.000000,0.000000
0.5,engagement_g00_d0.0,3002.400000,53.895557,1044.600000,37.091313,0.347859,0.008228,104.947668,4.034103,68.442717,2.812248,70.442717,2.812248,70.442717,2.812248,0.000000,0.000000,0.000000,0.000000
0.5,engagement_g00_d0.25,3002.400000,53.895557,943.600000,34.505971,0.314215,0.007501,105.034690,4.197553,72.033486,3.029568,74.033486,3.029568,74.033486,3.029568,0.000000,0.000000,0.000000,0.000000
0.5,engagement_g00_d0.5,3002.400000,53.895557,909.066667,33.035961,0.302733,0.007835,104.938997,4.173408,73.175271,3.129010,75.175271,3.129010,75.175271,3.129010,0.000000,0.000000,0.000000,0.000000
0.5,engagement_g00_d1.0,3002.400000,53.895557,839.400000,29.898218,0.279539,0.007230,104.879988,4.305144,75.567813,3.314936,77.567813,3.314936,77.567813,3.314936,0.000000,0.000000,0.000000,0.000000
0.5,engagement_g00_d10.0,3002.400000,53.895557,84.266667,13.531402,0.028056,0.004410,104.252085,5.622731,101.330778,5.551876,103.330778,5.551876,103.330778,5.551876,0.000000,0.000000,0.000000,0.000000
0.5,engagement_g00_d2.0,3002.400000,53.895557,696.066667,25.037810,0.231821,0.006662,105.149585,4.760488,80.777586,3.798629,82.777586,3.798629,82.777586,3.798629,0.000000,0.000000,0.000000,0.000000
0.5,engagement_g00_d5.0,3002.400000,53.895557,297.500000,19.249272,0.099044,0.005338,105.488264,5.639838,95.048468,5.258336,97.048468,5.258336,97.048468,5.258336,0.000000,0.000000,0.000000,0.000000
0.5,engagement_g05_d0.0,3002.400000,53.895557,766.833333,36.111975,0.255330,0.009065,105.411614,4.739352,78.496193,3.613529,80.496193,3.613529,80.496193,3.613529,0.000000,0.000000,0.000000,0.000000
0.5,engagement_g05_d0.25,3002.400000,53.895557,751.633333,36.403375,0.250265,0.009211,105.417230,4.764216,79.036542,3.705951,81.036542,3.705951,81.036542,3.705951,0.000000,0.000000,0.000000,0.000000
0.5,engagement_g05_d0.5,3002.400000,53.895557,738.533333,34.565015,0.245910,0.008723,105.336604,4.858846,79.434582,3.779299,81.434582,3.779299,81.434582,3.779299,0.000000,0.000000,0.000000,0.000000
0.5,engagement_g05_d1.0,3002.400000,53.895557,700.900000,33.030133,0.233381,0.008418,105.291748,4.865867,80.720813,3.852541,82.720813,3.852541,82.720813,3.852541,0.000000,0.000000,0.000000,0.000000
0.5,engagement_g05_d10.0,3002.400000,53.895557,106.733333,17.694599,0.035530,0.005761,104.780556,4.725831,101.059409,4.630906,103.059409,4.630906,103.059409,4.630906,0.000000,0.000000,0.000000,0.000000
0.5,engagement_g05_d2.0,3002.400000,53.895557,598.066667,29.726261,0.199153,0.008142,105.355423,5.005886,84.380460,4.215874,86.380460,4.215874,86.380460,4.215874,0.000000,0.000000,0.000000,0.000000
0.5,engagement_g05_d5.0,3002.400000,53.895557,252.366667,19.883251,0.084021,0.005918,105.505209,5.744565,96.651197,5.475907,98.651197,5.475907,98.651197,5.475907,0.000000,0.000000,0.000000,0.000000
0.5,naive_target_aware,3002.400000,53.895557,1044.600000,37.091313,0.347859,0.008228,104.947668,4.034103,68.442717,2.812248,70.442717,2.812248,70.442717,2.812248,0.000000,0.000000,0.000000,0.000000
0.5,nearest,3002.400000,53.895557,149.500000,18.271421,0.049778,0.005922,103.473376,7.548251,98.317429,7.123805,100.317429,7.123805,100.317429,7.123805,0.000000,0.000000,0.000000,0.000000
0.5,oracle_a1,3002.400000,53.895557,1324.233333,61.486575,0.441123,0.020302,36.719538,3.995878,20.466335,1.761086,22.466335,1.761086,22.466335,1.761086,0.000000,0.000000,0.000000,0.000000
0.5,static,3002.400000,53.895557,150.300000,18.090100,0.050033,0.005759,105.178079,6.497707,99.920502,6.277396,101.920502,6.277396,101.920502,6.277396,0.000000,0.000000,0.000000,0.000000
0.6,engagement_g00_d0.0,3002.400000,53.895557,1287.400000,39.682012,0.428737,0.008215,104.970406,4.392205,59.961112,2.535960,61.961112,2.535960,61.961112,2.535960,0.000000,0.000000,0.000000,0.000000
0.6,engagement_g00_d0.25,3002.400000,53.895557,1159.866667,37.660675,0.386247,0.007504,105.214553,4.821125,64.569625,2.918192,66.569625,2.918192,66.569625,2.918192,0.000000,0.000000,0.000000,0.000000
0.6,engagement_g00_d0.5,3002.400000,53.895557,1116.700000,35.676854,0.371881,0.007412,105.270349,4.842281,66.119110,3.064039,68.119110,3.064039,68.119110,3.064039,0.000000,0.000000,0.000000,0.000000
0.6,engagement_g00_d1.0,3002.400000,53.895557,1028.866667,33.860498,0.342637,0.007599,105.302613,5.012893,69.216608,3.268442,71.216608,3.268442,71.216608,3.268442,0.000000,0.000000,0.000000,0.000000
0.6,engagement_g00_d10.0,3002.400000,53.895557,70.166667,11.706418,0.023365,0.003812,104.525018,5.886926,102.089482,5.890960,104.089482,5.890960,104.089482,5.890960,0.000000,0.000000,0.000000,0.000000
0.6,engagement_g00_d2.0,3002.400000,53.895557,850.900000,31.439433,0.283373,0.007983,105.550607,5.426006,75.638391,3.938383,77.638391,3.938383,77.638391,3.938383,0.000000,0.000000,0.000000,0.000000
0.6,engagement_g00_d5.0,3002.400000,53.895557,358.033333,26.211978,0.119189,0.007542,106.044302,6.193795,93.410009,5.604105,95.410009,5.604105,95.410009,5.604105,0.000000,0.000000,0.000000,0.000000
0.6,engagement_g05_d0.0,3002.400000,53.895557,1082.800000,47.018998,0.360536,0.011021,105.383435,4.885726,67.379174,3.109018,69.379174,3.109018,69.379174,3.109018,0.000000,0.000000,0.000000,0.000000
0.6,engagement_g05_d0.25,3002.400000,53.895557,1048.500000,43.479484,0.349120,0.009847,105.449510,4.988412,68.628183,3.244343,70.628183,3.244343,70.628183,3.244343,0.000000,0.000000,0.000000,0.000000
0.6,engagement_g05_d0.5,3002.400000,53.895557,1022.400000,41.482526,0.340434,0.009373,105.518628,5.082843,69.591170,3.366156,71.591170,3.366156,71.591170,3.366156,0.000000,0.000000,0.000000,0.000000
0.6,engagement_g05_d1.0,3002.400000,53.895557,960.033333,38.623276,0.319677,0.008973,105.520175,5.081132,71.782931,3.461637,73.782931,3.461637,73.782931,3.461637,0.000000,0.000000,0.000000,0.000000
0.6,engagement_g05_d10.0,3002.400000,53.895557,82.766667,16.884360,0.027554,0.005540,103.249752,4.034926,100.402361,3.899662,102.402361,3.899662,102.402361,3.899662,0.000000,0.000000,0.000000,0.000000
0.6,engagement_g05_d2.0,3002.400000,53.895557,807.633333,33.969036,0.268943,0.008661,105.813548,5.245398,77.352546,3.867332,79.352546,3.867332,79.352546,3.867332,0.000000,0.000000,0.000000,0.000000
0.6,engagement_g05_d5.0,3002.400000,53.895557,334.366667,26.247474,0.111314,0.007757,106.007429,5.758866,94.211696,5.256275,96.211696,5.256275,96.211696,5.256275,0.000000,0.000000,0.000000,0.000000
0.6,naive_target_aware,3002.400000,53.895557,1287.400000,39.682012,0.428737,0.008215,104.970406,4.392205,59.961112,2.535960,61.961112,2.535960,61.961112,2.535960,0.000000,0.000000,0.000000,0.000000
0.6,nearest,3002.400000,53.895557,152.533333,18.481553,0.050784,0.005933,103.658242,7.621476,98.393783,7.267648,100.393783,7.267648,100.393783,7.267648,0.000000,0.000000,0.000000,0.000000
0.6,oracle_a1,3002.400000,53.895557,1606.133333,50.568310,0.535017,0.016211,37.997096,3.941003,17.633441,1.573115,19.633441,1.573115,19.633441,1.573115,0.000000,0.000000,0.000000,0.000000
0.6,static,3002.400000,53.895557,151.166667,19.488429,0.050321,0.006210,105.316813,6.725606,100.013676,6.355945,102.013676,6.355945,102.013676,6.355945,0.000000,0.000000,0.000000,0.000000
0.7,engagement_g00_d0.0,3002.400000,53.895557,1517.200000,44.933975,0.505251,0.007697,105.489323,5.383465,52.190873,2.767304,54.190873,2.767304,54.190873,2.767304,0.000000,0.000000,0.000000,0.000000
0.7,engagement_g00_d0.25,3002.400000,53.895557,1363.533333,43.920566,0.454064,0.008283,105.662624,5.760373,57.687208,3.282868,59.687208,3.282868,59.687208,3.282868,0.000000,0.000000,0.000000,0.000000
0.7,engagement_g00_d0.5,3002.400000,53.895557,1312.000000,42.981953,0.436903,0.008394,105.697265,5.842177,59.517580,3.386667,61.517580,3.386667,61.517580,3.386667,0.000000,0.000000,0.000000,0.000000
0.7,engagement_g00_d1.0,3002.400000,53.895557,1208.066667,40.387719,0.402299,0.008594,105.598266,5.900961,63.114817,3.604624,65.114817,3.604624,65.114817,3.604624,0.000000,0.000000,0.000000,0.000000
0.7,engagement_g00_d10.0,3002.400000,53.895557,52.533333,13.260606,0.017501,0.004400,103.588889,7.004915,101.777801,6.926325,103.777801,6.926325,103.777801,6.926325,0.000000,0.000000,0.000000,0.000000
0.7,engagement_g00_d2.0,3002.400000,53.895557,1000.266667,35.103722,0.333110,0.008333,105.773014,6.210510,70.531833,4.109857,72.531833,4.109857,72.531833,4.109857,0.000000,0.000000,0.000000,0.000000
0.7,engagement_g00_d5.0,3002.400000,53.895557,410.900000,27.175483,0.136787,0.007474,106.233605,7.099760,91.699085,6.146435,93.699085,6.146435,93.699085,6.146435,0.000000,0.000000,0.000000,0.000000
0.7,engagement_g05_d0.0,3002.400000,53.895557,1390.500000,51.250399,0.463016,0.010549,105.599172,5.782954,56.702815,3.234233,58.702815,3.234233,58.702815,3.234233,0.000000,0.000000,0.000000,0.000000
0.7,engagement_g05_d0.25,3002.400000,53.895557,1316.300000,47.707550,0.438306,0.009481,105.662823,5.911918,59.352399,3.484043,61.352399,3.484043,61.352399,3.484043,0.000000,0.000000,0.000000,0.000000
0.7,engagement_g05_d0.5,3002.400000,53.895557,1274.733333,45.981206,0.424471,0.009385,105.677786,5.986109,60.819904,3.553583,62.819904,3.553583,62.819904,3.553583,0.000000,0.000000,0.000000,0.000000
0.7,engagement_g05_d1.0,3002.400000,53.895557,1184.366667,42.211686,0.394393,0.009106,105.559629,6.039097,63.926385,3.740972,65.926385,3.740972,65.926385,3.740972,0.000000,0.000000,0.000000,0.000000
0.7,engagement_g05_d10.0,3002.400000,53.895557,55.633333,13.576052,0.018534,0.004489,103.643178,5.806327,101.725587,5.780424,103.725587,5.780424,103.725587,5.780424,0.000000,0.000000,0.000000,0.000000
0.7,engagement_g05_d2.0,3002.400000,53.895557,985.966667,36.536692,0.328342,0.008867,105.711295,6.368050,70.994133,4.243100,72.994133,4.243100,72.994133,4.243100,0.000000,0.000000,0.000000,0.000000
0.7,engagement_g05_d5.0,3002.400000,53.895557,402.966667,27.387996,0.134148,0.007650,106.181379,7.017915,91.932539,6.064598,93.932539,6.064598,93.932539,6.064598,0.000000,0.000000,0.000000,0.000000
0.7,naive_target_aware,3002.400000,53.895557,1517.200000,44.933975,0.505251,0.007697,105.489323,5.383465,52.190873,2.767304,54.190873,2.767304,54.190873,2.767304,0.000000,0.000000,0.000000,0.000000
0.7,nearest,3002.400000,53.895557,155.066667,21.641170,0.051621,0.007039,103.524461,7.575132,98.170867,7.089547,100.170867,7.089547,100.170867,7.089547,0.000000,0.000000,0.000000,0.000000
0.7,oracle_a1,3002.400000,53.895557,1919.800000,49.579890,0.639439,0.012743,39.386416,4.065701,14.163937,1.123300,16.163937,1.123300,16.163937,1.123300,0.000000,0.000000,0.000000,0.000000
0.7,static,3002.400000,53.895557,152.200000,22.505785,0.050650,0.007129,105.220961,6.615885,99.902035,6.483291,101.902035,6.483291,101.902035,6.483291,0.000000,0.000000,0.000000,0.000000
0.85,engagement_g00_d0.0,3002.400000,53.895557,1842.266667,50.429147,0.613510,0.007044,106.266886,6.727268,41.071775,2.709175,43.071775,2.709175,43.071775,2.709175,0.000000,0.000000,0.000000,0.000000
0.85,engagement_g00_d0.25,3002.400000,53.895557,1650.733333,48.557775,0.549707,0.007358,106.313110,7.130269,47.875039,3.337587,49.875039,3.337587,49.875039,3.337587,0.000000,0.000000,0.000000,0.000000
0.85,engagement_g00_d0.5,3002.400000,53.895557,1587.600000,49.092875,0.528675,0.008159,106.237208,7.230854,50.074064,3.538124,52.074064,3.538124,52.074064,3.538124,0.000000,0.000000,0.000000,0.000000
0.85,engagement_g00_d1.0,3002.400000,53.895557,1463.566667,43.831718,0.487390,0.007814,106.297804,7.320094,54.489911,3.844078,56.489911,3.844078,56.489911,3.844078,0.000000,0.000000,0.000000,0.000000
0.85,engagement_g00_d10.0,3002.400000,53.895557,30.933333,13.549229,0.010276,0.004383,104.875308,7.390627,103.804722,7.432059,105.804722,7.432059,105.804722,7.432059,0.000000,0.000000,0.000000,0.000000
0.85,engagement_g00_d2.0,3002.400000,53.895557,1210.400000,39.123677,0.403096,0.008763,106.421232,7.683540,63.517245,4.587834,65.517245,4.587834,65.517245,4.587834,0.000000,0.000000,0.000000,0.000000
0.85,engagement_g00_d5.0,3002.400000,53.895557,477.533333,31.086901,0.158967,0.008492,106.594395,8.196252,89.645118,6.907732,91.645118,6.907732,91.645118,6.907732,0.000000,0.000000,0.000000,0.000000
0.85,engagement_g05_d0.0,3002.400000,53.895557,1810.066667,52.364066,0.602776,0.008142,106.290998,6.788093,42.218177,2.777807,44.218177,2.777807,44.218177,2.777807,0.000000,0.000000,0.000000,0.000000
0.85,engagement_g05_d0.25,3002.400000,53.895557,1646.300000,48.839745,0.548229,0.007503,106.316596,7.210699,48.032588,3.370654,50.032588,3.370654,50.032588,3.370654,0.000000,0.000000,0.000000,0.000000
0.85,engagement_g05_d0.5,3002.400000,53.895557,1584.266667,49.200458,0.527565,0.008258,106.265428,7.301033,50.204531,3.570186,52.204531,3.570186,52.204531,3.570186,0.000000,0.000000,0.000000,0.000000
0.85,engagement_g05_d1.0,3002.400000,53.895557,1461.600000,44.132715,0.486733,0.007888,106.285999,7.363208,54.552830,3.860302,56.552830,3.860302,56.552830,3.860302,0.000000,0.000000,0.000000,0.000000
0.85,engagement_g05_d10.0,3002.400000,53.895557,29.966667,13.158145,0.009958,0.004258,104.317316,6.701294,103.285737,6.761179,105.285737,6.761179,105.285737,6.761179,0.000000,0.000000,0.000000,0.000000
0.85,engagement_g05_d2.0,3002.400000,53.895557,1209.966667,39.139435,0.402952,0.008803,106.399594,7.724615,63.518913,4.605324,65.518913,4.605324,65.518913,4.605324,0.000000,0.000000,0.000000,0.000000
0.85,engagement_g05_d5.0,3002.400000,53.895557,477.266667,31.144749,0.158878,0.008506,106.528185,8.153973,89.599988,6.885843,91.599988,6.885843,91.599988,6.885843,0.000000,0.000000,0.000000,0.000000
0.85,naive_target_aware,3002.400000,53.895557,1842.266667,50.429147,0.613510,0.007044,106.266886,6.727268,41.071775,2.709175,43.071775,2.709175,43.071775,2.709175,0.000000,0.000000,0.000000,0.000000
0.85,nearest,3002.400000,53.895557,153.833333,26.300758,0.051198,0.008512,103.507570,7.698910,98.207179,7.360052,100.207179,7.360052,100.207179,7.360052,0.000000,0.000000,0.000000,0.000000
0.85,oracle_a1,3002.400000,53.895557,2409.800000,55.594840,0.802617,0.011101,40.615637,4.696117,7.985295,0.716812,9.985295,0.716812,9.985295,0.716812,0.000000,0.000000,0.000000,0.000000
0.85,static,3002.400000,53.895557,152.533333,25.132385,0.050764,0.008056,105.135825,6.809012,99.807145,6.639943,101.807145,6.639943,101.807145,6.639943,0.000000,0.000000,0.000000,0.000000
