timestamp,request_id,entity_id,peer_id,request_type
0.235831,R000000001,E0002,P0010,attack
0.240621,R000000002,E0002,P0010,attack
0.377527,R000000003,E0001,P0002,attack
0.560540,R000000004,E0002,P0010,attack
0.608495,R000000005,E0003,P0007,attack
0.779744,R000000006,E0002,P0010,attack
0.815825,R000000007,E0002,P0010,attack
0.863188,R000000008,E0002,P0010,attack
0.874972,R000000009,E0001,P0007,attack
0.877330,R000000010,E0003,P0004,attack
0.929317,R000000011,E0003,P0007,attack
0.930863,R000000012,E0001,P0002,attack
0.969969,R000000013,E0003,P0007,attack
0.970918,R000000014,E0002,P0010,attack
1.075732,R000000015,E0002,P0010,attack
1.099539,R000000016,E0003,P0002,attack
1.105289,R000000017,E0001,P0002,attack
1.270777,R000000018,E0002,P0010,attack
1.333224,R000000019,E0003,P0007,attack
1.452762,R000000020,E0002,P0009,attack
1.568790,R000000021,E0002,P0010,attack
1.802472,R000000022,E0001,P0002,attack
1.824448,R000000023,E0003,P0007,attack
2.290291,R000000024,E0001,P0002,attack
2.317986,R000000025,E0003,P0001,attack
2.787390,R000000026,E0003,P0001,attack
3.007106,R000000027,E0003,P0007,attack
3.014699,R000000028,E0001,P0002,attack
3.276805,R000000029,E0001,P0002,attack
3.334522,R000000030,E0003,P0007,attack
3.343856,R000000031,E0002,P0010,attack
3.437703,R000000032,E0002,P0010,attack
3.826081,R000000033,E0002,P0010,attack
3.904785,R000000034,E0003,P0007,attack
3.972436,R000000035,E0001,P0010,attack
4.019656,R000000036,E0002,P0010,attack
4.047335,R000000037,E0003,P0007,attack
4.210190,R000000038,E0003,P0005,attack
4.654806,R000000039,E0001,P0002,attack
4.676803,R000000040,E0002,P0010,attack
4.742683,R000000041,E0001,P0002,attack
4.834882,R000000042,E0001,P0002,attack
4.886190,R000000043,E0001,P0002,attack
5.511912,R000000044,E0001,P0002,attack
5.585618,R000000045,E0001,P0002,attack
5.816129,R000000046,E0001,P0002,attack
5.883654,R000000047,E0002,P0010,attack
5.894659,R000000048,E0003,P0007,attack
6.012963,R000000049,E0001,P0002,attack
6.824579,R000000050,E0001,P0002,attack
6.845438,R000000051,E0003,P0007,attack
7.018510,R000000052,E0002,P0010,attack
7.096734,R000000053,E0002,P0009,attack
7.216859,R000000054,E0003,P0007,attack
7.317894,R000000055,E0001,P0002,attack
7.543747,R000000056,E0001,P0002,attack
7.640951,R000000057,E0001,P0002,attack
8.279536,R000000058,E0001,P0002,attack
8.321399,R000000059,E0001,P0002,attack
8.373522,R000000060,E0002,P0010,attack
9.476856,R000000061,E0002,P0010,attack
9.515017,R000000062,E0002,P0010,attack
9.523590,R000000063,E0001,P0009,attack
9.560095,R000000064,E0001,P0002,attack
10.007384,R000000065,E0003,P0007,attack
10.095485,R000000066,E0002,P0010,attack
10.128667,R000000067,E0001,P0002,attack
10.162621,R000000068,E0001,P0002,attack
10.746881,R000000069,E0002,P0010,attack
11.088517,R000000070,E0003,P0002,attack
11.211414,R000000071,E0003,P0007,attack
11.283232,R000000072,E0003,P0007,attack
11.506733,R000000073,E0002,P0010,attack
11.643298,R000000074,E0003,P0007,attack
11.857537,R000000075,E0003,P0007,attack
12.663199,R000000076,E0002,P0010,attack
12.830343,R000000077,E0001,P0002,attack
13.014263,R000000078,E0003,P0007,attack
13.016775,R000000079,E0002,P0010,attack
13.030055,R000000080,E0001,P0002,attack
13.066684,R000000081,E0003,P0007,attack
13.122551,R000000082,E0002,P0010,attack
13.180255,R000000083,E0001,P0002,attack
13.205278,R000000084,E0001,P0002,attack
13.347972,R000000085,E0001,P0007,attack
13.348647,R000000086,E0002,P0001,attack
13.386427,R000000087,E0003,P0007,attack
13.465967,R000000088,E0002,P0010,attack
13.530046,R000000089,E0002,P0010,attack
14.309886,R000000090,E0003,P0007,attack
14.552332,R000000091,E0002,P0010,attack
14.658547,R000000092,E0001,P0002,attack
14.939100,R000000093,E0002,P0010,attack
15.101284,R000000094,E0001,P0002,attack
15.508024,R000000095,E0002,P0007,attack
15.579464,R000000096,E0003,P0002,attack
15.600490,R000000097,E0001,P0002,attack
16.050001,R000000098,E0001,P0007,attack
16.148814,R000000099,E0003,P0006,attack
16.153704,R000000100,E0001,P0002,attack
16.446708,R000000101,E0001,P0002,attack
16.633386,R000000102,E0001,P0002,attack
16.805756,R000000103,E0001,P0002,attack
16.914122,R000000104,E0001,P0002,attack
16.963508,R000000105,E0003,P0008,attack
17.170344,R000000106,E0002,P0010,attack
18.003230,R000000107,E0003,P0007,attack
18.207774,R000000108,E0002,P0010,attack
18.228331,R000000109,E0001,P0002,attack
18.342573,R000000110,E0002,P0010,attack
18.428296,R000000111,E0002,P0010,attack
18.576227,R000000112,E0001,P0002,attack
18.598618,R000000113,E0003,P0007,attack
18.659816,R000000114,E0003,P0007,attack
18.662714,R000000115,E0003,P0007,attack
18.671270,R000000116,E0003,P0007,attack
18.731153,R000000117,E0002,P0010,attack
19.057265,R000000118,E0001,P0002,attack
19.203891,R000000119,E0001,P0002,attack
19.448440,R000000120,E0003,P0007,attack
19.811780,R000000121,E0003,P0007,attack
20.280327,R000000122,E0001,P0003,attack
20.375100,R000000123,E0001,P0003,attack
20.420609,R000000124,E0001,P0003,attack
20.518380,R000000125,E0001,P0003,attack
20.599567,R000000126,E0001,P0003,attack
21.064727,R000000127,E0001,P0003,attack
21.223079,R000000128,E0001,P0003,attack
21.278165,R000000129,E0003,P0008,attack
21.487772,R000000130,E0002,P0001,attack
21.896848,R000000131,E0001,P0003,attack
21.924954,R000000132,E0002,P0001,attack
21.947555,R000000133,E0003,P0008,attack
21.953244,R000000134,E0003,P0008,attack
22.766876,R000000135,E0002,P0001,attack
22.788140,R000000136,E0003,P0008,attack
22.938778,R000000137,E0001,P0003,attack
23.022383,R000000138,E0003,P0004,attack
23.123697,R000000139,E0003,P0008,attack
23.167799,R000000140,E0001,P0003,attack
23.318781,R000000141,E0003,P0008,attack
23.693642,R000000142,E0003,P0008,attack
23.928262,R000000143,E0003,P0005,attack
23.954597,R000000144,E0001,P0004,attack
24.195422,R000000145,E0002,P0001,attack
24.355886,R000000146,E0002,P0001,attack
24.578854,R000000147,E0003,P0008,attack
24.706876,R000000148,E0003,P0007,attack
24.834631,R000000149,E0002,P0008,attack
24.868991,R000000150,E0001,P0003,attack
25.152706,R000000151,E0001,P0003,attack
25.230459,R000000152,E0003,P0006,attack
25.288618,R000000153,E0003,P0008,attack
25.323716,R000000154,E0001,P0003,attack
25.369372,R000000155,E0001,P0003,attack
25.508414,R000000156,E0002,P0010,attack
25.684517,R000000157,E0002,P0009,attack
25.698334,R000000158,E0001,P0003,attack
25.760561,R000000159,E0001,P0003,attack
25.837827,R000000160,E0002,P0001,attack
25.851911,R000000161,E0001,P0003,attack
26.518247,R000000162,E0003,P0008,attack
26.523395,R000000163,E0002,P0001,attack
26.662171,R000000164,E0002,P0001,attack
26.677123,R000000165,E0003,P0006,attack
26.986038,R000000166,E0003,P0008,attack
27.139593,R000000167,E0003,P0008,attack
27.155095,R000000168,E0001,P0003,attack
27.276804,R000000169,E0002,P0001,attack
27.417413,R000000170,E0001,P0003,attack
27.558547,R000000171,E0002,P0001,attack
27.969469,R000000172,E0002,P0001,attack
28.326508,R000000173,E0001,P0010,attack
28.583541,R000000174,E0002,P0001,attack
28.584736,R000000175,E0002,P0009,attack
28.619092,R000000176,E0001,P0009,attack
28.726175,R000000177,E0003,P0008,attack
28.981550,R000000178,E0001,P0003,attack
29.002375,R000000179,E0002,P0001,attack
29.024652,R000000180,E0003,P0008,attack
29.029751,R000000181,E0003,P0008,attack
29.762707,R000000182,E0001,P0003,attack
29.810346,R000000183,E0002,P0001,attack
30.052580,R000000184,E0001,P0003,attack
30.062081,R000000185,E0002,P0001,attack
30.106181,R000000186,E0001,P0003,attack
30.146269,R000000187,E0001,P0003,attack
30.221559,R000000188,E0002,P0001,attack
30.381102,R000000189,E0002,P0001,attack
30.578770,R000000190,E0001,P0003,attack
30.713424,R000000191,E0003,P0008,attack
30.728687,R000000192,E0001,P0003,attack
30.778801,R000000193,E0002,P0001,attack
31.065638,R000000194,E0002,P0001,attack
31.090147,R000000195,E0003,P0008,attack
31.666304,R000000196,E0002,P0001,attack
31.762177,R000000197,E0002,P0001,attack
31.768850,R000000198,E0001,P0003,attack
31.831422,R000000199,E0002,P0001,attack
31.875374,R000000200,E0002,P0001,attack
32.330173,R000000201,E0002,P0001,attack
32.341311,R000000202,E0001,P0003,attack
32.407057,R000000203,E0001,P0003,attack
32.417598,R000000204,E0001,P0003,attack
32.510903,R000000205,E0003,P0008,attack
32.856570,R000000206,E0001,P0003,attack
32.938261,R000000207,E0002,P0001,attack
33.125695,R000000208,E0003,P0008,attack
33.168120,R000000209,E0002,P0001,attack
33.238527,R000000210,E0003,P0008,attack
33.686299,R000000211,E0001,P0003,attack
33.840706,R000000212,E0001,P0003,attack
34.132521,R000000213,E0003,P0008,attack
34.206681,R000000214,E0003,P0005,attack
34.261722,R000000215,E0001,P0003,attack
34.448397,R000000216,E0002,P0001,attack
34.457223,R000000217,E0001,P0003,attack
34.696043,R000000218,E0002,P0007,attack
34.700511,R000000219,E0002,P0001,attack
35.071884,R000000220,E0003,P0006,attack
35.280300,R000000221,E0002,P0001,attack
35.292883,R000000222,E0001,P0003,attack
35.312920,R000000223,E0003,P0001,attack
35.496736,R000000224,E0002,P0001,attack
35.514851,R000000225,E0002,P0002,attack
35.629011,R000000226,E0001,P0003,attack
35.629129,R000000227,E0002,P0001,attack
35.718551,R000000228,E0003,P0008,attack
36.149283,R000000229,E0002,P0001,attack
36.534424,R000000230,E0002,P0001,attack
36.628375,R000000231,E0001,P0009,attack
36.653122,R000000232,E0002,P0001,attack
36.739036,R000000233,E0002,P0001,attack
36.974802,R000000234,E0001,P0003,attack
36.988607,R000000235,E0003,P0008,attack
37.029359,R000000236,E0001,P0003,attack
37.242288,R000000237,E0002,P0001,attack
37.282675,R000000238,E0002,P0001,attack
37.321908,R000000239,E0003,P0008,attack
37.647049,R000000240,E0001,P0003,attack
37.666564,R000000241,E0003,P0008,attack
37.704814,R000000242,E0002,P0001,attack
37.983055,R000000243,E0001,P0003,attack
38.014200,R000000244,E0002,P0001,attack
38.123301,R000000245,E0002,P0001,attack
38.311009,R000000246,E0003,P0008,attack
38.314015,R000000247,E0001,P0003,attack
38.690786,R000000248,E0002,P0001,attack
38.702567,R000000249,E0002,P0008,attack
39.105200,R000000250,E0002,P0010,attack
39.156162,R000000251,E0003,P0003,attack
39.773849,R000000252,E0001,P0004,attack
40.270155,R000000253,E0002,P0002,attack
40.402664,R000000254,E0003,P0009,attack
40.472360,R000000255,E0002,P0002,attack
40.564911,R000000256,E0001,P0004,attack
40.570916,R000000257,E0002,P0002,attack
40.675675,R000000258,E0002,P0002,attack
40.703820,R000000259,E0003,P0009,attack
40.793898,R000000260,E0002,P0002,attack
40.796637,R000000261,E0001,P0004,attack
40.872578,R000000262,E0001,P0004,attack
40.912294,R000000263,E0002,P0002,attack
41.027889,R000000264,E0002,P0002,attack
41.041481,R000000265,E0003,P0009,attack
41.553789,R000000266,E0002,P0002,attack
42.118505,R000000267,E0002,P0002,attack
42.268803,R000000268,E0003,P0002,attack
42.340625,R000000269,E0002,P0002,attack
42.466110,R000000270,E0001,P0004,attack
42.850193,R000000271,E0001,P0004,attack
43.021061,R000000272,E0002,P0002,attack
43.132055,R000000273,E0001,P0004,attack
43.182979,R000000274,E0001,P0007,attack
43.310791,R000000275,E0002,P0002,attack
43.594259,R000000276,E0001,P0004,attack
43.602641,R000000277,E0001,P0004,attack
43.649607,R000000278,E0002,P0002,attack
43.714467,R000000279,E0002,P0002,attack
43.969298,R000000280,E0003,P0009,attack
44.024363,R000000281,E0003,P0009,attack
44.482615,R000000282,E0003,P0009,attack
44.596263,R000000283,E0001,P0004,attack
44.651196,R000000284,E0003,P0009,attack
44.653023,R000000285,E0002,P0001,attack
44.877854,R000000286,E0002,P0002,attack
45.212860,R000000287,E0002,P0001,attack
45.270049,R000000288,E0001,P0004,attack
45.385902,R000000289,E0002,P0002,attack
45.574950,R000000290,E0003,P0009,attack
45.657458,R000000291,E0001,P0004,attack
45.851844,R000000292,E0001,P0004,attack
45.853749,R000000293,E0003,P0009,attack
45.896330,R000000294,E0001,P0004,attack
46.032709,R000000295,E0002,P0002,attack
46.400348,R000000296,E0003,P0009,attack
47.097552,R000000297,E0003,P0009,attack
47.374205,R000000298,E0002,P0002,attack
47.420262,R000000299,E0001,P0004,attack
47.772158,R000000300,E0001,P0004,attack
47.802177,R000000301,E0002,P0002,attack
47.862065,R000000302,E0003,P0009,attack
48.004325,R000000303,E0001,P0004,attack
48.009796,R000000304,E0001,P0004,attack
48.113961,R000000305,E0001,P0004,attack
48.226556,R000000306,E0001,P0004,attack
48.446809,R000000307,E0003,P0009,attack
48.831014,R000000308,E0002,P0002,attack
48.961119,R000000309,E0001,P0004,attack
49.262835,R000000310,E0003,P0009,attack
49.309404,R000000311,E0002,P0002,attack
49.403455,R000000312,E0002,P0009,attack
49.921416,R000000313,E0003,P0009,attack
49.952367,R000000314,E0003,P0009,attack
50.268679,R000000315,E0001,P0004,attack
50.985494,R000000316,E0003,P0009,attack
51.192258,R000000317,E0003,P0009,attack
52.142630,R000000318,E0002,P0008,attack
52.656383,R000000319,E0002,P0002,attack
52.831891,R000000320,E0002,P0002,attack
52.995064,R000000321,E0002,P0002,attack
53.062798,R000000322,E0003,P0004,attack
53.305087,R000000323,E0002,P0002,attack
53.395525,R000000324,E0001,P0004,attack
53.516787,R000000325,E0001,P0004,attack
53.581739,R000000326,E0001,P0004,attack
53.686069,R000000327,E0002,P0002,attack
53.721314,R000000328,E0003,P0009,attack
54.011936,R000000329,E0002,P0006,attack
54.260745,R000000330,E0002,P0002,attack
54.301247,R000000331,E0002,P0002,attack
54.435115,R000000332,E0002,P0004,attack
54.525332,R000000333,E0003,P0009,attack
54.565640,R000000334,E0002,P0002,attack
54.668353,R000000335,E0001,P0004,attack
54.771758,R000000336,E0003,P0009,attack
54.913360,R000000337,E0003,P0009,attack
54.920208,R000000338,E0001,P0001,attack
55.265826,R000000339,E0002,P0002,attack
55.305554,R000000340,E0001,P0004,attack
55.475438,R000000341,E0003,P0009,attack
55.501481,R000000342,E0003,P0009,attack
55.614968,R000000343,E0003,P0009,attack
55.747729,R000000344,E0002,P0002,attack
55.958499,R000000345,E0001,P0004,attack
56.081795,R000000346,E0002,P0002,attack
56.107563,R000000347,E0003,P0009,attack
56.226053,R000000348,E0001,P0004,attack
56.390966,R000000349,E0002,P0002,attack
56.518694,R000000350,E0002,P0002,attack
56.852315,R000000351,E0002,P0002,attack
56.857726,R000000352,E0003,P0009,attack
57.177207,R000000353,E0003,P0009,attack
57.368367,R000000354,E0003,P0009,attack
57.451517,R000000355,E0001,P0004,attack
57.537280,R000000356,E0002,P0002,attack
57.578842,R000000357,E0002,P0002,attack
57.675415,R000000358,E0003,P0009,attack
58.005813,R000000359,E0001,P0002,attack
58.058562,R000000360,E0001,P0002,attack
58.059263,R000000361,E0002,P0002,attack
58.296617,R000000362,E0003,P0009,attack
58.534063,R000000363,E0001,P0004,attack
58.618627,R000000364,E0001,P0004,attack
58.785030,R000000365,E0001,P0004,attack
58.974877,R000000366,E0001,P0004,attack
59.193381,R000000367,E0002,P0002,attack
59.208735,R000000368,E0001,P0004,attack
59.287539,R000000369,E0003,P0009,attack
59.379471,R000000370,E0002,P0001,attack
59.888327,R000000371,E0001,P0004,attack
59.936481,R000000372,E0002,P0002,attack
59.955356,R000000373,E0001,P0004,attack
