seed,policy_id,total_requests,mean_latency_ms,migration_count,max_requests_per_peer,request_imbalance
1,static,358,50.904181,0,122,3.407821
1,nearest_h0,358,74.488897,3,121,3.379888
1,interaction_aware_w10,358,34.430682,4,123,3.435754
1,interaction_aware_w50,358,34.430682,4,123,3.435754
2,static,373,95.131955,0,267,7.158177
2,nearest_h0,373,104.845825,3,265,7.104558
2,interaction_aware_w10,373,22.689058,5,133,3.565684
2,interaction_aware_w50,373,22.689058,5,133,3.565684
3,static,329,119.921070,0,119,3.617021
3,nearest_h0,329,105.042896,3,118,3.586626
3,interaction_aware_w10,329,30.209412,4,117,3.556231
3,interaction_aware_w50,329,30.209412,4,117,3.556231
4,static,348,117.401746,0,223,6.408046
4,nearest_h0,348,98.269119,3,124,3.563218
4,interaction_aware_w10,348,24.035343,4,124,3.563218
4,interaction_aware_w50,348,24.035343,4,124,3.563218
5,static,376,160.963286,0,136,3.617021
5,nearest_h0,376,155.746673,2,251,6.675532
5,interaction_aware_w10,376,29.847794,4,133,3.537234
5,interaction_aware_w50,376,29.847794,4,133,3.537234
6,static,356,104.673571,0,121,3.398876
6,nearest_h0,356,85.549210,3,233,6.544944
6,interaction_aware_w10,356,31.482524,4,119,3.342697
6,interaction_aware_w50,356,31.482524,4,119,3.342697
7,static,375,118.866464,0,133,3.546667
7,nearest_h0,375,108.992468,3,132,3.520000
7,interaction_aware_w10,375,34.297214,4,132,3.520000
7,interaction_aware_w50,375,34.297214,4,132,3.520000
8,static,378,109.432599,0,137,3.624339
8,nearest_h0,378,90.265125,3,136,3.597884
8,interaction_aware_w10,378,36.851624,8,139,3.677249
8,interaction_aware_w50,378,36.427451,3,136,3.597884
9,static,366,91.077508,0,134,3.661202
9,nearest_h0,366,75.222935,2,252,6.885246
9,interaction_aware_w10,366,34.896267,4,134,3.661202
9,interaction_aware_w50,366,34.896267,4,134,3.661202
10,static,369,92.606590,0,131,3.550136
10,nearest_h0,369,95.966900,3,130,3.523035
10,interaction_aware_w10,369,28.650404,6,127,3.441734
10,interaction_aware_w50,369,28.650404,6,127,3.441734
11,static,367,88.454322,0,127,3.460490
11,nearest_h0,367,107.857744,3,126,3.433243
11,interaction_aware_w10,367,27.905975,4,126,3.433243
11,interaction_aware_w50,367,27.905975,4,126,3.433243
12,static,388,103.583646,0,140,3.608247
12,nearest_h0,388,96.117824,3,140,3.608247
12,interaction_aware_w10,388,31.769628,7,137,3.530928
12,interaction_aware_w50,388,31.769628,7,137,3.530928
13,static,399,114.316974,0,157,3.934837
13,nearest_h0,399,136.005274,1,241,6.040100
13,interaction_aware_w10,399,27.277396,3,157,3.934837
13,interaction_aware_w50,399,27.277396,3,157,3.934837
14,static,373,82.916313,0,125,3.351206
14,nearest_h0,373,114.966800,2,249,6.675603
14,interaction_aware_w10,373,32.829802,4,126,3.378016
14,interaction_aware_w50,373,32.829802,4,126,3.378016
15,static,363,85.835528,0,243,6.694215
15,nearest_h0,363,77.947148,3,124,3.415978
15,interaction_aware_w10,363,29.995749,5,124,3.415978
15,interaction_aware_w50,363,29.995749,5,124,3.415978
16,static,391,120.236808,0,138,3.529412
16,nearest_h0,391,120.236808,0,138,3.529412
16,interaction_aware_w10,391,34.745122,4,138,3.529412
16,interaction_aware_w50,391,33.754327,2,138,3.529412
17,static,371,42.482957,0,135,3.638814
17,nearest_h0,371,105.669297,3,134,3.611860
17,interaction_aware_w10,371,18.311444,5,136,3.665768
17,interaction_aware_w50,371,18.311444,5,136,3.665768
18,static,348,93.572673,0,121,3.477011
18,nearest_h0,348,73.943047,3,120,3.448276
18,interaction_aware_w10,348,36.617958,9,121,3.477011
18,interaction_aware_w50,348,36.471172,7,121,3.477011
19,static,392,144.518571,0,141,3.596939
19,nearest_h0,392,96.195085,3,140,3.571429
19,interaction_aware_w10,392,28.085843,5,140,3.571429
19,interaction_aware_w50,392,28.085843,5,140,3.571429
20,static,393,83.019360,0,262,6.666667
20,nearest_h0,393,119.348642,3,133,3.384224
20,interaction_aware_w10,393,31.417910,7,132,3.358779
20,interaction_aware_w50,393,31.347110,5,132,3.358779
21,static,360,120.938939,0,130,3.611111
21,nearest_h0,360,44.226638,3,129,3.583333
21,interaction_aware_w10,360,22.390855,3,129,3.583333
21,interaction_aware_w50,360,22.390855,3,129,3.583333
22,static,313,74.929116,0,111,3.546326
22,nearest_h0,313,71.068139,2,111,3.546326
22,interaction_aware_w10,313,19.979653,5,110,3.514377
22,interaction_aware_w50,313,19.979653,5,110,3.514377
23,static,361,100.811717,0,126,3.490305
23,nearest_h0,361,124.152673,3,233,6.454294
23,interaction_aware_w10,361,34.612375,7,117,3.240997
23,interaction_aware_w50,361,35.092467,5,123,3.407202
24,static,349,86.820316,0,123,3.524355
24,nearest_h0,349,148.476760,3,122,3.495702
24,interaction_aware_w10,349,28.443916,6,122,3.495702
24,interaction_aware_w50,349,28.443916,6,122,3.495702
25,static,336,124.769698,0,128,3.809524
25,nearest_h0,336,115.568856,3,127,3.779762
25,interaction_aware_w10,336,29.367413,4,127,3.779762
25,interaction_aware_w50,336,29.367413,4,127,3.779762
26,static,328,80.840668,0,133,4.054878
26,nearest_h0,328,74.109552,2,231,7.042683
26,interaction_aware_w10,328,25.319841,3,133,4.054878
26,interaction_aware_w50,328,25.319841,3,133,4.054878
27,static,354,81.803705,0,236,6.666667
27,nearest_h0,354,115.405153,3,244,6.892655
27,interaction_aware_w10,354,32.018371,2,127,3.587571
27,interaction_aware_w50,354,32.018371,2,127,3.587571
28,static,342,95.159416,0,119,3.479532
28,nearest_h0,342,43.856130,5,118,3.450292
28,interaction_aware_w10,342,33.388820,4,118,3.450292
28,interaction_aware_w50,342,33.388820,4,118,3.450292
29,static,366,118.578672,0,136,3.715847
29,nearest_h0,366,113.917170,3,135,3.688525
29,interaction_aware_w10,366,29.537873,6,135,3.688525
29,interaction_aware_w50,366,29.537873,6,135,3.688525
30,static,388,59.986922,0,139,3.582474
30,nearest_h0,388,128.103259,3,270,6.958763
30,interaction_aware_w10,388,24.113668,5,135,3.479381
30,interaction_aware_w50,388,24.113668,5,135,3.479381
