dominant_peer_ratio,policy_id,selector,theta_d,window_size,n_seeds,combined_s_alpha1_mean,combined_s_alpha1_std,mean_latency_ms_mean,migration_count_mean
0.85,static,,,,30,305.621663,20.015141,101.807145,0.000000
0.85,nearest,,,,30,302.175613,22.989841,100.207179,12.566667
0.85,demand_argmax_w5_d0,demand_argmax,0.0,5,30,114.673164,6.039281,32.275439,167.466667
0.85,demand_argmax_w5_d0.25,demand_argmax,0.25,5,30,133.394054,7.663736,38.918620,155.166667
0.85,demand_argmax_w5_d0.5,demand_argmax,0.5,5,30,140.066514,8.004730,41.180031,154.033333
0.85,demand_argmax_w5_d1,demand_argmax,1.0,5,30,152.941120,9.571330,45.549111,151.800000
0.85,demand_argmax_w5_d2,demand_argmax,2.0,5,30,180.291778,12.248053,54.714954,150.066667
0.85,demand_argmax_w5_d5,demand_argmax,5.0,5,30,261.412048,18.040371,81.813542,148.033333
0.85,demand_argmax_w5_d10,demand_argmax,10.0,5,30,318.032610,20.645439,104.339155,46.833333
0.85,demand_argmax_w10_d0,demand_argmax,0.0,10,30,145.496962,8.715799,43.071775,151.533333
0.85,demand_argmax_w10_d0.25,demand_argmax,0.25,10,30,165.769877,10.498972,49.875040,150.033333
0.85,demand_argmax_w10_d0.5,demand_argmax,0.5,10,30,172.351096,11.078211,52.074064,149.900000
0.85,demand_argmax_w10_d1,demand_argmax,1.0,10,30,185.611080,12.042225,56.489911,149.866667
0.85,demand_argmax_w10_d2,demand_argmax,2.0,10,30,212.688340,14.289633,65.517245,149.700000
0.85,demand_argmax_w10_d5,demand_argmax,5.0,10,30,290.951654,20.819808,91.645118,148.400000
0.85,demand_argmax_w10_d10,demand_argmax,10.0,10,30,323.532650,22.805060,105.804722,56.500000
0.85,demand_argmax_w20_d0,demand_argmax,0.0,20,30,210.089019,14.464299,64.620879,150.966667
0.85,demand_argmax_w20_d0.25,demand_argmax,0.25,20,30,229.712836,15.971640,71.207672,149.633333
0.85,demand_argmax_w20_d0.5,demand_argmax,0.5,20,30,236.056254,16.581698,73.325805,149.500000
0.85,demand_argmax_w20_d1,demand_argmax,1.0,20,30,249.293644,17.545589,77.744687,149.233333
0.85,demand_argmax_w20_d2,demand_argmax,2.0,20,30,273.756345,19.277093,85.926394,148.500000
0.85,demand_argmax_w20_d5,demand_argmax,5.0,20,30,326.971592,22.122222,103.870651,141.866667
0.85,demand_argmax_w20_d10,demand_argmax,10.0,20,30,323.763368,21.506169,105.623684,62.666667
0.85,demand_argmax_w30_d0,demand_argmax,0.0,30,30,267.372025,19.277951,83.787628,149.000000
0.85,demand_argmax_w30_d0.25,demand_argmax,0.25,30,30,283.323367,20.305865,89.200002,146.200000
0.85,demand_argmax_w30_d0.5,demand_argmax,0.5,30,30,288.335760,20.865604,90.898715,145.466667
0.85,demand_argmax_w30_d1,demand_argmax,1.0,30,30,297.996636,21.333441,94.154876,144.233333
0.85,demand_argmax_w30_d2,demand_argmax,2.0,30,30,313.169589,21.581768,99.287715,141.633333
0.85,demand_argmax_w30_d5,demand_argmax,5.0,30,30,331.414077,21.346885,105.698770,131.566667
0.85,demand_argmax_w30_d10,demand_argmax,10.0,30,30,322.530619,22.909426,105.067033,67.333333
0.85,demand_argmax_w100_d0,demand_argmax,0.0,100,30,307.852195,19.773854,100.027611,73.166667
0.85,demand_argmax_w100_d0.25,demand_argmax,0.25,100,30,310.536303,20.057281,101.057037,69.100000
0.85,demand_argmax_w100_d0.5,demand_argmax,0.5,100,30,311.453955,20.114122,101.412677,67.933333
0.85,demand_argmax_w100_d1,demand_argmax,1.0,100,30,312.575823,20.013150,101.846659,66.400000
0.85,demand_argmax_w100_d2,demand_argmax,2.0,100,30,314.097761,19.867175,102.467127,63.066667
0.85,demand_argmax_w100_d5,demand_argmax,5.0,100,30,315.231472,18.197678,103.062243,56.933333
0.85,demand_argmax_w100_d10,demand_argmax,10.0,100,30,315.688324,16.278747,103.574110,46.733333
0.85,rtt_weighted_w5_d0,rtt_weighted,0.0,5,30,117.965225,4.911727,31.175451,520.966667
0.85,rtt_weighted_w5_d0.25,rtt_weighted,0.25,5,30,135.492411,7.125167,39.429198,342.133333
0.85,rtt_weighted_w5_d0.5,rtt_weighted,0.5,5,30,143.985850,8.267511,42.388271,307.600000
0.85,rtt_weighted_w5_d1,rtt_weighted,1.0,5,30,161.615372,9.842363,48.513030,247.733333
0.85,rtt_weighted_w5_d2,rtt_weighted,2.0,5,30,202.127352,14.842797,62.357663,175.566667
0.85,rtt_weighted_w5_d5,rtt_weighted,5.0,5,30,288.017838,18.266213,92.755084,94.566667
0.85,rtt_weighted_w5_d10,rtt_weighted,10.0,5,30,302.141160,19.583356,100.376777,8.100000
0.85,rtt_weighted_w10_d0,rtt_weighted,0.0,10,30,129.509623,5.993698,37.127900,400.266667
0.85,rtt_weighted_w10_d0.25,rtt_weighted,0.25,10,30,147.046942,8.130528,44.612618,291.200000
0.85,rtt_weighted_w10_d0.5,rtt_weighted,0.5,10,30,154.754478,8.639638,47.335065,271.766667
0.85,rtt_weighted_w10_d1,rtt_weighted,1.0,10,30,172.164102,9.984476,53.176663,240.200000
0.85,rtt_weighted_w10_d2,rtt_weighted,2.0,10,30,212.355686,13.292541,66.346476,190.433333
0.85,rtt_weighted_w10_d5,rtt_weighted,5.0,10,30,297.731450,20.059316,95.442066,115.100000
0.85,rtt_weighted_w10_d10,rtt_weighted,10.0,10,30,301.323206,21.107486,99.835308,16.066667
0.85,rtt_weighted_w20_d0,rtt_weighted,0.0,20,30,169.902642,10.096762,51.021346,345.300000
0.85,rtt_weighted_w20_d0.25,rtt_weighted,0.25,20,30,185.601610,11.414573,57.629903,269.200000
0.85,rtt_weighted_w20_d0.5,rtt_weighted,0.5,20,30,192.019678,12.001867,59.939223,258.066667
0.85,rtt_weighted_w20_d1,rtt_weighted,1.0,20,30,205.041139,12.891956,64.503386,238.866667
0.85,rtt_weighted_w20_d2,rtt_weighted,2.0,20,30,232.982483,15.164276,74.045369,202.066667
0.85,rtt_weighted_w20_d5,rtt_weighted,5.0,20,30,289.927880,22.920751,93.609566,110.033333
0.85,rtt_weighted_w20_d10,rtt_weighted,10.0,20,30,300.189253,22.943292,99.308959,21.133333
0.85,rtt_weighted_w30_d0,rtt_weighted,0.0,30,30,195.646244,12.681936,59.769433,276.466667
0.85,rtt_weighted_w30_d0.25,rtt_weighted,0.25,30,30,207.957045,13.756986,65.037233,218.266667
0.85,rtt_weighted_w30_d0.5,rtt_weighted,0.5,30,30,212.778810,14.406820,66.799442,209.600000
0.85,rtt_weighted_w30_d1,rtt_weighted,1.0,30,30,221.546995,14.800194,69.974744,196.066667
0.85,rtt_weighted_w30_d2,rtt_weighted,2.0,30,30,240.768873,16.945767,76.741525,171.566667
0.85,rtt_weighted_w30_d5,rtt_weighted,5.0,30,30,283.503089,26.015679,91.685667,108.633333
0.85,rtt_weighted_w30_d10,rtt_weighted,10.0,30,30,292.572939,26.122770,96.360512,36.066667
0.85,rtt_weighted_w100_d0,rtt_weighted,0.0,100,30,235.563795,20.272163,75.614808,123.400000
0.85,rtt_weighted_w100_d0.25,rtt_weighted,0.25,100,30,243.687742,21.931848,78.747283,103.033333
0.85,rtt_weighted_w100_d0.5,rtt_weighted,0.5,100,30,246.405778,22.413100,79.718593,100.266667
0.85,rtt_weighted_w100_d1,rtt_weighted,1.0,100,30,251.706935,23.496103,81.555436,95.966667
0.85,rtt_weighted_w100_d2,rtt_weighted,2.0,100,30,262.335356,25.136651,85.222783,89.000000
0.85,rtt_weighted_w100_d5,rtt_weighted,5.0,100,30,286.085058,28.433188,93.567796,70.666667
0.85,rtt_weighted_w100_d10,rtt_weighted,10.0,100,30,295.962864,33.164364,97.340916,47.700000
0.7,static,,,,30,305.908909,19.591029,101.902035,0.000000
0.7,nearest,,,,30,302.070326,22.263231,100.170867,12.566667
0.7,demand_argmax_w5_d0,demand_argmax,0.0,5,30,171.534417,7.131300,47.436634,275.200000
0.7,demand_argmax_w5_d0.25,demand_argmax,0.25,5,30,176.743059,8.067907,52.276497,184.833333
0.7,demand_argmax_w5_d0.5,demand_argmax,0.5,5,30,181.174210,8.402989,54.064858,176.200000
0.7,demand_argmax_w5_d1,demand_argmax,1.0,5,30,190.082765,9.379771,57.517380,162.933333
0.7,demand_argmax_w5_d2,demand_argmax,2.0,5,30,212.025486,11.582417,65.177909,152.833333
0.7,demand_argmax_w5_d5,demand_argmax,5.0,5,30,281.180278,16.731993,88.788393,136.633333
0.7,demand_argmax_w5_d10,demand_argmax,10.0,5,30,313.449780,14.752782,103.272710,33.600000
0.7,demand_argmax_w10_d0,demand_argmax,0.0,10,30,180.093927,8.885972,54.190873,162.866667
0.7,demand_argmax_w10_d0.25,demand_argmax,0.25,10,30,195.530304,10.205941,59.687208,152.666667
0.7,demand_argmax_w10_d0.5,demand_argmax,0.5,10,30,200.939281,10.516712,61.517580,151.800000
0.7,demand_argmax_w10_d1,demand_argmax,1.0,10,30,211.636194,11.144705,65.114817,150.933333
0.7,demand_argmax_w10_d2,demand_argmax,2.0,10,30,233.793053,12.648380,72.531833,150.033333
0.7,demand_argmax_w10_d5,demand_argmax,5.0,10,30,297.004124,18.586896,93.699085,147.000000
0.7,demand_argmax_w10_d10,demand_argmax,10.0,10,30,317.322688,21.349112,103.777801,57.133333
0.7,demand_argmax_w20_d0,demand_argmax,0.0,20,30,231.544596,12.971980,71.605123,155.200000
0.7,demand_argmax_w20_d0.25,demand_argmax,0.25,20,30,247.085759,14.916516,76.978810,149.966667
0.7,demand_argmax_w20_d0.5,demand_argmax,0.5,20,30,252.275038,15.176749,78.716760,149.700000
0.7,demand_argmax_w20_d1,demand_argmax,1.0,20,30,262.749708,15.788628,82.230770,149.066667
0.7,demand_argmax_w20_d2,demand_argmax,2.0,20,30,282.223342,16.818926,88.766853,147.800000
0.7,demand_argmax_w20_d5,demand_argmax,5.0,20,30,324.532716,19.618023,103.117803,140.066667
0.7,demand_argmax_w20_d10,demand_argmax,10.0,20,30,320.660040,19.846758,104.599544,63.066667
0.7,demand_argmax_w30_d0,demand_argmax,0.0,30,30,277.239876,16.746820,86.939956,152.133333
0.7,demand_argmax_w30_d0.25,demand_argmax,0.25,30,30,289.660915,17.672763,91.314079,145.766667
0.7,demand_argmax_w30_d0.5,demand_argmax,0.5,30,30,293.662187,18.208333,92.675708,144.933333
0.7,demand_argmax_w30_d1,demand_argmax,1.0,30,30,300.985535,18.455219,95.186660,143.166667
0.7,demand_argmax_w30_d2,demand_argmax,2.0,30,30,313.293178,18.725142,99.374424,140.100000
0.7,demand_argmax_w30_d5,demand_argmax,5.0,30,30,328.016441,19.430587,104.656927,129.533333
0.7,demand_argmax_w30_d10,demand_argmax,10.0,30,30,321.897893,20.783104,104.827780,68.566667
0.7,demand_argmax_w100_d0,demand_argmax,0.0,100,30,308.285808,18.722898,99.647574,87.266667
0.7,demand_argmax_w100_d0.25,demand_argmax,0.25,100,30,310.165750,19.154468,100.583933,78.266667
0.7,demand_argmax_w100_d0.5,demand_argmax,0.5,100,30,310.634374,19.173479,100.808642,76.466667
0.7,demand_argmax_w100_d1,demand_argmax,1.0,100,30,311.623277,19.061049,101.234991,73.966667
0.7,demand_argmax_w100_d2,demand_argmax,2.0,100,30,312.702419,19.196044,101.764656,68.933333
0.7,demand_argmax_w100_d5,demand_argmax,5.0,100,30,313.850890,18.788201,102.449391,59.933333
0.7,demand_argmax_w100_d10,demand_argmax,10.0,100,30,314.293856,17.022445,103.070860,46.833333
0.7,rtt_weighted_w5_d0,rtt_weighted,0.0,5,30,186.833318,8.257392,47.582055,805.866667
0.7,rtt_weighted_w5_d0.25,rtt_weighted,0.25,5,30,185.371408,9.170725,53.611886,439.966667
0.7,rtt_weighted_w5_d0.5,rtt_weighted,0.5,5,30,189.907200,9.100313,55.960984,378.300000
0.7,rtt_weighted_w5_d1,rtt_weighted,1.0,5,30,202.207145,10.066104,61.331885,280.533333
0.7,rtt_weighted_w5_d2,rtt_weighted,2.0,5,30,236.628872,13.638756,74.224043,167.833333
0.7,rtt_weighted_w5_d5,rtt_weighted,5.0,5,30,293.555312,17.234407,96.111706,51.166667
0.7,rtt_weighted_w5_d10,rtt_weighted,10.0,5,30,302.588814,18.766312,100.699539,2.833333
0.7,rtt_weighted_w10_d0,rtt_weighted,0.0,10,30,178.704885,7.658514,50.232271,557.266667
0.7,rtt_weighted_w10_d0.25,rtt_weighted,0.25,10,30,184.894269,7.926544,55.869369,342.566667
0.7,rtt_weighted_w10_d0.5,rtt_weighted,0.5,10,30,190.113106,8.592812,57.984672,311.066667
0.7,rtt_weighted_w10_d1,rtt_weighted,1.0,10,30,203.254265,9.740912,62.819048,260.733333
0.7,rtt_weighted_w10_d2,rtt_weighted,2.0,10,30,234.916630,12.988035,73.786776,190.766667
0.7,rtt_weighted_w10_d5,rtt_weighted,5.0,10,30,290.978452,18.893860,94.323272,83.400000
0.7,rtt_weighted_w10_d10,rtt_weighted,10.0,10,30,296.605575,17.344272,98.464363,10.166667
0.7,rtt_weighted_w20_d0,rtt_weighted,0.0,20,30,200.605420,10.848668,59.677773,409.633333
0.7,rtt_weighted_w20_d0.25,rtt_weighted,0.25,20,30,208.836768,11.690531,64.896041,271.866667
0.7,rtt_weighted_w20_d0.5,rtt_weighted,0.5,20,30,213.682593,12.565642,66.737222,256.300000
0.7,rtt_weighted_w20_d1,rtt_weighted,1.0,20,30,223.655192,13.946324,70.429960,228.933333
0.7,rtt_weighted_w20_d2,rtt_weighted,2.0,20,30,244.422952,16.542427,77.728968,186.700000
0.7,rtt_weighted_w20_d5,rtt_weighted,5.0,20,30,283.249981,23.645157,91.631815,96.400000
0.7,rtt_weighted_w20_d10,rtt_weighted,10.0,20,30,288.665245,21.215754,95.437134,22.900000
0.7,rtt_weighted_w30_d0,rtt_weighted,0.0,30,30,217.733852,13.944628,66.053778,326.933333
0.7,rtt_weighted_w30_d0.25,rtt_weighted,0.25,30,30,223.621858,14.501022,70.138648,220.200000
0.7,rtt_weighted_w30_d0.5,rtt_weighted,0.5,30,30,227.304192,14.900421,71.595456,208.433333
0.7,rtt_weighted_w30_d1,rtt_weighted,1.0,30,30,234.800739,15.551226,74.393398,189.900000
0.7,rtt_weighted_w30_d2,rtt_weighted,2.0,30,30,248.687819,17.370905,79.472942,160.133333
0.7,rtt_weighted_w30_d5,rtt_weighted,5.0,30,30,276.853973,23.361942,89.649862,96.533333
0.7,rtt_weighted_w30_d10,rtt_weighted,10.0,30,30,284.377440,23.964985,93.701972,35.033333
0.7,rtt_weighted_w100_d0,rtt_weighted,0.0,100,30,243.858312,21.128952,77.778479,150.766667
0.7,rtt_weighted_w100_d0.25,rtt_weighted,0.25,100,30,247.929311,21.820564,80.120757,105.166667
0.7,rtt_weighted_w100_d0.5,rtt_weighted,0.5,100,30,250.075755,22.451756,80.938482,100.800000
0.7,rtt_weighted_w100_d1,rtt_weighted,1.0,100,30,254.266311,23.578270,82.452710,94.700000
0.7,rtt_weighted_w100_d2,rtt_weighted,2.0,100,30,261.955516,25.295685,85.239049,84.166667
0.7,rtt_weighted_w100_d5,rtt_weighted,5.0,100,30,278.551489,28.841376,91.170967,65.133333
0.7,rtt_weighted_w100_d10,rtt_weighted,10.0,100,30,284.151908,29.814991,93.491012,43.933333
0.6,static,,,,30,306.238567,19.134891,102.013676,0.000000
0.6,nearest,,,,30,302.734725,22.628676,100.393783,12.566667
0.6,demand_argmax_w5_d0,demand_argmax,0.0,5,30,219.201728,8.771461,58.564557,413.666667
0.6,demand_argmax_w5_d0.25,demand_argmax,0.25,5,30,211.122694,8.596863,61.994813,238.266667
0.6,demand_argmax_w5_d0.5,demand_argmax,0.5,5,30,212.518028,8.508265,63.270525,215.700000
0.6,demand_argmax_w5_d1,demand_argmax,1.0,5,30,218.078531,8.861147,66.197586,183.066667
0.6,demand_argmax_w5_d2,demand_argmax,2.0,5,30,237.076383,9.935962,73.397168,157.400000
0.6,demand_argmax_w5_d5,demand_argmax,5.0,5,30,294.162023,15.889463,93.831262,116.766667
0.6,demand_argmax_w5_d10,demand_argmax,10.0,5,30,310.441213,14.480955,102.666928,21.466667
0.6,demand_argmax_w10_d0,demand_argmax,0.0,10,30,206.507539,8.536380,61.961112,191.966667
0.6,demand_argmax_w10_d0.25,demand_argmax,0.25,10,30,217.051082,9.420680,66.569625,162.166667
0.6,demand_argmax_w10_d0.5,demand_argmax,0.5,10,30,221.402429,9.888732,68.119110,158.800000
0.6,demand_argmax_w10_d1,demand_argmax,1.0,10,30,230.340898,10.516031,71.216608,155.300000
0.6,demand_argmax_w10_d2,demand_argmax,2.0,10,30,249.238343,12.527020,77.638391,151.500000
0.6,demand_argmax_w10_d5,demand_argmax,5.0,10,30,301.867843,17.285600,95.410009,144.233333
0.6,demand_argmax_w10_d10,demand_argmax,10.0,10,30,317.956041,18.687018,104.089482,52.600000
0.6,demand_argmax_w20_d0,demand_argmax,0.0,20,30,246.586406,11.836085,76.427237,160.166667
0.6,demand_argmax_w20_d0.25,demand_argmax,0.25,20,30,259.300865,13.570046,80.996155,151.066667
0.6,demand_argmax_w20_d0.5,demand_argmax,0.5,20,30,263.833658,13.920966,82.535743,150.166667
0.6,demand_argmax_w20_d1,demand_argmax,1.0,20,30,272.685271,14.737509,85.519582,149.333333
0.6,demand_argmax_w20_d2,demand_argmax,2.0,20,30,289.429893,15.667000,91.160599,147.700000
0.6,demand_argmax_w20_d5,demand_argmax,5.0,20,30,323.511931,17.828175,102.852186,137.933333
0.6,demand_argmax_w20_d10,demand_argmax,10.0,20,30,318.791108,17.747908,103.920172,64.166667
0.6,demand_argmax_w30_d0,demand_argmax,0.0,30,30,284.255207,15.484722,89.147277,155.933333
0.6,demand_argmax_w30_d0.25,demand_argmax,0.25,30,30,294.083555,16.102842,92.793316,145.300000
0.6,demand_argmax_w30_d0.5,demand_argmax,0.5,30,30,297.370231,16.390246,93.939235,143.700000
0.6,demand_argmax_w30_d1,demand_argmax,1.0,30,30,303.139529,17.195566,95.935007,141.833333
0.6,demand_argmax_w30_d2,demand_argmax,2.0,30,30,313.502816,17.129926,99.498779,138.433333
0.6,demand_argmax_w30_d5,demand_argmax,5.0,30,30,325.800483,17.806235,104.051926,125.400000
0.6,demand_argmax_w30_d10,demand_argmax,10.0,30,30,318.418977,18.854469,103.629909,69.800000
0.6,demand_argmax_w100_d0,demand_argmax,0.0,100,30,308.875381,16.004343,99.527749,97.333333
0.6,demand_argmax_w100_d0.25,demand_argmax,0.25,100,30,310.021420,16.110638,100.379301,83.566667
0.6,demand_argmax_w100_d0.5,demand_argmax,0.5,100,30,310.630505,15.968547,100.686110,80.800000
0.6,demand_argmax_w100_d1,demand_argmax,1.0,100,30,311.559120,15.453316,101.131241,77.133333
0.6,demand_argmax_w100_d2,demand_argmax,2.0,100,30,312.811884,15.752023,101.758506,70.866667
0.6,demand_argmax_w100_d5,demand_argmax,5.0,100,30,313.679986,14.877481,102.469561,59.000000
0.6,demand_argmax_w100_d10,demand_argmax,10.0,100,30,313.623268,13.846102,102.883626,46.400000
0.6,rtt_weighted_w5_d0,rtt_weighted,0.0,5,30,233.629570,11.009584,57.880385,989.133333
0.6,rtt_weighted_w5_d0.25,rtt_weighted,0.25,5,30,216.486604,10.554423,62.384816,473.666667
0.6,rtt_weighted_w5_d0.5,rtt_weighted,0.5,5,30,218.624338,10.752854,64.412601,399.333333
0.6,rtt_weighted_w5_d1,rtt_weighted,1.0,5,30,227.202493,11.535783,69.232319,282.600000
0.6,rtt_weighted_w5_d2,rtt_weighted,2.0,5,30,253.681832,14.634188,80.259809,155.666667
0.6,rtt_weighted_w5_d5,rtt_weighted,5.0,5,30,293.979810,18.416619,96.938830,31.966667
0.6,rtt_weighted_w5_d10,rtt_weighted,10.0,5,30,303.318126,18.037834,101.019015,1.066667
0.6,rtt_weighted_w10_d0,rtt_weighted,0.0,10,30,212.679106,9.340413,58.620160,660.100000
0.6,rtt_weighted_w10_d0.25,rtt_weighted,0.25,10,30,210.014364,9.141689,63.259496,359.166667
0.6,rtt_weighted_w10_d0.5,rtt_weighted,0.5,10,30,213.781951,9.752338,65.022769,322.100000
0.6,rtt_weighted_w10_d1,rtt_weighted,1.0,10,30,223.414769,10.339501,69.009925,263.800000
0.6,rtt_weighted_w10_d2,rtt_weighted,2.0,10,30,246.997047,14.486815,77.784238,185.100000
0.6,rtt_weighted_w10_d5,rtt_weighted,5.0,10,30,287.642724,17.993869,93.735720,68.333333
0.6,rtt_weighted_w10_d10,rtt_weighted,10.0,10,30,289.449239,19.511372,96.176356,7.733333
0.6,rtt_weighted_w20_d0,rtt_weighted,0.0,20,30,222.454531,11.384910,65.401123,463.666667
0.6,rtt_weighted_w20_d0.25,rtt_weighted,0.25,20,30,225.168247,12.012088,69.795076,274.200000
0.6,rtt_weighted_w20_d0.5,rtt_weighted,0.5,20,30,228.600659,12.842125,71.250212,254.433333
0.6,rtt_weighted_w20_d1,rtt_weighted,1.0,20,30,236.009327,13.423071,74.217667,222.666667
0.6,rtt_weighted_w20_d2,rtt_weighted,2.0,20,30,252.014559,15.566242,80.140079,176.033333
0.6,rtt_weighted_w20_d5,rtt_weighted,5.0,20,30,278.523731,19.550863,90.296794,89.933333
0.6,rtt_weighted_w20_d10,rtt_weighted,10.0,20,30,281.419662,20.825494,93.073852,21.566667
0.6,rtt_weighted_w30_d0,rtt_weighted,0.0,30,30,232.598071,13.849757,70.204739,355.433333
0.6,rtt_weighted_w30_d0.25,rtt_weighted,0.25,30,30,233.957678,14.433792,73.486513,216.200000
0.6,rtt_weighted_w30_d0.5,rtt_weighted,0.5,30,30,236.856887,14.828274,74.675472,203.666667
0.6,rtt_weighted_w30_d1,rtt_weighted,1.0,30,30,242.639657,15.773344,77.012138,181.533333
0.6,rtt_weighted_w30_d2,rtt_weighted,2.0,30,30,253.411815,16.988086,81.112860,150.000000
0.6,rtt_weighted_w30_d5,rtt_weighted,5.0,30,30,275.091002,19.849378,89.218045,91.166667
0.6,rtt_weighted_w30_d10,rtt_weighted,10.0,30,30,279.643539,25.340931,92.079424,36.366667
0.6,rtt_weighted_w100_d0,rtt_weighted,0.0,100,30,247.221531,20.735224,78.610348,162.966667
0.6,rtt_weighted_w100_d0.25,rtt_weighted,0.25,100,30,248.822563,21.062515,80.505935,102.666667
0.6,rtt_weighted_w100_d0.5,rtt_weighted,0.5,100,30,250.368203,21.282551,81.137664,97.800000
0.6,rtt_weighted_w100_d1,rtt_weighted,1.0,100,30,253.799625,21.791596,82.433900,90.133333
0.6,rtt_weighted_w100_d2,rtt_weighted,2.0,100,30,260.278501,23.910384,84.797449,80.166667
0.6,rtt_weighted_w100_d5,rtt_weighted,5.0,100,30,271.998637,25.937972,89.139940,60.066667
0.6,rtt_weighted_w100_d10,rtt_weighted,10.0,100,30,275.847968,26.837424,90.866196,40.766667
0.5,static,,,,30,305.963965,18.971239,101.920502,0.000000
0.5,nearest,,,,30,302.525139,22.503098,100.317429,12.566667
0.5,demand_argmax_w5_d0,demand_argmax,0.0,5,30,274.175517,10.227698,70.356319,597.766667
0.5,demand_argmax_w5_d0.25,demand_argmax,0.25,5,30,250.576717,9.471986,72.471546,313.600000
0.5,demand_argmax_w5_d0.5,demand_argmax,0.5,5,30,249.120276,9.277492,73.390956,272.866667
0.5,demand_argmax_w5_d1,demand_argmax,1.0,5,30,249.579301,9.716441,75.536862,215.700000
0.5,demand_argmax_w5_d2,demand_argmax,2.0,5,30,262.666178,11.278182,81.736840,162.066667
0.5,demand_argmax_w5_d5,demand_argmax,5.0,5,30,302.643846,15.949478,97.687129,87.700000
0.5,demand_argmax_w5_d10,demand_argmax,10.0,5,30,306.232728,16.436007,101.648267,10.800000
0.5,demand_argmax_w10_d0,demand_argmax,0.0,10,30,238.905094,10.450266,70.442717,257.933333
0.5,demand_argmax_w10_d0.25,demand_argmax,0.25,10,30,242.442764,10.499968,74.033486,188.666667
0.5,demand_argmax_w10_d0.5,demand_argmax,0.5,10,30,244.913716,10.899543,75.175271,180.366667
0.5,demand_argmax_w10_d1,demand_argmax,1.0,10,30,250.800469,11.397685,77.567813,168.600000
0.5,demand_argmax_w10_d2,demand_argmax,2.0,10,30,265.177402,12.762564,82.777586,156.266667
0.5,demand_argmax_w10_d5,demand_argmax,5.0,10,30,305.971439,16.617256,97.048468,136.733333
0.5,demand_argmax_w10_d10,demand_argmax,10.0,10,30,314.819846,17.099261,103.330778,44.500000
0.5,demand_argmax_w20_d0,demand_argmax,0.0,20,30,261.711415,11.969141,81.035557,171.766667
0.5,demand_argmax_w20_d0.25,demand_argmax,0.25,20,30,270.810175,12.928246,84.700806,154.200000
0.5,demand_argmax_w20_d0.5,demand_argmax,0.5,20,30,274.095767,13.435903,85.854924,152.833333
0.5,demand_argmax_w20_d1,demand_argmax,1.0,20,30,281.495976,13.596898,88.421530,150.300000
0.5,demand_argmax_w20_d2,demand_argmax,2.0,20,30,294.778050,14.991798,92.945922,147.666667
0.5,demand_argmax_w20_d5,demand_argmax,5.0,20,30,321.898942,16.059756,102.410351,135.400000
0.5,demand_argmax_w20_d10,demand_argmax,10.0,20,30,320.269829,15.966434,104.388582,63.866667
0.5,demand_argmax_w30_d0,demand_argmax,0.0,30,30,290.538544,14.769707,90.992510,162.400000
0.5,demand_argmax_w30_d0.25,demand_argmax,0.25,30,30,297.537973,15.148625,93.934430,145.400000
0.5,demand_argmax_w30_d0.5,demand_argmax,0.5,30,30,300.296984,15.318917,94.910628,143.866667
0.5,demand_argmax_w30_d1,demand_argmax,1.0,30,30,305.176358,15.586022,96.641403,140.966667
0.5,demand_argmax_w30_d2,demand_argmax,2.0,30,30,313.473718,15.986124,99.552318,136.500000
0.5,demand_argmax_w30_d5,demand_argmax,5.0,30,30,324.677263,16.788439,103.742521,123.200000
0.5,demand_argmax_w30_d10,demand_argmax,10.0,30,30,318.992691,18.563954,103.803368,69.300000
0.5,demand_argmax_w100_d0,demand_argmax,0.0,100,30,311.252225,15.252282,99.827665,109.833333
0.5,demand_argmax_w100_d0.25,demand_argmax,0.25,100,30,311.494445,14.957510,100.568599,90.766667
0.5,demand_argmax_w100_d0.5,demand_argmax,0.5,100,30,311.850304,14.686934,100.807716,87.700000
0.5,demand_argmax_w100_d1,demand_argmax,1.0,100,30,311.962719,14.881085,101.063722,82.033333
0.5,demand_argmax_w100_d2,demand_argmax,2.0,100,30,312.836633,15.041389,101.645995,73.733333
0.5,demand_argmax_w100_d5,demand_argmax,5.0,100,30,313.999022,14.086058,102.543847,59.100000
0.5,demand_argmax_w100_d10,demand_argmax,10.0,100,30,312.763031,12.655744,102.617979,45.466667
0.5,rtt_weighted_w5_d0,rtt_weighted,0.0,5,30,277.683399,15.750086,67.335426,1159.833333
0.5,rtt_weighted_w5_d0.25,rtt_weighted,0.25,5,30,244.716060,12.199438,70.373809,496.666667
0.5,rtt_weighted_w5_d0.5,rtt_weighted,0.5,5,30,243.255593,11.913327,71.750335,406.300000
0.5,rtt_weighted_w5_d1,rtt_weighted,1.0,5,30,245.882493,11.522115,75.243299,279.266667
0.5,rtt_weighted_w5_d2,rtt_weighted,2.0,5,30,264.124611,15.489324,84.148014,138.400000
0.5,rtt_weighted_w5_d5,rtt_weighted,5.0,5,30,288.032288,17.841086,95.349239,19.500000
0.5,rtt_weighted_w5_d10,rtt_weighted,10.0,5,30,304.024152,19.146468,101.251913,0.533333
0.5,rtt_weighted_w10_d0,rtt_weighted,0.0,10,30,247.339511,13.105703,66.603427,773.466667
0.5,rtt_weighted_w10_d0.25,rtt_weighted,0.25,10,30,233.454053,12.636379,69.958670,384.200000
0.5,rtt_weighted_w10_d0.5,rtt_weighted,0.5,10,30,235.528982,12.470173,71.381680,337.266667
0.5,rtt_weighted_w10_d1,rtt_weighted,1.0,10,30,241.884784,13.751196,74.643808,264.100000
0.5,rtt_weighted_w10_d2,rtt_weighted,2.0,10,30,256.573127,15.722935,81.143202,172.633333
0.5,rtt_weighted_w10_d5,rtt_weighted,5.0,10,30,277.896326,19.090031,91.017000,53.500000
0.5,rtt_weighted_w10_d10,rtt_weighted,10.0,10,30,286.447021,21.802622,95.234237,6.100000
0.5,rtt_weighted_w20_d0,rtt_weighted,0.0,20,30,242.353556,14.922718,70.436765,510.133333
0.5,rtt_weighted_w20_d0.25,rtt_weighted,0.25,20,30,237.813935,14.252185,73.582474,276.500000
0.5,rtt_weighted_w20_d0.5,rtt_weighted,0.5,20,30,239.880231,14.632186,74.738733,251.833333
0.5,rtt_weighted_w20_d1,rtt_weighted,1.0,20,30,243.962390,15.433661,76.741982,214.066667
0.5,rtt_weighted_w20_d2,rtt_weighted,2.0,20,30,255.026346,17.382972,81.166607,164.833333
0.5,rtt_weighted_w20_d5,rtt_weighted,5.0,20,30,272.419317,20.343087,88.532420,80.933333
0.5,rtt_weighted_w20_d10,rtt_weighted,10.0,20,30,270.161680,23.813589,89.388712,20.666667
0.5,rtt_weighted_w30_d0,rtt_weighted,0.0,30,30,246.140665,16.418501,73.771574,384.200000
0.5,rtt_weighted_w30_d0.25,rtt_weighted,0.25,30,30,242.756096,16.199246,76.176549,214.033333
0.5,rtt_weighted_w30_d0.5,rtt_weighted,0.5,30,30,244.346655,16.073998,77.053534,197.300000
0.5,rtt_weighted_w30_d1,rtt_weighted,1.0,30,30,248.074367,16.432300,78.813658,172.200000
0.5,rtt_weighted_w30_d2,rtt_weighted,2.0,30,30,256.470810,18.789882,82.196914,140.166667
0.5,rtt_weighted_w30_d5,rtt_weighted,5.0,30,30,270.073043,20.813463,87.695969,85.266667
0.5,rtt_weighted_w30_d10,rtt_weighted,10.0,30,30,271.721142,24.238651,89.545446,34.133333
0.5,rtt_weighted_w100_d0,rtt_weighted,0.0,100,30,250.755675,23.175675,79.300172,179.266667
0.5,rtt_weighted_w100_d0.25,rtt_weighted,0.25,100,30,249.330354,23.078312,80.605169,102.033333
0.5,rtt_weighted_w100_d0.5,rtt_weighted,0.5,100,30,250.206535,23.107074,81.059357,95.366667
0.5,rtt_weighted_w100_d1,rtt_weighted,1.0,100,30,251.940456,23.527513,81.895259,84.466667
0.5,rtt_weighted_w100_d2,rtt_weighted,2.0,100,30,256.131620,24.793878,83.554934,72.266667
0.5,rtt_weighted_w100_d5,rtt_weighted,5.0,100,30,264.733577,26.582806,86.871837,52.500000
0.5,rtt_weighted_w100_d10,rtt_weighted,10.0,100,30,268.402722,26.718292,88.448854,37.500000
0.4,static,,,,30,305.542437,19.037455,101.782806,0.000000
0.4,nearest,,,,30,302.201196,21.404809,100.215885,12.566667
0.4,demand_argmax_w5_d0,demand_argmax,0.0,5,30,325.600804,13.427100,81.083074,794.533333
0.4,demand_argmax_w5_d0.25,demand_argmax,0.25,5,30,289.548165,11.057860,82.292452,404.600000
0.4,demand_argmax_w5_d0.5,demand_argmax,0.5,5,30,285.310122,11.262559,82.877917,346.233333
0.4,demand_argmax_w5_d1,demand_argmax,1.0,5,30,281.208505,11.699574,84.508138,257.333333
0.4,demand_argmax_w5_d2,demand_argmax,2.0,5,30,285.430434,12.605431,89.289134,162.333333
0.4,demand_argmax_w5_d5,demand_argmax,5.0,5,30,306.414837,14.385344,100.105833,55.300000
0.4,demand_argmax_w5_d10,demand_argmax,10.0,5,30,303.226218,16.568944,100.872459,4.166667
0.4,demand_argmax_w10_d0,demand_argmax,0.0,10,30,277.184610,10.644878,79.078277,382.466667
0.4,demand_argmax_w10_d0.25,demand_argmax,0.25,10,30,270.793805,11.619743,81.739509,239.800000
0.4,demand_argmax_w10_d0.5,demand_argmax,0.5,10,30,271.484226,11.944521,82.602918,221.233333
0.4,demand_argmax_w10_d1,demand_argmax,1.0,10,30,274.108462,12.112176,84.365295,196.066667
0.4,demand_argmax_w10_d2,demand_argmax,2.0,10,30,282.676868,12.474569,88.285716,165.500000
0.4,demand_argmax_w10_d5,demand_argmax,5.0,10,30,309.470780,15.872480,98.855290,118.766667
0.4,demand_argmax_w10_d10,demand_argmax,10.0,10,30,310.443220,14.464923,102.370953,29.866667
0.4,demand_argmax_w20_d0,demand_argmax,0.0,20,30,279.791925,12.313915,85.850672,209.066667
0.4,demand_argmax_w20_d0.25,demand_argmax,0.25,20,30,283.813728,12.872515,88.556729,168.733333
0.4,demand_argmax_w20_d0.5,demand_argmax,0.5,20,30,286.231510,12.805472,89.522223,164.366667
0.4,demand_argmax_w20_d1,demand_argmax,1.0,20,30,290.988904,13.504161,91.345169,157.833333
0.4,demand_argmax_w20_d2,demand_argmax,2.0,20,30,300.124466,14.473757,94.655012,149.933333
0.4,demand_argmax_w20_d5,demand_argmax,5.0,20,30,319.661722,15.569529,101.833248,129.666667
0.4,demand_argmax_w20_d10,demand_argmax,10.0,20,30,314.863539,17.271252,102.781377,59.966667
0.4,demand_argmax_w30_d0,demand_argmax,0.0,30,30,299.322446,13.937876,93.337458,178.533333
0.4,demand_argmax_w30_d0.25,demand_argmax,0.25,30,30,302.589492,14.307231,95.433011,150.433333
0.4,demand_argmax_w30_d0.5,demand_argmax,0.5,30,30,304.154034,14.589371,96.071815,147.433333
0.4,demand_argmax_w30_d1,demand_argmax,1.0,30,30,308.042380,14.866351,97.552662,141.800000
0.4,demand_argmax_w30_d2,demand_argmax,2.0,30,30,313.690688,14.870540,99.661699,134.933333
0.4,demand_argmax_w30_d5,demand_argmax,5.0,30,30,321.946854,16.076522,103.036178,116.866667
0.4,demand_argmax_w30_d10,demand_argmax,10.0,30,30,316.671950,16.893445,103.040093,68.466667
0.4,demand_argmax_w100_d0,demand_argmax,0.0,100,30,313.638632,17.411461,100.249452,119.833333
0.4,demand_argmax_w100_d0.25,demand_argmax,0.25,100,30,312.845261,17.535969,100.735757,97.600000
0.4,demand_argmax_w100_d0.5,demand_argmax,0.5,100,30,312.927832,17.622819,100.942892,92.833333
0.4,demand_argmax_w100_d1,demand_argmax,1.0,100,30,313.059279,17.300520,101.241460,85.833333
0.4,demand_argmax_w100_d2,demand_argmax,2.0,100,30,313.315899,17.024396,101.701110,75.600000
0.4,demand_argmax_w100_d5,demand_argmax,5.0,100,30,312.774099,16.099599,102.122032,59.400000
0.4,demand_argmax_w100_d10,demand_argmax,10.0,100,30,311.986384,15.404970,102.344340,45.800000
0.4,rtt_weighted_w5_d0,rtt_weighted,0.0,5,30,317.358354,18.362111,75.900436,1298.666667
0.4,rtt_weighted_w5_d0.25,rtt_weighted,0.25,5,30,269.075077,14.558866,77.462165,504.666667
0.4,rtt_weighted_w5_d0.5,rtt_weighted,0.5,5,30,265.668003,14.230517,78.483556,407.733333
0.4,rtt_weighted_w5_d1,rtt_weighted,1.0,5,30,264.471876,14.919291,81.209066,266.266667
0.4,rtt_weighted_w5_d2,rtt_weighted,2.0,5,30,271.994727,17.023599,87.157220,122.900000
0.4,rtt_weighted_w5_d5,rtt_weighted,5.0,5,30,284.115422,16.680563,94.290190,11.966667
0.4,rtt_weighted_w5_d10,rtt_weighted,10.0,5,30,303.459995,18.481136,101.077539,0.366667
0.4,rtt_weighted_w10_d0,rtt_weighted,0.0,10,30,279.768675,16.380080,74.179781,870.466667
0.4,rtt_weighted_w10_d0.25,rtt_weighted,0.25,10,30,255.114541,14.394299,76.146933,395.233333
0.4,rtt_weighted_w10_d0.5,rtt_weighted,0.5,10,30,255.198342,13.887233,77.153545,343.933333
0.4,rtt_weighted_w10_d1,rtt_weighted,1.0,10,30,256.750194,14.836397,79.172766,265.633333
0.4,rtt_weighted_w10_d2,rtt_weighted,2.0,10,30,263.662210,17.469785,83.481334,167.733333
0.4,rtt_weighted_w10_d5,rtt_weighted,5.0,10,30,273.060656,18.528910,89.686422,44.066667
0.4,rtt_weighted_w10_d10,rtt_weighted,10.0,10,30,285.778025,20.919819,95.083897,4.166667
0.4,rtt_weighted_w20_d0,rtt_weighted,0.0,20,30,262.945225,17.313991,75.424673,559.400000
0.4,rtt_weighted_w20_d0.25,rtt_weighted,0.25,20,30,251.073073,15.739543,77.487466,275.900000
0.4,rtt_weighted_w20_d0.5,rtt_weighted,0.5,20,30,251.961924,16.142450,78.315281,250.066667
0.4,rtt_weighted_w20_d1,rtt_weighted,1.0,20,30,254.297473,16.899779,79.899708,207.100000
0.4,rtt_weighted_w20_d2,rtt_weighted,2.0,20,30,260.495344,18.053623,82.908524,156.100000
0.4,rtt_weighted_w20_d5,rtt_weighted,5.0,20,30,268.823203,20.307328,87.509293,73.866667
0.4,rtt_weighted_w20_d10,rtt_weighted,10.0,20,30,268.924022,21.230713,89.027559,19.200000
0.4,rtt_weighted_w30_d0,rtt_weighted,0.0,30,30,260.375256,19.621144,77.365699,418.400000
0.4,rtt_weighted_w30_d0.25,rtt_weighted,0.25,30,30,251.821856,18.248837,78.955878,216.000000
0.4,rtt_weighted_w30_d0.5,rtt_weighted,0.5,30,30,252.011250,18.282656,79.490288,195.433333
0.4,rtt_weighted_w30_d1,rtt_weighted,1.0,30,30,253.828368,18.510305,80.658711,167.866667
0.4,rtt_weighted_w30_d2,rtt_weighted,2.0,30,30,258.186128,19.946591,82.808228,131.433333
0.4,rtt_weighted_w30_d5,rtt_weighted,5.0,30,30,268.408588,20.966943,87.351067,77.333333
0.4,rtt_weighted_w30_d10,rtt_weighted,10.0,30,30,266.061772,20.694364,87.769717,30.766667
0.4,rtt_weighted_w100_d0,rtt_weighted,0.0,100,30,252.978826,24.160317,80.022322,178.300000
0.4,rtt_weighted_w100_d0.25,rtt_weighted,0.25,100,30,249.884860,23.351228,80.888735,96.233333
0.4,rtt_weighted_w100_d0.5,rtt_weighted,0.5,100,30,250.284574,23.474910,81.196521,89.533333
0.4,rtt_weighted_w100_d1,rtt_weighted,1.0,100,30,251.325946,23.651776,81.811546,78.866667
0.4,rtt_weighted_w100_d2,rtt_weighted,2.0,100,30,253.851451,24.412468,82.952033,66.133333
0.4,rtt_weighted_w100_d5,rtt_weighted,5.0,100,30,258.979041,25.620773,85.104690,47.033333
0.4,rtt_weighted_w100_d10,rtt_weighted,10.0,100,30,261.926413,24.872765,86.413354,33.266667
0.3,static,,,,30,305.950699,19.570568,101.919641,0.000000
0.3,nearest,,,,30,303.247660,21.584807,100.561379,12.566667
0.3,demand_argmax_w5_d0,demand_argmax,0.0,5,30,373.373288,14.546667,90.697854,968.866667
0.3,demand_argmax_w5_d0.25,demand_argmax,0.25,5,30,325.267119,12.190523,91.069573,495.766667
0.3,demand_argmax_w5_d0.5,demand_argmax,0.5,5,30,317.581020,11.710878,91.247918,418.233333
0.3,demand_argmax_w5_d1,demand_argmax,1.0,5,30,307.553051,11.083205,92.115338,297.266667
0.3,demand_argmax_w5_d2,demand_argmax,2.0,5,30,301.708716,12.699009,95.051537,155.266667
0.3,demand_argmax_w5_d5,demand_argmax,5.0,5,30,306.037710,14.696281,100.929591,29.000000
0.3,demand_argmax_w5_d10,demand_argmax,10.0,5,30,305.386538,18.559935,101.671055,1.566667
0.3,demand_argmax_w10_d0,demand_argmax,0.0,10,30,323.507052,13.342457,88.285600,558.766667
0.3,demand_argmax_w10_d0.25,demand_argmax,0.25,10,30,303.049046,12.777195,89.608453,323.933333
0.3,demand_argmax_w10_d0.5,demand_argmax,0.5,10,30,301.267716,12.286203,90.219303,290.366667
0.3,demand_argmax_w10_d1,demand_argmax,1.0,10,30,300.224470,12.703714,91.478018,243.900000
0.3,demand_argmax_w10_d2,demand_argmax,2.0,10,30,302.518644,12.367258,94.447703,179.533333
0.3,demand_argmax_w10_d5,demand_argmax,5.0,10,30,311.269684,16.729371,100.510203,89.000000
0.3,demand_argmax_w10_d10,demand_argmax,10.0,10,30,306.567494,14.706415,101.616438,14.666667
0.3,demand_argmax_w20_d0,demand_argmax,0.0,20,30,305.532026,12.748188,91.184340,302.733333
0.3,demand_argmax_w20_d0.25,demand_argmax,0.25,20,30,301.670049,12.564043,93.018111,212.266667
0.3,demand_argmax_w20_d0.5,demand_argmax,0.5,20,30,302.440463,12.682207,93.710210,198.633333
0.3,demand_argmax_w20_d1,demand_argmax,1.0,20,30,304.365306,12.810586,94.961835,181.166667
0.3,demand_argmax_w20_d2,demand_argmax,2.0,20,30,308.653366,13.090428,97.187610,158.600000
0.3,demand_argmax_w20_d5,demand_argmax,5.0,20,30,316.665009,14.905291,101.336720,116.200000
0.3,demand_argmax_w20_d10,demand_argmax,10.0,20,30,309.041563,17.394866,101.311218,47.166667
0.3,demand_argmax_w30_d0,demand_argmax,0.0,30,30,311.708901,13.145747,95.633431,231.366667
0.3,demand_argmax_w30_d0.25,demand_argmax,0.25,30,30,309.145753,13.211165,96.859450,173.200000
0.3,demand_argmax_w30_d0.5,demand_argmax,0.5,30,30,309.667037,13.270800,97.314081,164.900000
0.3,demand_argmax_w30_d1,demand_argmax,1.0,30,30,311.109062,13.536698,98.211183,152.933333
0.3,demand_argmax_w30_d2,demand_argmax,2.0,30,30,314.019766,13.929721,99.766188,135.733333
0.3,demand_argmax_w30_d5,demand_argmax,5.0,30,30,317.810849,14.750734,102.016709,108.866667
0.3,demand_argmax_w30_d10,demand_argmax,10.0,30,30,311.848908,15.981622,101.728931,61.766667
0.3,demand_argmax_w100_d0,demand_argmax,0.0,100,30,315.251353,14.257827,99.947097,146.166667
0.3,demand_argmax_w100_d0.25,demand_argmax,0.25,100,30,312.675260,14.103600,100.301680,111.600000
0.3,demand_argmax_w100_d0.5,demand_argmax,0.5,100,30,312.465302,14.073685,100.440732,105.066667
0.3,demand_argmax_w100_d1,demand_argmax,1.0,100,30,312.093151,14.119118,100.644718,95.166667
0.3,demand_argmax_w100_d2,demand_argmax,2.0,100,30,312.494956,14.674514,101.263883,81.166667
0.3,demand_argmax_w100_d5,demand_argmax,5.0,100,30,311.756948,14.480595,101.793750,59.333333
0.3,demand_argmax_w100_d10,demand_argmax,10.0,100,30,310.101352,16.036685,101.815563,42.866667
0.3,rtt_weighted_w5_d0,rtt_weighted,0.0,5,30,351.156497,23.396053,82.766166,1424.733333
0.3,rtt_weighted_w5_d0.25,rtt_weighted,0.25,5,30,288.265923,17.870684,83.134005,502.166667
0.3,rtt_weighted_w5_d0.5,rtt_weighted,0.5,5,30,282.037444,16.988871,83.624812,396.800000
0.3,rtt_weighted_w5_d1,rtt_weighted,1.0,5,30,275.077660,16.090544,84.980237,250.733333
0.3,rtt_weighted_w5_d2,rtt_weighted,2.0,5,30,274.034038,16.689690,88.318956,104.900000
0.3,rtt_weighted_w5_d5,rtt_weighted,5.0,5,30,283.389103,25.193133,94.154775,8.100000
0.3,rtt_weighted_w5_d10,rtt_weighted,10.0,5,30,301.846722,19.459611,100.529167,0.366667
0.3,rtt_weighted_w10_d0,rtt_weighted,0.0,10,30,307.380980,22.617318,80.159095,950.700000
0.3,rtt_weighted_w10_d0.25,rtt_weighted,0.25,10,30,273.607712,18.133044,81.339553,404.533333
0.3,rtt_weighted_w10_d0.5,rtt_weighted,0.5,10,30,270.720341,17.558597,81.679916,347.466667
0.3,rtt_weighted_w10_d1,rtt_weighted,1.0,10,30,268.990913,17.619108,82.935108,263.666667
0.3,rtt_weighted_w10_d2,rtt_weighted,2.0,10,30,267.884281,17.700351,85.084777,155.633333
0.3,rtt_weighted_w10_d5,rtt_weighted,5.0,10,30,266.462576,19.860588,87.807683,34.300000
0.3,rtt_weighted_w10_d10,rtt_weighted,10.0,10,30,283.175736,24.619069,94.229339,3.466667
0.3,rtt_weighted_w20_d0,rtt_weighted,0.0,20,30,281.414658,21.994204,79.687842,608.900000
0.3,rtt_weighted_w20_d0.25,rtt_weighted,0.25,20,30,263.247982,19.641336,80.979033,282.766667
0.3,rtt_weighted_w20_d0.5,rtt_weighted,0.5,20,30,262.127090,19.624756,81.362317,249.500000
0.3,rtt_weighted_w20_d1,rtt_weighted,1.0,20,30,261.723770,19.803710,82.268933,202.766667
0.3,rtt_weighted_w20_d2,rtt_weighted,2.0,20,30,262.735172,19.535840,83.732062,146.533333
0.3,rtt_weighted_w20_d5,rtt_weighted,5.0,20,30,263.979771,21.390877,86.201647,64.200000
0.3,rtt_weighted_w20_d10,rtt_weighted,10.0,20,30,262.711359,23.630632,87.013048,18.100000
0.3,rtt_weighted_w30_d0,rtt_weighted,0.0,30,30,272.140326,25.124872,79.962899,462.333333
0.3,rtt_weighted_w30_d0.25,rtt_weighted,0.25,30,30,258.733337,21.539867,80.981419,218.766667
0.3,rtt_weighted_w30_d0.5,rtt_weighted,0.5,30,30,257.910994,21.340685,81.267534,194.100000
0.3,rtt_weighted_w30_d1,rtt_weighted,1.0,30,30,258.001786,21.426364,82.026623,160.700000
0.3,rtt_weighted_w30_d2,rtt_weighted,2.0,30,30,259.660541,21.427649,83.427526,121.133333
0.3,rtt_weighted_w30_d5,rtt_weighted,5.0,30,30,262.108775,23.507104,85.472188,68.100000
0.3,rtt_weighted_w30_d10,rtt_weighted,10.0,30,30,260.870215,23.110446,86.117822,29.366667
0.3,rtt_weighted_w100_d0,rtt_weighted,0.0,100,30,257.641465,26.105054,80.814983,208.733333
0.3,rtt_weighted_w100_d0.25,rtt_weighted,0.25,100,30,251.633034,23.949061,81.367954,100.000000
0.3,rtt_weighted_w100_d0.5,rtt_weighted,0.5,100,30,251.747626,24.049917,81.620074,90.433333
0.3,rtt_weighted_w100_d1,rtt_weighted,1.0,100,30,252.101096,24.228414,82.058103,78.000000
0.3,rtt_weighted_w100_d2,rtt_weighted,2.0,100,30,253.168600,24.540052,82.752746,63.100000
0.3,rtt_weighted_w100_d5,rtt_weighted,5.0,100,30,255.138062,24.079051,83.907924,43.133333
0.3,rtt_weighted_w100_d10,rtt_weighted,10.0,100,30,255.974553,23.682113,84.559415,28.500000
0.25,static,,,,30,304.957054,19.028307,101.590844,0.000000
0.25,nearest,,,,30,302.965755,21.739671,100.466634,12.566667
0.25,demand_argmax_w5_d0,demand_argmax,0.0,5,30,391.703140,16.849872,94.393558,1041.533333
0.25,demand_argmax_w5_d0.25,demand_argmax,0.25,5,30,338.800485,12.655404,94.472515,531.800000
0.25,demand_argmax_w5_d0.5,demand_argmax,0.5,5,30,330.525624,11.412188,94.709748,447.366667
0.25,demand_argmax_w5_d1,demand_argmax,1.0,5,30,319.753875,11.640922,95.618216,315.333333
0.25,demand_argmax_w5_d2,demand_argmax,2.0,5,30,310.950949,13.924171,98.199076,153.933333
0.25,demand_argmax_w5_d5,demand_argmax,5.0,5,30,304.591555,13.376766,100.848640,18.333333
0.25,demand_argmax_w5_d10,demand_argmax,10.0,5,30,305.432119,18.251866,101.726265,0.600000
0.25,demand_argmax_w10_d0,demand_argmax,0.0,10,30,346.537035,14.014085,92.735562,657.366667
0.25,demand_argmax_w10_d0.25,demand_argmax,0.25,10,30,319.279970,13.247358,93.503967,370.866667
0.25,demand_argmax_w10_d0.5,demand_argmax,0.5,10,30,315.718032,12.821793,93.791378,328.733333
0.25,demand_argmax_w10_d1,demand_argmax,1.0,10,30,311.875080,12.456843,94.661351,266.466667
0.25,demand_argmax_w10_d2,demand_argmax,2.0,10,30,310.739114,12.096093,97.049215,186.133333
0.25,demand_argmax_w10_d5,demand_argmax,5.0,10,30,310.529885,14.223344,100.925976,71.766667
0.25,demand_argmax_w10_d10,demand_argmax,10.0,10,30,305.140165,15.159483,101.323356,9.166667
0.25,demand_argmax_w20_d0,demand_argmax,0.0,20,30,321.388433,12.864742,94.145795,369.800000
0.25,demand_argmax_w20_d0.25,demand_argmax,0.25,20,30,312.497795,12.041189,95.442153,247.500000
0.25,demand_argmax_w20_d0.5,demand_argmax,0.5,20,30,311.838505,11.771007,95.887407,227.666667
0.25,demand_argmax_w20_d1,demand_argmax,1.0,20,30,311.208154,11.554529,96.652583,200.166667
0.25,demand_argmax_w20_d2,demand_argmax,2.0,20,30,312.829183,11.924364,98.472494,163.966667
0.25,demand_argmax_w20_d5,demand_argmax,5.0,20,30,315.464996,14.070270,101.306110,107.100000
0.25,demand_argmax_w20_d10,demand_argmax,10.0,20,30,308.358366,15.388871,101.419592,38.000000
0.25,demand_argmax_w30_d0,demand_argmax,0.0,30,30,319.347782,13.216700,96.726096,276.966667
0.25,demand_argmax_w30_d0.25,demand_argmax,0.25,30,30,314.226575,12.621236,97.833715,195.433333
0.25,demand_argmax_w30_d0.5,demand_argmax,0.5,30,30,314.164223,12.105359,98.238998,182.633333
0.25,demand_argmax_w30_d1,demand_argmax,1.0,30,30,314.189743,12.245297,98.909337,162.533333
0.25,demand_argmax_w30_d2,demand_argmax,2.0,30,30,315.504440,12.682244,100.121866,139.533333
0.25,demand_argmax_w30_d5,demand_argmax,5.0,30,30,316.814225,13.876893,101.928883,101.133333
0.25,demand_argmax_w30_d10,demand_argmax,10.0,30,30,311.773668,13.275122,101.924710,55.666667
0.25,demand_argmax_w100_d0,demand_argmax,0.0,100,30,317.462895,13.153447,99.967269,167.500000
0.25,demand_argmax_w100_d0.25,demand_argmax,0.25,100,30,313.798315,12.931068,100.292448,122.533333
0.25,demand_argmax_w100_d0.5,demand_argmax,0.5,100,30,313.002205,12.380002,100.304697,114.100000
0.25,demand_argmax_w100_d1,demand_argmax,1.0,100,30,312.044579,12.090921,100.455982,101.233333
0.25,demand_argmax_w100_d2,demand_argmax,2.0,100,30,311.767697,12.891908,100.919901,84.133333
0.25,demand_argmax_w100_d5,demand_argmax,5.0,100,30,310.394683,13.208088,101.360848,58.833333
0.25,demand_argmax_w100_d10,demand_argmax,10.0,100,30,308.525373,13.309194,101.356143,40.900000
0.25,rtt_weighted_w5_d0,rtt_weighted,0.0,5,30,365.773975,23.499697,85.874066,1473.366667
0.25,rtt_weighted_w5_d0.25,rtt_weighted,0.25,5,30,296.987470,18.706719,85.625421,502.800000
0.25,rtt_weighted_w5_d0.5,rtt_weighted,0.5,5,30,289.666952,16.998719,85.884538,395.600000
0.25,rtt_weighted_w5_d1,rtt_weighted,1.0,5,30,280.744698,16.779583,86.869820,243.833333
0.25,rtt_weighted_w5_d2,rtt_weighted,2.0,5,30,274.667606,18.473840,88.747057,96.433333
0.25,rtt_weighted_w5_d5,rtt_weighted,5.0,5,30,285.486977,20.197968,94.896132,6.533333
0.25,rtt_weighted_w5_d10,rtt_weighted,10.0,5,30,303.334961,17.088842,101.040363,0.200000
0.25,rtt_weighted_w10_d0,rtt_weighted,0.0,10,30,318.870223,23.033739,82.747902,982.833333
0.25,rtt_weighted_w10_d0.25,rtt_weighted,0.25,10,30,279.999534,18.884640,83.145935,407.733333
0.25,rtt_weighted_w10_d0.5,rtt_weighted,0.5,10,30,276.895092,19.146819,83.457598,346.266667
0.25,rtt_weighted_w10_d1,rtt_weighted,1.0,10,30,272.986523,18.818116,84.216088,259.333333
0.25,rtt_weighted_w10_d2,rtt_weighted,2.0,10,30,269.217267,18.315543,85.498680,153.600000
0.25,rtt_weighted_w10_d5,rtt_weighted,5.0,10,30,264.734920,21.537289,87.233212,34.166667
0.25,rtt_weighted_w10_d10,rtt_weighted,10.0,10,30,283.973247,23.937730,94.480811,3.333333
0.25,rtt_weighted_w20_d0,rtt_weighted,0.0,20,30,288.297410,23.025874,81.425907,620.266667
0.25,rtt_weighted_w20_d0.25,rtt_weighted,0.25,20,30,266.787634,19.972913,82.190586,277.900000
0.25,rtt_weighted_w20_d0.5,rtt_weighted,0.5,20,30,265.407906,19.780490,82.446589,245.333333
0.25,rtt_weighted_w20_d1,rtt_weighted,1.0,20,30,263.724051,19.882365,83.016404,197.233333
0.25,rtt_weighted_w20_d2,rtt_weighted,2.0,20,30,263.829334,19.917665,84.215215,144.700000
0.25,rtt_weighted_w20_d5,rtt_weighted,5.0,20,30,262.684106,21.448120,85.852787,60.900000
0.25,rtt_weighted_w20_d10,rtt_weighted,10.0,20,30,259.980991,22.536323,86.100912,17.000000
0.25,rtt_weighted_w30_d0,rtt_weighted,0.0,30,30,277.916114,25.816538,81.403424,465.833333
0.25,rtt_weighted_w30_d0.25,rtt_weighted,0.25,30,30,262.708906,22.544139,82.267642,217.133333
0.25,rtt_weighted_w30_d0.5,rtt_weighted,0.5,30,30,261.630243,22.020941,82.449568,193.466667
0.25,rtt_weighted_w30_d1,rtt_weighted,1.0,30,30,260.450811,21.711008,82.862935,158.933333
0.25,rtt_weighted_w30_d2,rtt_weighted,2.0,30,30,260.371633,21.451160,83.749609,118.533333
0.25,rtt_weighted_w30_d5,rtt_weighted,5.0,30,30,260.225155,21.620374,84.954327,65.233333
0.25,rtt_weighted_w30_d10,rtt_weighted,10.0,30,30,258.679088,22.195059,85.399943,27.633333
0.25,rtt_weighted_w100_d0,rtt_weighted,0.0,100,30,257.222373,25.569228,80.834152,201.666667
0.25,rtt_weighted_w100_d0.25,rtt_weighted,0.25,100,30,250.960629,23.743146,81.218744,95.533333
0.25,rtt_weighted_w100_d0.5,rtt_weighted,0.5,100,30,250.686822,23.815245,81.349933,85.666667
0.25,rtt_weighted_w100_d1,rtt_weighted,1.0,100,30,250.151292,23.600835,81.537942,71.366667
0.25,rtt_weighted_w100_d2,rtt_weighted,2.0,100,30,250.231413,22.933911,81.981310,56.166667
0.25,rtt_weighted_w100_d5,rtt_weighted,5.0,100,30,251.863019,23.123280,82.960866,37.366667
0.25,rtt_weighted_w100_d10,rtt_weighted,10.0,100,30,252.818447,23.103990,83.556630,25.466667
