comparison_type,dominant_peer_ratio,policy_a,policy_b,n_seeds,mean_diff_combined_s,bootstrap_ci95_low,bootstrap_ci95_high,verdict
rtt_weighted_vs_best_baseline,0.85,rtt_weighted_w5_d0,nearest,30,-184.210388,-192.014235,-176.430556,a_cheaper
rtt_weighted_vs_best_baseline,0.85,rtt_weighted_w5_d0.25,nearest,30,-166.683202,-174.834538,-158.501913,a_cheaper
rtt_weighted_vs_best_baseline,0.85,rtt_weighted_w5_d0.5,nearest,30,-158.189763,-166.213408,-150.163390,a_cheaper
rtt_weighted_vs_best_baseline,0.85,rtt_weighted_w5_d1,nearest,30,-140.560240,-148.765822,-132.282059,a_cheaper
rtt_weighted_vs_best_baseline,0.85,rtt_weighted_w5_d2,nearest,30,-100.048261,-108.858800,-91.329296,a_cheaper
rtt_weighted_vs_best_baseline,0.85,rtt_weighted_w5_d5,nearest,30,-14.157775,-23.693470,-4.764893,a_cheaper
rtt_weighted_vs_best_baseline,0.85,rtt_weighted_w5_d10,nearest,30,-0.034452,-9.123880,9.154688,not_significant
rtt_weighted_vs_best_baseline,0.85,rtt_weighted_w10_d0,nearest,30,-172.665990,-180.762629,-164.572539,a_cheaper
rtt_weighted_vs_best_baseline,0.85,rtt_weighted_w10_d0.25,nearest,30,-155.128671,-163.514514,-146.625470,a_cheaper
rtt_weighted_vs_best_baseline,0.85,rtt_weighted_w10_d0.5,nearest,30,-147.421135,-155.919182,-138.838888,a_cheaper
rtt_weighted_vs_best_baseline,0.85,rtt_weighted_w10_d1,nearest,30,-130.011510,-138.926494,-120.898944,a_cheaper
rtt_weighted_vs_best_baseline,0.85,rtt_weighted_w10_d2,nearest,30,-89.819927,-99.029299,-80.514958,a_cheaper
rtt_weighted_vs_best_baseline,0.85,rtt_weighted_w10_d5,nearest,30,-4.444162,-14.789995,5.752700,not_significant
rtt_weighted_vs_best_baseline,0.85,rtt_weighted_w10_d10,nearest,30,-0.852407,-10.913484,9.328341,not_significant
rtt_weighted_vs_best_baseline,0.85,rtt_weighted_w20_d0,nearest,30,-132.272971,-141.489076,-123.101894,a_cheaper
rtt_weighted_vs_best_baseline,0.85,rtt_weighted_w20_d0.25,nearest,30,-116.574003,-125.724562,-107.359560,a_cheaper
rtt_weighted_vs_best_baseline,0.85,rtt_weighted_w20_d0.5,nearest,30,-110.155935,-119.435215,-100.825193,a_cheaper
rtt_weighted_vs_best_baseline,0.85,rtt_weighted_w20_d1,nearest,30,-97.134474,-106.532174,-87.663250,a_cheaper
rtt_weighted_vs_best_baseline,0.85,rtt_weighted_w20_d2,nearest,30,-69.193130,-78.947458,-59.391024,a_cheaper
rtt_weighted_vs_best_baseline,0.85,rtt_weighted_w20_d5,nearest,30,-12.247733,-22.502870,-2.871688,a_cheaper
rtt_weighted_vs_best_baseline,0.85,rtt_weighted_w20_d10,nearest,30,-1.986359,-12.226934,7.555154,not_significant
rtt_weighted_vs_best_baseline,0.85,rtt_weighted_w30_d0,nearest,30,-106.529369,-115.610311,-97.577106,a_cheaper
rtt_weighted_vs_best_baseline,0.85,rtt_weighted_w30_d0.25,nearest,30,-94.218568,-103.123343,-85.417049,a_cheaper
rtt_weighted_vs_best_baseline,0.85,rtt_weighted_w30_d0.5,nearest,30,-89.396802,-98.300721,-80.635779,a_cheaper
rtt_weighted_vs_best_baseline,0.85,rtt_weighted_w30_d1,nearest,30,-80.628618,-89.606432,-71.877612,a_cheaper
rtt_weighted_vs_best_baseline,0.85,rtt_weighted_w30_d2,nearest,30,-61.406740,-70.493694,-52.556705,a_cheaper
rtt_weighted_vs_best_baseline,0.85,rtt_weighted_w30_d5,nearest,30,-18.672524,-29.380342,-8.626295,a_cheaper
rtt_weighted_vs_best_baseline,0.85,rtt_weighted_w30_d10,nearest,30,-9.602673,-20.815385,0.893123,not_significant
rtt_weighted_vs_best_baseline,0.85,rtt_weighted_w100_d0,nearest,30,-66.611818,-77.023738,-56.804047,a_cheaper
rtt_weighted_vs_best_baseline,0.85,rtt_weighted_w100_d0.25,nearest,30,-58.487871,-69.318681,-48.177089,a_cheaper
rtt_weighted_vs_best_baseline,0.85,rtt_weighted_w100_d0.5,nearest,30,-55.769835,-66.653282,-45.443076,a_cheaper
rtt_weighted_vs_best_baseline,0.85,rtt_weighted_w100_d1,nearest,30,-50.468678,-61.477769,-39.891855,a_cheaper
rtt_weighted_vs_best_baseline,0.85,rtt_weighted_w100_d2,nearest,30,-39.840256,-50.995008,-28.933362,a_cheaper
rtt_weighted_vs_best_baseline,0.85,rtt_weighted_w100_d5,nearest,30,-16.090554,-27.530169,-4.640521,a_cheaper
rtt_weighted_vs_best_baseline,0.85,rtt_weighted_w100_d10,nearest,30,-6.212749,-18.482726,6.202184,not_significant
best_rtt_weighted_vs_best_demand_argmax,0.85,rtt_weighted_w5_d0,demand_argmax_w5_d0,30,3.292060,1.820846,4.784116,a_worse
demand_argmax_vs_best_baseline,0.85,demand_argmax_w5_d0,nearest,30,-187.502448,-195.598610,-179.414896,a_cheaper
demand_argmax_vs_best_baseline,0.85,demand_argmax_w5_d0.25,nearest,30,-168.781559,-177.079115,-160.454687,a_cheaper
demand_argmax_vs_best_baseline,0.85,demand_argmax_w5_d0.5,nearest,30,-162.109099,-170.330822,-153.795271,a_cheaper
demand_argmax_vs_best_baseline,0.85,demand_argmax_w5_d1,nearest,30,-149.234493,-157.712443,-140.704970,a_cheaper
demand_argmax_vs_best_baseline,0.85,demand_argmax_w5_d2,nearest,30,-121.883835,-130.887948,-112.810577,a_cheaper
demand_argmax_vs_best_baseline,0.85,demand_argmax_w5_d5,nearest,30,-40.763565,-50.819508,-30.663118,a_cheaper
demand_argmax_vs_best_baseline,0.85,demand_argmax_w5_d10,nearest,30,15.856997,5.600567,26.054466,a_worse
demand_argmax_vs_best_baseline,0.85,demand_argmax_w10_d0,nearest,30,-156.678651,-165.220084,-148.056333,a_cheaper
demand_argmax_vs_best_baseline,0.85,demand_argmax_w10_d0.25,nearest,30,-136.405735,-145.264962,-127.452125,a_cheaper
demand_argmax_vs_best_baseline,0.85,demand_argmax_w10_d0.5,nearest,30,-129.824517,-138.774347,-120.852729,a_cheaper
demand_argmax_vs_best_baseline,0.85,demand_argmax_w10_d1,nearest,30,-116.564533,-125.604656,-107.496242,a_cheaper
demand_argmax_vs_best_baseline,0.85,demand_argmax_w10_d2,nearest,30,-89.487273,-98.994389,-80.076558,a_cheaper
demand_argmax_vs_best_baseline,0.85,demand_argmax_w10_d5,nearest,30,-11.223958,-22.096254,-0.206675,a_cheaper
demand_argmax_vs_best_baseline,0.85,demand_argmax_w10_d10,nearest,30,21.357037,10.991237,31.363980,a_worse
demand_argmax_vs_best_baseline,0.85,demand_argmax_w20_d0,nearest,30,-92.086594,-101.766236,-82.315409,a_cheaper
demand_argmax_vs_best_baseline,0.85,demand_argmax_w20_d0.25,nearest,30,-72.462777,-82.410272,-62.306709,a_cheaper
demand_argmax_vs_best_baseline,0.85,demand_argmax_w20_d0.5,nearest,30,-66.119358,-76.135714,-55.903162,a_cheaper
demand_argmax_vs_best_baseline,0.85,demand_argmax_w20_d1,nearest,30,-52.881969,-63.298366,-42.348228,a_cheaper
demand_argmax_vs_best_baseline,0.85,demand_argmax_w20_d2,nearest,30,-28.419267,-39.349975,-17.339641,a_cheaper
demand_argmax_vs_best_baseline,0.85,demand_argmax_w20_d5,nearest,30,24.795979,13.791010,36.057028,a_worse
demand_argmax_vs_best_baseline,0.85,demand_argmax_w20_d10,nearest,30,21.587755,12.102192,31.102485,a_worse
demand_argmax_vs_best_baseline,0.85,demand_argmax_w30_d0,nearest,30,-34.803588,-45.602223,-23.798033,a_cheaper
demand_argmax_vs_best_baseline,0.85,demand_argmax_w30_d0.25,nearest,30,-18.852245,-29.883231,-7.670037,a_cheaper
demand_argmax_vs_best_baseline,0.85,demand_argmax_w30_d0.5,nearest,30,-13.839853,-25.037031,-2.530203,a_cheaper
demand_argmax_vs_best_baseline,0.85,demand_argmax_w30_d1,nearest,30,-4.178977,-15.481266,7.307378,not_significant
demand_argmax_vs_best_baseline,0.85,demand_argmax_w30_d2,nearest,30,10.993976,-0.176360,22.394513,not_significant
demand_argmax_vs_best_baseline,0.85,demand_argmax_w30_d5,nearest,30,29.238464,18.759725,39.998553,a_worse
demand_argmax_vs_best_baseline,0.85,demand_argmax_w30_d10,nearest,30,20.355006,10.581374,30.245007,a_worse
demand_argmax_vs_best_baseline,0.85,demand_argmax_w100_d0,nearest,30,5.676582,-3.285206,14.878543,not_significant
demand_argmax_vs_best_baseline,0.85,demand_argmax_w100_d0.25,nearest,30,8.360690,-0.687419,17.628967,not_significant
demand_argmax_vs_best_baseline,0.85,demand_argmax_w100_d0.5,nearest,30,9.278342,0.272811,18.495150,a_worse
demand_argmax_vs_best_baseline,0.85,demand_argmax_w100_d1,nearest,30,10.400210,1.394745,19.597000,a_worse
demand_argmax_vs_best_baseline,0.85,demand_argmax_w100_d2,nearest,30,11.922148,2.855186,21.176195,a_worse
demand_argmax_vs_best_baseline,0.85,demand_argmax_w100_d5,nearest,30,13.055859,4.764429,21.666945,a_worse
demand_argmax_vs_best_baseline,0.85,demand_argmax_w100_d10,nearest,30,13.512711,5.916552,21.424640,a_worse
best_demand_argmax_vs_best_baseline,0.85,demand_argmax_w5_d0,nearest,30,-187.502448,-195.598610,-179.414896,a_cheaper
rtt_weighted_vs_best_baseline,0.7,rtt_weighted_w5_d0,nearest,30,-115.237008,-122.290386,-108.375118,a_cheaper
rtt_weighted_vs_best_baseline,0.7,rtt_weighted_w5_d0.25,nearest,30,-116.698918,-123.851302,-109.499919,a_cheaper
rtt_weighted_vs_best_baseline,0.7,rtt_weighted_w5_d0.5,nearest,30,-112.163126,-119.480363,-104.809924,a_cheaper
rtt_weighted_vs_best_baseline,0.7,rtt_weighted_w5_d1,nearest,30,-99.863181,-107.289923,-92.392287,a_cheaper
rtt_weighted_vs_best_baseline,0.7,rtt_weighted_w5_d2,nearest,30,-65.441454,-73.801205,-57.152471,a_cheaper
rtt_weighted_vs_best_baseline,0.7,rtt_weighted_w5_d5,nearest,30,-8.515014,-16.600714,-0.817900,a_cheaper
rtt_weighted_vs_best_baseline,0.7,rtt_weighted_w5_d10,nearest,30,0.518488,-7.894452,9.777811,not_significant
rtt_weighted_vs_best_baseline,0.7,rtt_weighted_w10_d0,nearest,30,-123.365441,-130.929737,-115.758990,a_cheaper
rtt_weighted_vs_best_baseline,0.7,rtt_weighted_w10_d0.25,nearest,30,-117.176057,-124.753302,-109.556972,a_cheaper
rtt_weighted_vs_best_baseline,0.7,rtt_weighted_w10_d0.5,nearest,30,-111.957220,-119.567768,-104.267247,a_cheaper
rtt_weighted_vs_best_baseline,0.7,rtt_weighted_w10_d1,nearest,30,-98.816061,-106.787813,-90.753816,a_cheaper
rtt_weighted_vs_best_baseline,0.7,rtt_weighted_w10_d2,nearest,30,-67.153696,-75.649202,-58.684612,a_cheaper
rtt_weighted_vs_best_baseline,0.7,rtt_weighted_w10_d5,nearest,30,-11.091874,-20.897490,-1.566458,a_cheaper
rtt_weighted_vs_best_baseline,0.7,rtt_weighted_w10_d10,nearest,30,-5.464751,-13.865357,2.750021,not_significant
rtt_weighted_vs_best_baseline,0.7,rtt_weighted_w20_d0,nearest,30,-101.464906,-109.816091,-93.014853,a_cheaper
rtt_weighted_vs_best_baseline,0.7,rtt_weighted_w20_d0.25,nearest,30,-93.233558,-101.641570,-84.721991,a_cheaper
rtt_weighted_vs_best_baseline,0.7,rtt_weighted_w20_d0.5,nearest,30,-88.387733,-96.779268,-79.972147,a_cheaper
rtt_weighted_vs_best_baseline,0.7,rtt_weighted_w20_d1,nearest,30,-78.415134,-86.898271,-69.906142,a_cheaper
rtt_weighted_vs_best_baseline,0.7,rtt_weighted_w20_d2,nearest,30,-57.647374,-66.609844,-48.694324,a_cheaper
rtt_weighted_vs_best_baseline,0.7,rtt_weighted_w20_d5,nearest,30,-18.820345,-28.875963,-9.330861,a_cheaper
rtt_weighted_vs_best_baseline,0.7,rtt_weighted_w20_d10,nearest,30,-13.405081,-21.761262,-5.422032,a_cheaper
rtt_weighted_vs_best_baseline,0.7,rtt_weighted_w30_d0,nearest,30,-84.336474,-92.751247,-75.990197,a_cheaper
rtt_weighted_vs_best_baseline,0.7,rtt_weighted_w30_d0.25,nearest,30,-78.448468,-86.805248,-70.181823,a_cheaper
rtt_weighted_vs_best_baseline,0.7,rtt_weighted_w30_d0.5,nearest,30,-74.766134,-83.220281,-66.446018,a_cheaper
rtt_weighted_vs_best_baseline,0.7,rtt_weighted_w30_d1,nearest,30,-67.269588,-75.786015,-59.005377,a_cheaper
rtt_weighted_vs_best_baseline,0.7,rtt_weighted_w30_d2,nearest,30,-53.382507,-62.008724,-45.259558,a_cheaper
rtt_weighted_vs_best_baseline,0.7,rtt_weighted_w30_d5,nearest,30,-25.216353,-34.686524,-16.465982,a_cheaper
rtt_weighted_vs_best_baseline,0.7,rtt_weighted_w30_d10,nearest,30,-17.692886,-26.295843,-9.643305,a_cheaper
rtt_weighted_vs_best_baseline,0.7,rtt_weighted_w100_d0,nearest,30,-58.212014,-67.695892,-48.969313,a_cheaper
rtt_weighted_vs_best_baseline,0.7,rtt_weighted_w100_d0.25,nearest,30,-54.141015,-63.758309,-44.744078,a_cheaper
rtt_weighted_vs_best_baseline,0.7,rtt_weighted_w100_d0.5,nearest,30,-51.994571,-61.710595,-42.444623,a_cheaper
rtt_weighted_vs_best_baseline,0.7,rtt_weighted_w100_d1,nearest,30,-47.804015,-57.752259,-38.011337,a_cheaper
rtt_weighted_vs_best_baseline,0.7,rtt_weighted_w100_d2,nearest,30,-40.114810,-50.370112,-29.940000,a_cheaper
rtt_weighted_vs_best_baseline,0.7,rtt_weighted_w100_d5,nearest,30,-23.518837,-33.967082,-13.033952,a_cheaper
rtt_weighted_vs_best_baseline,0.7,rtt_weighted_w100_d10,nearest,30,-17.918418,-28.023761,-7.520189,a_cheaper
best_rtt_weighted_vs_best_demand_argmax,0.7,rtt_weighted_w10_d0,demand_argmax_w5_d0,30,7.170468,4.907282,9.395234,a_worse
demand_argmax_vs_best_baseline,0.7,demand_argmax_w5_d0,nearest,30,-130.535909,-138.046970,-122.983408,a_cheaper
demand_argmax_vs_best_baseline,0.7,demand_argmax_w5_d0.25,nearest,30,-125.327267,-133.019542,-117.666464,a_cheaper
demand_argmax_vs_best_baseline,0.7,demand_argmax_w5_d0.5,nearest,30,-120.896116,-128.523079,-113.252478,a_cheaper
demand_argmax_vs_best_baseline,0.7,demand_argmax_w5_d1,nearest,30,-111.987561,-119.659124,-104.328028,a_cheaper
demand_argmax_vs_best_baseline,0.7,demand_argmax_w5_d2,nearest,30,-90.044840,-98.164489,-81.838493,a_cheaper
demand_argmax_vs_best_baseline,0.7,demand_argmax_w5_d5,nearest,30,-20.890049,-29.868365,-11.757042,a_cheaper
demand_argmax_vs_best_baseline,0.7,demand_argmax_w5_d10,nearest,30,11.379454,3.581555,19.303176,a_worse
demand_argmax_vs_best_baseline,0.7,demand_argmax_w10_d0,nearest,30,-121.976399,-129.785385,-114.073168,a_cheaper
demand_argmax_vs_best_baseline,0.7,demand_argmax_w10_d0.25,nearest,30,-106.540022,-114.626882,-98.385473,a_cheaper
demand_argmax_vs_best_baseline,0.7,demand_argmax_w10_d0.5,nearest,30,-101.131045,-109.240514,-93.027300,a_cheaper
demand_argmax_vs_best_baseline,0.7,demand_argmax_w10_d1,nearest,30,-90.434132,-98.627913,-82.141697,a_cheaper
demand_argmax_vs_best_baseline,0.7,demand_argmax_w10_d2,nearest,30,-68.277273,-76.717400,-59.731633,a_cheaper
demand_argmax_vs_best_baseline,0.7,demand_argmax_w10_d5,nearest,30,-5.066202,-14.857907,4.822257,not_significant
demand_argmax_vs_best_baseline,0.7,demand_argmax_w10_d10,nearest,30,15.252362,6.579545,23.835384,a_worse
demand_argmax_vs_best_baseline,0.7,demand_argmax_w20_d0,nearest,30,-70.525730,-79.104652,-61.725945,a_cheaper
demand_argmax_vs_best_baseline,0.7,demand_argmax_w20_d0.25,nearest,30,-54.984567,-63.930075,-45.803629,a_cheaper
demand_argmax_vs_best_baseline,0.7,demand_argmax_w20_d0.5,nearest,30,-49.795288,-58.799747,-40.629324,a_cheaper
demand_argmax_vs_best_baseline,0.7,demand_argmax_w20_d1,nearest,30,-39.320618,-48.572241,-29.882888,a_cheaper
demand_argmax_vs_best_baseline,0.7,demand_argmax_w20_d2,nearest,30,-19.846984,-29.473149,-10.102607,a_cheaper
demand_argmax_vs_best_baseline,0.7,demand_argmax_w20_d5,nearest,30,22.462390,12.700986,32.394330,a_worse
demand_argmax_vs_best_baseline,0.7,demand_argmax_w20_d10,nearest,30,18.589714,10.207145,26.892633,a_worse
demand_argmax_vs_best_baseline,0.7,demand_argmax_w30_d0,nearest,30,-24.830450,-34.364932,-15.156527,a_cheaper
demand_argmax_vs_best_baseline,0.7,demand_argmax_w30_d0.25,nearest,30,-12.409411,-22.259010,-2.330873,a_cheaper
demand_argmax_vs_best_baseline,0.7,demand_argmax_w30_d0.5,nearest,30,-8.408139,-18.335556,1.796652,not_significant
demand_argmax_vs_best_baseline,0.7,demand_argmax_w30_d1,nearest,30,-1.084791,-11.047222,9.147053,not_significant
demand_argmax_vs_best_baseline,0.7,demand_argmax_w30_d2,nearest,30,11.222852,1.361292,21.200845,a_worse
demand_argmax_vs_best_baseline,0.7,demand_argmax_w30_d5,nearest,30,25.946115,16.698349,35.493045,a_worse
demand_argmax_vs_best_baseline,0.7,demand_argmax_w30_d10,nearest,30,19.827567,11.198909,28.166182,a_worse
demand_argmax_vs_best_baseline,0.7,demand_argmax_w100_d0,nearest,30,6.215482,-2.614500,15.288076,not_significant
demand_argmax_vs_best_baseline,0.7,demand_argmax_w100_d0.25,nearest,30,8.095424,-0.756412,17.185497,not_significant
demand_argmax_vs_best_baseline,0.7,demand_argmax_w100_d0.5,nearest,30,8.564048,-0.255874,17.618031,not_significant
demand_argmax_vs_best_baseline,0.7,demand_argmax_w100_d1,nearest,30,9.552950,0.710629,18.586076,a_worse
demand_argmax_vs_best_baseline,0.7,demand_argmax_w100_d2,nearest,30,10.632093,1.810647,19.635028,a_worse
demand_argmax_vs_best_baseline,0.7,demand_argmax_w100_d5,nearest,30,11.780564,3.399603,20.380211,a_worse
demand_argmax_vs_best_baseline,0.7,demand_argmax_w100_d10,nearest,30,12.223530,4.514301,20.142806,a_worse
best_demand_argmax_vs_best_baseline,0.7,demand_argmax_w5_d0,nearest,30,-130.535909,-138.046970,-122.983408,a_cheaper
rtt_weighted_vs_best_baseline,0.6,rtt_weighted_w5_d0,nearest,30,-69.105155,-76.970164,-61.677534,a_cheaper
rtt_weighted_vs_best_baseline,0.6,rtt_weighted_w5_d0.25,nearest,30,-86.248121,-93.644416,-79.071110,a_cheaper
rtt_weighted_vs_best_baseline,0.6,rtt_weighted_w5_d0.5,nearest,30,-84.110387,-91.610882,-76.881438,a_cheaper
rtt_weighted_vs_best_baseline,0.6,rtt_weighted_w5_d1,nearest,30,-75.532232,-83.004129,-68.320605,a_cheaper
rtt_weighted_vs_best_baseline,0.6,rtt_weighted_w5_d2,nearest,30,-49.052893,-57.205550,-41.229095,a_cheaper
rtt_weighted_vs_best_baseline,0.6,rtt_weighted_w5_d5,nearest,30,-8.754916,-17.054434,-0.819195,a_cheaper
rtt_weighted_vs_best_baseline,0.6,rtt_weighted_w5_d10,nearest,30,0.583401,-7.011404,8.773507,not_significant
rtt_weighted_vs_best_baseline,0.6,rtt_weighted_w10_d0,nearest,30,-90.055620,-97.716397,-82.714009,a_cheaper
rtt_weighted_vs_best_baseline,0.6,rtt_weighted_w10_d0.25,nearest,30,-92.720361,-100.140297,-85.508620,a_cheaper
rtt_weighted_vs_best_baseline,0.6,rtt_weighted_w10_d0.5,nearest,30,-88.952774,-96.624935,-81.517685,a_cheaper
rtt_weighted_vs_best_baseline,0.6,rtt_weighted_w10_d1,nearest,30,-79.319957,-87.285170,-71.645446,a_cheaper
rtt_weighted_vs_best_baseline,0.6,rtt_weighted_w10_d2,nearest,30,-55.737678,-64.115554,-47.751891,a_cheaper
rtt_weighted_vs_best_baseline,0.6,rtt_weighted_w10_d5,nearest,30,-15.092002,-23.270571,-7.467993,a_cheaper
rtt_weighted_vs_best_baseline,0.6,rtt_weighted_w10_d10,nearest,30,-13.285487,-21.354780,-5.219198,a_cheaper
rtt_weighted_vs_best_baseline,0.6,rtt_weighted_w20_d0,nearest,30,-80.280195,-88.655721,-72.188184,a_cheaper
rtt_weighted_vs_best_baseline,0.6,rtt_weighted_w20_d0.25,nearest,30,-77.566478,-85.960646,-69.352552,a_cheaper
rtt_weighted_vs_best_baseline,0.6,rtt_weighted_w20_d0.5,nearest,30,-74.134066,-82.721113,-65.770227,a_cheaper
rtt_weighted_vs_best_baseline,0.6,rtt_weighted_w20_d1,nearest,30,-66.725398,-75.475259,-58.269781,a_cheaper
rtt_weighted_vs_best_baseline,0.6,rtt_weighted_w20_d2,nearest,30,-50.720166,-59.738973,-41.971063,a_cheaper
rtt_weighted_vs_best_baseline,0.6,rtt_weighted_w20_d5,nearest,30,-24.210994,-33.617406,-15.700835,a_cheaper
rtt_weighted_vs_best_baseline,0.6,rtt_weighted_w20_d10,nearest,30,-21.315063,-29.667796,-13.474340,a_cheaper
rtt_weighted_vs_best_baseline,0.6,rtt_weighted_w30_d0,nearest,30,-70.136654,-78.949970,-61.682772,a_cheaper
rtt_weighted_vs_best_baseline,0.6,rtt_weighted_w30_d0.25,nearest,30,-68.777047,-77.522950,-60.458716,a_cheaper
rtt_weighted_vs_best_baseline,0.6,rtt_weighted_w30_d0.5,nearest,30,-65.877838,-74.649617,-57.553669,a_cheaper
rtt_weighted_vs_best_baseline,0.6,rtt_weighted_w30_d1,nearest,30,-60.095068,-69.055509,-51.645063,a_cheaper
rtt_weighted_vs_best_baseline,0.6,rtt_weighted_w30_d2,nearest,30,-49.322910,-58.654472,-40.566793,a_cheaper
rtt_weighted_vs_best_baseline,0.6,rtt_weighted_w30_d5,nearest,30,-27.643724,-36.322858,-19.631092,a_cheaper
rtt_weighted_vs_best_baseline,0.6,rtt_weighted_w30_d10,nearest,30,-23.091186,-32.365718,-14.716703,a_cheaper
rtt_weighted_vs_best_baseline,0.6,rtt_weighted_w100_d0,nearest,30,-55.513195,-64.962788,-46.250104,a_cheaper
rtt_weighted_vs_best_baseline,0.6,rtt_weighted_w100_d0.25,nearest,30,-53.912163,-63.433502,-44.514013,a_cheaper
rtt_weighted_vs_best_baseline,0.6,rtt_weighted_w100_d0.5,nearest,30,-52.366522,-61.893635,-42.954880,a_cheaper
rtt_weighted_vs_best_baseline,0.6,rtt_weighted_w100_d1,nearest,30,-48.935100,-58.450485,-39.449228,a_cheaper
rtt_weighted_vs_best_baseline,0.6,rtt_weighted_w100_d2,nearest,30,-42.456225,-52.353504,-32.684696,a_cheaper
rtt_weighted_vs_best_baseline,0.6,rtt_weighted_w100_d5,nearest,30,-30.736088,-40.457540,-20.880414,a_cheaper
rtt_weighted_vs_best_baseline,0.6,rtt_weighted_w100_d10,nearest,30,-26.886757,-36.545117,-16.909922,a_cheaper
best_rtt_weighted_vs_best_demand_argmax,0.6,rtt_weighted_w10_d0.25,demand_argmax_w10_d0,30,3.506825,1.298913,5.564590,a_worse
demand_argmax_vs_best_baseline,0.6,demand_argmax_w5_d0,nearest,30,-83.532998,-90.616349,-76.438239,a_cheaper
demand_argmax_vs_best_baseline,0.6,demand_argmax_w5_d0.25,nearest,30,-91.612031,-98.756113,-84.512221,a_cheaper
demand_argmax_vs_best_baseline,0.6,demand_argmax_w5_d0.5,nearest,30,-90.216697,-97.449252,-82.963435,a_cheaper
demand_argmax_vs_best_baseline,0.6,demand_argmax_w5_d1,nearest,30,-84.656195,-92.005250,-77.166745,a_cheaper
demand_argmax_vs_best_baseline,0.6,demand_argmax_w5_d2,nearest,30,-65.658343,-73.004785,-58.205692,a_cheaper
demand_argmax_vs_best_baseline,0.6,demand_argmax_w5_d5,nearest,30,-8.572702,-16.744739,-0.411988,a_cheaper
demand_argmax_vs_best_baseline,0.6,demand_argmax_w5_d10,nearest,30,7.706487,0.083012,15.650682,a_worse
demand_argmax_vs_best_baseline,0.6,demand_argmax_w10_d0,nearest,30,-96.227186,-103.881366,-88.577778,a_cheaper
demand_argmax_vs_best_baseline,0.6,demand_argmax_w10_d0.25,nearest,30,-85.683643,-93.535832,-77.782494,a_cheaper
demand_argmax_vs_best_baseline,0.6,demand_argmax_w10_d0.5,nearest,30,-81.332296,-89.150193,-73.507693,a_cheaper
demand_argmax_vs_best_baseline,0.6,demand_argmax_w10_d1,nearest,30,-72.393828,-80.456160,-64.249101,a_cheaper
demand_argmax_vs_best_baseline,0.6,demand_argmax_w10_d2,nearest,30,-53.496382,-61.729161,-45.156482,a_cheaper
demand_argmax_vs_best_baseline,0.6,demand_argmax_w10_d5,nearest,30,-0.866882,-9.963852,8.306754,not_significant
demand_argmax_vs_best_baseline,0.6,demand_argmax_w10_d10,nearest,30,15.221316,7.437926,22.932560,a_worse
demand_argmax_vs_best_baseline,0.6,demand_argmax_w20_d0,nearest,30,-56.148320,-64.429112,-47.826433,a_cheaper
demand_argmax_vs_best_baseline,0.6,demand_argmax_w20_d0.25,nearest,30,-43.433860,-52.038166,-34.749581,a_cheaper
demand_argmax_vs_best_baseline,0.6,demand_argmax_w20_d0.5,nearest,30,-38.901068,-47.584839,-30.161937,a_cheaper
demand_argmax_vs_best_baseline,0.6,demand_argmax_w20_d1,nearest,30,-30.049455,-38.934617,-21.143862,a_cheaper
demand_argmax_vs_best_baseline,0.6,demand_argmax_w20_d2,nearest,30,-13.304832,-22.443595,-4.114902,a_cheaper
demand_argmax_vs_best_baseline,0.6,demand_argmax_w20_d5,nearest,30,20.777205,11.732853,29.935679,a_worse
demand_argmax_vs_best_baseline,0.6,demand_argmax_w20_d10,nearest,30,16.056382,7.849399,24.254580,a_worse
demand_argmax_vs_best_baseline,0.6,demand_argmax_w30_d0,nearest,30,-18.479519,-27.379995,-9.450832,a_cheaper
demand_argmax_vs_best_baseline,0.6,demand_argmax_w30_d0.25,nearest,30,-8.651170,-17.671631,0.450529,not_significant
demand_argmax_vs_best_baseline,0.6,demand_argmax_w30_d0.5,nearest,30,-5.364494,-14.434881,3.762039,not_significant
demand_argmax_vs_best_baseline,0.6,demand_argmax_w30_d1,nearest,30,0.404804,-8.708694,9.612354,not_significant
demand_argmax_vs_best_baseline,0.6,demand_argmax_w30_d2,nearest,30,10.768090,1.653792,20.016393,a_worse
demand_argmax_vs_best_baseline,0.6,demand_argmax_w30_d5,nearest,30,23.065758,14.676542,31.650656,a_worse
demand_argmax_vs_best_baseline,0.6,demand_argmax_w30_d10,nearest,30,15.684252,7.124147,24.181789,a_worse
demand_argmax_vs_best_baseline,0.6,demand_argmax_w100_d0,nearest,30,6.140655,-2.427328,14.698481,not_significant
demand_argmax_vs_best_baseline,0.6,demand_argmax_w100_d0.25,nearest,30,7.286695,-1.184165,15.841970,not_significant
demand_argmax_vs_best_baseline,0.6,demand_argmax_w100_d0.5,nearest,30,7.895779,-0.533366,16.441919,not_significant
demand_argmax_vs_best_baseline,0.6,demand_argmax_w100_d1,nearest,30,8.824395,0.484388,17.251417,a_worse
demand_argmax_vs_best_baseline,0.6,demand_argmax_w100_d2,nearest,30,10.077159,1.720141,18.481134,a_worse
demand_argmax_vs_best_baseline,0.6,demand_argmax_w100_d5,nearest,30,10.945261,2.933889,19.117617,a_worse
demand_argmax_vs_best_baseline,0.6,demand_argmax_w100_d10,nearest,30,10.888542,3.432078,18.391723,a_worse
best_demand_argmax_vs_best_baseline,0.6,demand_argmax_w10_d0,nearest,30,-96.227186,-103.881366,-88.577778,a_cheaper
rtt_weighted_vs_best_baseline,0.5,rtt_weighted_w5_d0,nearest,30,-24.841740,-32.640321,-17.343374,a_cheaper
rtt_weighted_vs_best_baseline,0.5,rtt_weighted_w5_d0.25,nearest,30,-57.809079,-65.624222,-50.305759,a_cheaper
rtt_weighted_vs_best_baseline,0.5,rtt_weighted_w5_d0.5,nearest,30,-59.269546,-66.917830,-51.811119,a_cheaper
rtt_weighted_vs_best_baseline,0.5,rtt_weighted_w5_d1,nearest,30,-56.642646,-63.978526,-49.479039,a_cheaper
rtt_weighted_vs_best_baseline,0.5,rtt_weighted_w5_d2,nearest,30,-38.400528,-46.317821,-30.802163,a_cheaper
rtt_weighted_vs_best_baseline,0.5,rtt_weighted_w5_d5,nearest,30,-14.492851,-22.847429,-6.552288,a_cheaper
rtt_weighted_vs_best_baseline,0.5,rtt_weighted_w5_d10,nearest,30,1.499013,-6.718115,9.970737,not_significant
rtt_weighted_vs_best_baseline,0.5,rtt_weighted_w10_d0,nearest,30,-55.185628,-63.468173,-47.318566,a_cheaper
rtt_weighted_vs_best_baseline,0.5,rtt_weighted_w10_d0.25,nearest,30,-69.071086,-76.985944,-61.490481,a_cheaper
rtt_weighted_vs_best_baseline,0.5,rtt_weighted_w10_d0.5,nearest,30,-66.996157,-74.816929,-59.648096,a_cheaper
rtt_weighted_vs_best_baseline,0.5,rtt_weighted_w10_d1,nearest,30,-60.640355,-68.739436,-52.950843,a_cheaper
rtt_weighted_vs_best_baseline,0.5,rtt_weighted_w10_d2,nearest,30,-45.952012,-54.621241,-37.610065,a_cheaper
rtt_weighted_vs_best_baseline,0.5,rtt_weighted_w10_d5,nearest,30,-24.628813,-33.909507,-15.833534,a_cheaper
rtt_weighted_vs_best_baseline,0.5,rtt_weighted_w10_d10,nearest,30,-16.078118,-25.657576,-7.183617,a_cheaper
rtt_weighted_vs_best_baseline,0.5,rtt_weighted_w20_d0,nearest,30,-60.171583,-68.684500,-52.066168,a_cheaper
rtt_weighted_vs_best_baseline,0.5,rtt_weighted_w20_d0.25,nearest,30,-64.711204,-73.096610,-56.658477,a_cheaper
rtt_weighted_vs_best_baseline,0.5,rtt_weighted_w20_d0.5,nearest,30,-62.644908,-71.075436,-54.439449,a_cheaper
rtt_weighted_vs_best_baseline,0.5,rtt_weighted_w20_d1,nearest,30,-58.562749,-67.066688,-50.438368,a_cheaper
rtt_weighted_vs_best_baseline,0.5,rtt_weighted_w20_d2,nearest,30,-47.498793,-56.589488,-38.846110,a_cheaper
rtt_weighted_vs_best_baseline,0.5,rtt_weighted_w20_d5,nearest,30,-30.105822,-39.484800,-21.105102,a_cheaper
rtt_weighted_vs_best_baseline,0.5,rtt_weighted_w20_d10,nearest,30,-32.363459,-41.397341,-23.884786,a_cheaper
rtt_weighted_vs_best_baseline,0.5,rtt_weighted_w30_d0,nearest,30,-56.384474,-64.765842,-48.360021,a_cheaper
rtt_weighted_vs_best_baseline,0.5,rtt_weighted_w30_d0.25,nearest,30,-59.769043,-68.206105,-51.843524,a_cheaper
rtt_weighted_vs_best_baseline,0.5,rtt_weighted_w30_d0.5,nearest,30,-58.178484,-66.518043,-50.312169,a_cheaper
rtt_weighted_vs_best_baseline,0.5,rtt_weighted_w30_d1,nearest,30,-54.450772,-62.720354,-46.498496,a_cheaper
rtt_weighted_vs_best_baseline,0.5,rtt_weighted_w30_d2,nearest,30,-46.054329,-54.557418,-37.919098,a_cheaper
rtt_weighted_vs_best_baseline,0.5,rtt_weighted_w30_d5,nearest,30,-32.452097,-41.422190,-24.008847,a_cheaper
rtt_weighted_vs_best_baseline,0.5,rtt_weighted_w30_d10,nearest,30,-30.803997,-39.433531,-22.390482,a_cheaper
rtt_weighted_vs_best_baseline,0.5,rtt_weighted_w100_d0,nearest,30,-51.769464,-61.304970,-42.380904,a_cheaper
rtt_weighted_vs_best_baseline,0.5,rtt_weighted_w100_d0.25,nearest,30,-53.194785,-62.868700,-43.755104,a_cheaper
rtt_weighted_vs_best_baseline,0.5,rtt_weighted_w100_d0.5,nearest,30,-52.318604,-61.940447,-42.904324,a_cheaper
rtt_weighted_vs_best_baseline,0.5,rtt_weighted_w100_d1,nearest,30,-50.584683,-60.387853,-40.921119,a_cheaper
rtt_weighted_vs_best_baseline,0.5,rtt_weighted_w100_d2,nearest,30,-46.393519,-56.459265,-36.459930,a_cheaper
rtt_weighted_vs_best_baseline,0.5,rtt_weighted_w100_d5,nearest,30,-37.791562,-47.997278,-27.950430,a_cheaper
rtt_weighted_vs_best_baseline,0.5,rtt_weighted_w100_d10,nearest,30,-34.122417,-44.084270,-24.466440,a_cheaper
best_rtt_weighted_vs_best_demand_argmax,0.5,rtt_weighted_w10_d0.25,demand_argmax_w10_d0,30,-5.451041,-8.879902,-2.187190,a_cheaper
demand_argmax_vs_best_baseline,0.5,demand_argmax_w5_d0,nearest,30,-28.349622,-35.015274,-21.475947,a_cheaper
demand_argmax_vs_best_baseline,0.5,demand_argmax_w5_d0.25,nearest,30,-51.948422,-58.606847,-45.167814,a_cheaper
demand_argmax_vs_best_baseline,0.5,demand_argmax_w5_d0.5,nearest,30,-53.404863,-60.092987,-46.541410,a_cheaper
demand_argmax_vs_best_baseline,0.5,demand_argmax_w5_d1,nearest,30,-52.945838,-59.997938,-45.721812,a_cheaper
demand_argmax_vs_best_baseline,0.5,demand_argmax_w5_d2,nearest,30,-39.858961,-47.524093,-32.225265,a_cheaper
demand_argmax_vs_best_baseline,0.5,demand_argmax_w5_d5,nearest,30,0.118706,-7.864995,8.320131,not_significant
demand_argmax_vs_best_baseline,0.5,demand_argmax_w5_d10,nearest,30,3.707589,-3.876708,11.256926,not_significant
demand_argmax_vs_best_baseline,0.5,demand_argmax_w10_d0,nearest,30,-63.620045,-70.618680,-56.413841,a_cheaper
demand_argmax_vs_best_baseline,0.5,demand_argmax_w10_d0.25,nearest,30,-60.082375,-67.282455,-52.768955,a_cheaper
demand_argmax_vs_best_baseline,0.5,demand_argmax_w10_d0.5,nearest,30,-57.611423,-64.876408,-50.181005,a_cheaper
demand_argmax_vs_best_baseline,0.5,demand_argmax_w10_d1,nearest,30,-51.724670,-59.039405,-44.214493,a_cheaper
demand_argmax_vs_best_baseline,0.5,demand_argmax_w10_d2,nearest,30,-37.347737,-45.089299,-29.547128,a_cheaper
demand_argmax_vs_best_baseline,0.5,demand_argmax_w10_d5,nearest,30,3.446300,-5.170494,12.035357,not_significant
demand_argmax_vs_best_baseline,0.5,demand_argmax_w10_d10,nearest,30,12.294707,4.043748,20.708714,a_worse
demand_argmax_vs_best_baseline,0.5,demand_argmax_w20_d0,nearest,30,-40.813724,-48.727063,-32.825409,a_cheaper
demand_argmax_vs_best_baseline,0.5,demand_argmax_w20_d0.25,nearest,30,-31.714965,-39.813758,-23.547301,a_cheaper
demand_argmax_vs_best_baseline,0.5,demand_argmax_w20_d0.5,nearest,30,-28.429372,-36.609033,-20.254144,a_cheaper
demand_argmax_vs_best_baseline,0.5,demand_argmax_w20_d1,nearest,30,-21.029163,-29.296775,-12.748617,a_cheaper
demand_argmax_vs_best_baseline,0.5,demand_argmax_w20_d2,nearest,30,-7.747089,-16.435878,0.919661,not_significant
demand_argmax_vs_best_baseline,0.5,demand_argmax_w20_d5,nearest,30,19.373803,10.650426,28.086058,a_worse
demand_argmax_vs_best_baseline,0.5,demand_argmax_w20_d10,nearest,30,17.744690,9.717484,25.890086,a_worse
demand_argmax_vs_best_baseline,0.5,demand_argmax_w30_d0,nearest,30,-11.986595,-20.438647,-3.395202,a_cheaper
demand_argmax_vs_best_baseline,0.5,demand_argmax_w30_d0.25,nearest,30,-4.987166,-13.489284,3.656554,not_significant
demand_argmax_vs_best_baseline,0.5,demand_argmax_w30_d0.5,nearest,30,-2.228155,-10.787841,6.562661,not_significant
demand_argmax_vs_best_baseline,0.5,demand_argmax_w30_d1,nearest,30,2.651219,-6.029858,11.557317,not_significant
demand_argmax_vs_best_baseline,0.5,demand_argmax_w30_d2,nearest,30,10.948579,2.179668,19.858488,a_worse
demand_argmax_vs_best_baseline,0.5,demand_argmax_w30_d5,nearest,30,22.152123,13.906954,30.495679,a_worse
demand_argmax_vs_best_baseline,0.5,demand_argmax_w30_d10,nearest,30,16.467552,8.597820,24.297064,a_worse
demand_argmax_vs_best_baseline,0.5,demand_argmax_w100_d0,nearest,30,8.727086,1.225268,16.307970,a_worse
demand_argmax_vs_best_baseline,0.5,demand_argmax_w100_d0.25,nearest,30,8.969306,1.428085,16.613984,a_worse
demand_argmax_vs_best_baseline,0.5,demand_argmax_w100_d0.5,nearest,30,9.325165,1.830413,16.959370,a_worse
demand_argmax_vs_best_baseline,0.5,demand_argmax_w100_d1,nearest,30,9.437580,2.013688,17.063698,a_worse
demand_argmax_vs_best_baseline,0.5,demand_argmax_w100_d2,nearest,30,10.311494,2.785817,18.125033,a_worse
demand_argmax_vs_best_baseline,0.5,demand_argmax_w100_d5,nearest,30,11.473883,4.139095,19.183160,a_worse
demand_argmax_vs_best_baseline,0.5,demand_argmax_w100_d10,nearest,30,10.237892,3.282688,17.553106,a_worse
best_demand_argmax_vs_best_baseline,0.5,demand_argmax_w10_d0,nearest,30,-63.620045,-70.618680,-56.413841,a_cheaper
rtt_weighted_vs_best_baseline,0.4,rtt_weighted_w5_d0,nearest,30,15.157157,6.900973,22.831122,a_worse
rtt_weighted_vs_best_baseline,0.4,rtt_weighted_w5_d0.25,nearest,30,-33.126119,-40.410704,-26.336784,a_cheaper
rtt_weighted_vs_best_baseline,0.4,rtt_weighted_w5_d0.5,nearest,30,-36.533193,-43.986468,-29.572416,a_cheaper
rtt_weighted_vs_best_baseline,0.4,rtt_weighted_w5_d1,nearest,30,-37.729320,-45.561346,-30.361865,a_cheaper
rtt_weighted_vs_best_baseline,0.4,rtt_weighted_w5_d2,nearest,30,-30.206470,-37.819764,-22.746693,a_cheaper
rtt_weighted_vs_best_baseline,0.4,rtt_weighted_w5_d5,nearest,30,-18.085775,-26.469427,-9.792645,a_cheaper
rtt_weighted_vs_best_baseline,0.4,rtt_weighted_w5_d10,nearest,30,1.258799,-5.841703,8.585171,not_significant
rtt_weighted_vs_best_baseline,0.4,rtt_weighted_w10_d0,nearest,30,-22.432522,-30.191663,-15.146412,a_cheaper
rtt_weighted_vs_best_baseline,0.4,rtt_weighted_w10_d0.25,nearest,30,-47.086656,-54.759358,-39.883079,a_cheaper
rtt_weighted_vs_best_baseline,0.4,rtt_weighted_w10_d0.5,nearest,30,-47.002855,-54.656181,-39.759003,a_cheaper
rtt_weighted_vs_best_baseline,0.4,rtt_weighted_w10_d1,nearest,30,-45.451003,-53.344753,-37.944893,a_cheaper
rtt_weighted_vs_best_baseline,0.4,rtt_weighted_w10_d2,nearest,30,-38.538986,-46.268055,-31.160479,a_cheaper
rtt_weighted_vs_best_baseline,0.4,rtt_weighted_w10_d5,nearest,30,-29.140541,-37.564824,-21.077074,a_cheaper
rtt_weighted_vs_best_baseline,0.4,rtt_weighted_w10_d10,nearest,30,-16.423171,-25.741414,-7.712271,a_cheaper
rtt_weighted_vs_best_baseline,0.4,rtt_weighted_w20_d0,nearest,30,-39.255971,-47.405135,-31.635065,a_cheaper
rtt_weighted_vs_best_baseline,0.4,rtt_weighted_w20_d0.25,nearest,30,-51.128123,-59.026968,-43.634301,a_cheaper
rtt_weighted_vs_best_baseline,0.4,rtt_weighted_w20_d0.5,nearest,30,-50.239273,-58.404023,-42.530057,a_cheaper
rtt_weighted_vs_best_baseline,0.4,rtt_weighted_w20_d1,nearest,30,-47.903724,-56.230248,-39.995117,a_cheaper
rtt_weighted_vs_best_baseline,0.4,rtt_weighted_w20_d2,nearest,30,-41.705852,-49.960148,-33.778994,a_cheaper
rtt_weighted_vs_best_baseline,0.4,rtt_weighted_w20_d5,nearest,30,-33.377993,-41.758921,-25.397613,a_cheaper
rtt_weighted_vs_best_baseline,0.4,rtt_weighted_w20_d10,nearest,30,-33.277174,-41.370561,-25.632781,a_cheaper
rtt_weighted_vs_best_baseline,0.4,rtt_weighted_w30_d0,nearest,30,-41.825941,-50.410501,-33.485365,a_cheaper
rtt_weighted_vs_best_baseline,0.4,rtt_weighted_w30_d0.25,nearest,30,-50.379341,-58.621093,-42.514240,a_cheaper
rtt_weighted_vs_best_baseline,0.4,rtt_weighted_w30_d0.5,nearest,30,-50.189946,-58.317470,-42.289594,a_cheaper
rtt_weighted_vs_best_baseline,0.4,rtt_weighted_w30_d1,nearest,30,-48.372828,-56.549457,-40.451449,a_cheaper
rtt_weighted_vs_best_baseline,0.4,rtt_weighted_w30_d2,nearest,30,-44.015068,-52.213962,-36.027519,a_cheaper
rtt_weighted_vs_best_baseline,0.4,rtt_weighted_w30_d5,nearest,30,-33.792609,-42.056239,-25.923421,a_cheaper
rtt_weighted_vs_best_baseline,0.4,rtt_weighted_w30_d10,nearest,30,-36.139424,-43.537772,-29.018260,a_cheaper
rtt_weighted_vs_best_baseline,0.4,rtt_weighted_w100_d0,nearest,30,-49.222370,-58.853446,-39.618894,a_cheaper
rtt_weighted_vs_best_baseline,0.4,rtt_weighted_w100_d0.25,nearest,30,-52.316336,-61.623197,-43.015940,a_cheaper
rtt_weighted_vs_best_baseline,0.4,rtt_weighted_w100_d0.5,nearest,30,-51.916622,-61.348057,-42.546812,a_cheaper
rtt_weighted_vs_best_baseline,0.4,rtt_weighted_w100_d1,nearest,30,-50.875251,-60.357288,-41.352040,a_cheaper
rtt_weighted_vs_best_baseline,0.4,rtt_weighted_w100_d2,nearest,30,-48.349745,-58.047413,-38.662158,a_cheaper
rtt_weighted_vs_best_baseline,0.4,rtt_weighted_w100_d5,nearest,30,-43.222155,-53.107760,-33.394577,a_cheaper
rtt_weighted_vs_best_baseline,0.4,rtt_weighted_w100_d10,nearest,30,-40.274784,-49.707874,-31.001422,a_cheaper
best_rtt_weighted_vs_best_demand_argmax,0.4,rtt_weighted_w100_d0.25,demand_argmax_w10_d0.25,30,-20.908945,-28.626635,-13.433473,a_cheaper
demand_argmax_vs_best_baseline,0.4,demand_argmax_w5_d0,nearest,30,23.399607,16.988123,30.228856,a_worse
demand_argmax_vs_best_baseline,0.4,demand_argmax_w5_d0.25,nearest,30,-12.653032,-19.129395,-5.896799,a_cheaper
demand_argmax_vs_best_baseline,0.4,demand_argmax_w5_d0.5,nearest,30,-16.891075,-23.733556,-9.894571,a_cheaper
demand_argmax_vs_best_baseline,0.4,demand_argmax_w5_d1,nearest,30,-20.992692,-27.875479,-13.841565,a_cheaper
demand_argmax_vs_best_baseline,0.4,demand_argmax_w5_d2,nearest,30,-16.770762,-24.109358,-9.305803,a_cheaper
demand_argmax_vs_best_baseline,0.4,demand_argmax_w5_d5,nearest,30,4.213641,-3.273746,11.667931,not_significant
demand_argmax_vs_best_baseline,0.4,demand_argmax_w5_d10,nearest,30,1.025022,-5.750236,8.277711,not_significant
demand_argmax_vs_best_baseline,0.4,demand_argmax_w10_d0,nearest,30,-25.016586,-31.536388,-18.405723,a_cheaper
demand_argmax_vs_best_baseline,0.4,demand_argmax_w10_d0.25,nearest,30,-31.407391,-38.485541,-24.334821,a_cheaper
demand_argmax_vs_best_baseline,0.4,demand_argmax_w10_d0.5,nearest,30,-30.716971,-37.850102,-23.554630,a_cheaper
demand_argmax_vs_best_baseline,0.4,demand_argmax_w10_d1,nearest,30,-28.092735,-35.398642,-20.764033,a_cheaper
demand_argmax_vs_best_baseline,0.4,demand_argmax_w10_d2,nearest,30,-19.524328,-27.092437,-11.860287,a_cheaper
demand_argmax_vs_best_baseline,0.4,demand_argmax_w10_d5,nearest,30,7.269584,-0.635571,15.273526,not_significant
demand_argmax_vs_best_baseline,0.4,demand_argmax_w10_d10,nearest,30,8.242024,0.963845,15.518699,a_worse
demand_argmax_vs_best_baseline,0.4,demand_argmax_w20_d0,nearest,30,-22.409271,-29.953886,-14.842668,a_cheaper
demand_argmax_vs_best_baseline,0.4,demand_argmax_w20_d0.25,nearest,30,-18.387468,-26.006073,-10.692946,a_cheaper
demand_argmax_vs_best_baseline,0.4,demand_argmax_w20_d0.5,nearest,30,-15.969686,-23.560784,-8.387859,a_cheaper
demand_argmax_vs_best_baseline,0.4,demand_argmax_w20_d1,nearest,30,-11.212293,-18.992586,-3.412447,a_cheaper
demand_argmax_vs_best_baseline,0.4,demand_argmax_w20_d2,nearest,30,-2.076730,-9.996309,5.903363,not_significant
demand_argmax_vs_best_baseline,0.4,demand_argmax_w20_d5,nearest,30,17.460526,9.707721,25.275946,a_worse
demand_argmax_vs_best_baseline,0.4,demand_argmax_w20_d10,nearest,30,12.662343,5.414644,19.897620,a_worse
demand_argmax_vs_best_baseline,0.4,demand_argmax_w30_d0,nearest,30,-2.878751,-10.547094,4.973768,not_significant
demand_argmax_vs_best_baseline,0.4,demand_argmax_w30_d0.25,nearest,30,0.388296,-7.427642,8.352577,not_significant
demand_argmax_vs_best_baseline,0.4,demand_argmax_w30_d0.5,nearest,30,1.952837,-5.898668,9.933317,not_significant
demand_argmax_vs_best_baseline,0.4,demand_argmax_w30_d1,nearest,30,5.841184,-2.024939,13.857019,not_significant
demand_argmax_vs_best_baseline,0.4,demand_argmax_w30_d2,nearest,30,11.489492,3.593771,19.425175,a_worse
demand_argmax_vs_best_baseline,0.4,demand_argmax_w30_d5,nearest,30,19.745657,12.100166,27.499438,a_worse
demand_argmax_vs_best_baseline,0.4,demand_argmax_w30_d10,nearest,30,14.470753,6.843100,22.067678,a_worse
demand_argmax_vs_best_baseline,0.4,demand_argmax_w100_d0,nearest,30,11.437436,3.713738,19.289065,a_worse
demand_argmax_vs_best_baseline,0.4,demand_argmax_w100_d0.25,nearest,30,10.644065,2.983113,18.468219,a_worse
demand_argmax_vs_best_baseline,0.4,demand_argmax_w100_d0.5,nearest,30,10.726635,3.047409,18.586236,a_worse
demand_argmax_vs_best_baseline,0.4,demand_argmax_w100_d1,nearest,30,10.858082,3.172877,18.725537,a_worse
demand_argmax_vs_best_baseline,0.4,demand_argmax_w100_d2,nearest,30,11.114703,3.562938,18.777876,a_worse
demand_argmax_vs_best_baseline,0.4,demand_argmax_w100_d5,nearest,30,10.572902,3.109230,18.214969,a_worse
demand_argmax_vs_best_baseline,0.4,demand_argmax_w100_d10,nearest,30,9.785187,2.673983,17.193917,a_worse
best_demand_argmax_vs_best_baseline,0.4,demand_argmax_w10_d0.25,nearest,30,-31.407391,-38.485541,-24.334821,a_cheaper
rtt_weighted_vs_best_baseline,0.3,rtt_weighted_w5_d0,nearest,30,47.908837,38.320697,56.768908,a_worse
rtt_weighted_vs_best_baseline,0.3,rtt_weighted_w5_d0.25,nearest,30,-14.981737,-23.145178,-7.344039,a_cheaper
rtt_weighted_vs_best_baseline,0.3,rtt_weighted_w5_d0.5,nearest,30,-21.210216,-29.626570,-13.401604,a_cheaper
rtt_weighted_vs_best_baseline,0.3,rtt_weighted_w5_d1,nearest,30,-28.170000,-36.352852,-20.463026,a_cheaper
rtt_weighted_vs_best_baseline,0.3,rtt_weighted_w5_d2,nearest,30,-29.213622,-37.264030,-21.542457,a_cheaper
rtt_weighted_vs_best_baseline,0.3,rtt_weighted_w5_d5,nearest,30,-19.858557,-28.920890,-11.043250,a_cheaper
rtt_weighted_vs_best_baseline,0.3,rtt_weighted_w5_d10,nearest,30,-1.400938,-8.540317,5.452053,not_significant
rtt_weighted_vs_best_baseline,0.3,rtt_weighted_w10_d0,nearest,30,4.133320,-5.409059,13.178780,not_significant
rtt_weighted_vs_best_baseline,0.3,rtt_weighted_w10_d0.25,nearest,30,-29.639948,-38.326413,-21.579093,a_cheaper
rtt_weighted_vs_best_baseline,0.3,rtt_weighted_w10_d0.5,nearest,30,-32.527319,-41.165696,-24.467779,a_cheaper
rtt_weighted_vs_best_baseline,0.3,rtt_weighted_w10_d1,nearest,30,-34.256747,-42.699761,-26.372651,a_cheaper
rtt_weighted_vs_best_baseline,0.3,rtt_weighted_w10_d2,nearest,30,-35.363379,-43.647299,-27.471065,a_cheaper
rtt_weighted_vs_best_baseline,0.3,rtt_weighted_w10_d5,nearest,30,-36.785084,-45.246130,-28.977845,a_cheaper
rtt_weighted_vs_best_baseline,0.3,rtt_weighted_w10_d10,nearest,30,-20.071924,-28.104164,-12.514178,a_cheaper
rtt_weighted_vs_best_baseline,0.3,rtt_weighted_w20_d0,nearest,30,-21.833002,-31.120816,-12.851389,a_cheaper
rtt_weighted_vs_best_baseline,0.3,rtt_weighted_w20_d0.25,nearest,30,-39.999678,-48.728918,-31.593535,a_cheaper
rtt_weighted_vs_best_baseline,0.3,rtt_weighted_w20_d0.5,nearest,30,-41.120570,-49.885097,-32.687012,a_cheaper
rtt_weighted_vs_best_baseline,0.3,rtt_weighted_w20_d1,nearest,30,-41.523890,-50.468271,-32.953489,a_cheaper
rtt_weighted_vs_best_baseline,0.3,rtt_weighted_w20_d2,nearest,30,-40.512487,-49.245035,-32.298783,a_cheaper
rtt_weighted_vs_best_baseline,0.3,rtt_weighted_w20_d5,nearest,30,-39.267889,-48.267764,-30.834939,a_cheaper
rtt_weighted_vs_best_baseline,0.3,rtt_weighted_w20_d10,nearest,30,-40.536301,-49.363937,-31.957316,a_cheaper
rtt_weighted_vs_best_baseline,0.3,rtt_weighted_w30_d0,nearest,30,-31.107334,-40.857517,-21.665766,a_cheaper
rtt_weighted_vs_best_baseline,0.3,rtt_weighted_w30_d0.25,nearest,30,-44.514323,-53.421909,-36.055016,a_cheaper
rtt_weighted_vs_best_baseline,0.3,rtt_weighted_w30_d0.5,nearest,30,-45.336666,-54.062757,-36.979154,a_cheaper
rtt_weighted_vs_best_baseline,0.3,rtt_weighted_w30_d1,nearest,30,-45.245874,-53.958117,-36.909140,a_cheaper
rtt_weighted_vs_best_baseline,0.3,rtt_weighted_w30_d2,nearest,30,-43.587119,-52.198810,-35.364583,a_cheaper
rtt_weighted_vs_best_baseline,0.3,rtt_weighted_w30_d5,nearest,30,-41.138885,-50.278616,-32.594929,a_cheaper
rtt_weighted_vs_best_baseline,0.3,rtt_weighted_w30_d10,nearest,30,-42.377445,-51.182736,-33.901993,a_cheaper
rtt_weighted_vs_best_baseline,0.3,rtt_weighted_w100_d0,nearest,30,-45.606195,-55.723877,-35.831570,a_cheaper
rtt_weighted_vs_best_baseline,0.3,rtt_weighted_w100_d0.25,nearest,30,-51.614626,-61.239728,-42.427933,a_cheaper
rtt_weighted_vs_best_baseline,0.3,rtt_weighted_w100_d0.5,nearest,30,-51.500034,-61.055940,-42.354537,a_cheaper
rtt_weighted_vs_best_baseline,0.3,rtt_weighted_w100_d1,nearest,30,-51.146564,-60.732726,-42.019577,a_cheaper
rtt_weighted_vs_best_baseline,0.3,rtt_weighted_w100_d2,nearest,30,-50.079060,-59.731953,-40.906626,a_cheaper
rtt_weighted_vs_best_baseline,0.3,rtt_weighted_w100_d5,nearest,30,-48.109598,-57.527474,-39.278015,a_cheaper
rtt_weighted_vs_best_baseline,0.3,rtt_weighted_w100_d10,nearest,30,-47.273107,-56.323148,-38.630315,a_cheaper
best_rtt_weighted_vs_best_demand_argmax,0.3,rtt_weighted_w100_d0.25,demand_argmax_w10_d1,30,-48.591437,-56.612029,-40.995738,a_cheaper
demand_argmax_vs_best_baseline,0.3,demand_argmax_w5_d0,nearest,30,70.125628,62.870686,78.058404,a_worse
demand_argmax_vs_best_baseline,0.3,demand_argmax_w5_d0.25,nearest,30,22.019459,15.159618,29.252220,a_worse
demand_argmax_vs_best_baseline,0.3,demand_argmax_w5_d0.5,nearest,30,14.333360,7.324109,21.696357,a_worse
demand_argmax_vs_best_baseline,0.3,demand_argmax_w5_d1,nearest,30,4.305391,-2.651835,11.625489,not_significant
demand_argmax_vs_best_baseline,0.3,demand_argmax_w5_d2,nearest,30,-1.538944,-8.592650,5.542653,not_significant
demand_argmax_vs_best_baseline,0.3,demand_argmax_w5_d5,nearest,30,2.790050,-4.733224,10.282612,not_significant
demand_argmax_vs_best_baseline,0.3,demand_argmax_w5_d10,nearest,30,2.138878,-5.597129,10.210983,not_significant
demand_argmax_vs_best_baseline,0.3,demand_argmax_w10_d0,nearest,30,20.259393,12.922211,27.764645,a_worse
demand_argmax_vs_best_baseline,0.3,demand_argmax_w10_d0.25,nearest,30,-0.198614,-7.627926,7.260686,not_significant
demand_argmax_vs_best_baseline,0.3,demand_argmax_w10_d0.5,nearest,30,-1.979944,-9.315956,5.223629,not_significant
demand_argmax_vs_best_baseline,0.3,demand_argmax_w10_d1,nearest,30,-3.023190,-10.579676,4.505133,not_significant
demand_argmax_vs_best_baseline,0.3,demand_argmax_w10_d2,nearest,30,-0.729016,-8.083448,6.594719,not_significant
demand_argmax_vs_best_baseline,0.3,demand_argmax_w10_d5,nearest,30,8.022024,0.009021,15.949466,a_worse
demand_argmax_vs_best_baseline,0.3,demand_argmax_w10_d10,nearest,30,3.319834,-4.500214,10.804910,not_significant
demand_argmax_vs_best_baseline,0.3,demand_argmax_w20_d0,nearest,30,2.284366,-5.117305,9.732493,not_significant
demand_argmax_vs_best_baseline,0.3,demand_argmax_w20_d0.25,nearest,30,-1.577611,-8.763700,5.673322,not_significant
demand_argmax_vs_best_baseline,0.3,demand_argmax_w20_d0.5,nearest,30,-0.807197,-8.025985,6.482008,not_significant
demand_argmax_vs_best_baseline,0.3,demand_argmax_w20_d1,nearest,30,1.117647,-6.218892,8.432232,not_significant
demand_argmax_vs_best_baseline,0.3,demand_argmax_w20_d2,nearest,30,5.405706,-2.026933,12.902348,not_significant
demand_argmax_vs_best_baseline,0.3,demand_argmax_w20_d5,nearest,30,13.417349,5.966921,20.903872,a_worse
demand_argmax_vs_best_baseline,0.3,demand_argmax_w20_d10,nearest,30,5.793903,-1.545429,12.917516,not_significant
demand_argmax_vs_best_baseline,0.3,demand_argmax_w30_d0,nearest,30,8.461241,1.462167,15.506856,a_worse
demand_argmax_vs_best_baseline,0.3,demand_argmax_w30_d0.25,nearest,30,5.898093,-1.331642,13.225628,not_significant
demand_argmax_vs_best_baseline,0.3,demand_argmax_w30_d0.5,nearest,30,6.419377,-0.861201,13.831809,not_significant
demand_argmax_vs_best_baseline,0.3,demand_argmax_w30_d1,nearest,30,7.861402,0.646878,15.194065,a_worse
demand_argmax_vs_best_baseline,0.3,demand_argmax_w30_d2,nearest,30,10.772106,3.595552,18.098303,a_worse
demand_argmax_vs_best_baseline,0.3,demand_argmax_w30_d5,nearest,30,14.563189,7.361394,21.770829,a_worse
demand_argmax_vs_best_baseline,0.3,demand_argmax_w30_d10,nearest,30,8.601248,1.570516,15.677835,a_worse
demand_argmax_vs_best_baseline,0.3,demand_argmax_w100_d0,nearest,30,12.003693,4.965478,18.727445,a_worse
demand_argmax_vs_best_baseline,0.3,demand_argmax_w100_d0.25,nearest,30,9.427601,2.306076,16.268083,a_worse
demand_argmax_vs_best_baseline,0.3,demand_argmax_w100_d0.5,nearest,30,9.217642,2.087848,16.075593,a_worse
demand_argmax_vs_best_baseline,0.3,demand_argmax_w100_d1,nearest,30,8.845491,1.679135,15.805926,a_worse
demand_argmax_vs_best_baseline,0.3,demand_argmax_w100_d2,nearest,30,9.247296,2.118761,16.075206,a_worse
demand_argmax_vs_best_baseline,0.3,demand_argmax_w100_d5,nearest,30,8.509288,1.463772,15.378431,a_worse
demand_argmax_vs_best_baseline,0.3,demand_argmax_w100_d10,nearest,30,6.853692,-0.106990,13.596651,not_significant
best_demand_argmax_vs_best_baseline,0.3,demand_argmax_w10_d1,nearest,30,-3.023190,-10.579676,4.505133,not_significant
rtt_weighted_vs_best_baseline,0.25,rtt_weighted_w5_d0,nearest,30,62.808220,53.538195,71.191712,a_worse
rtt_weighted_vs_best_baseline,0.25,rtt_weighted_w5_d0.25,nearest,30,-5.978285,-14.269588,1.511721,not_significant
rtt_weighted_vs_best_baseline,0.25,rtt_weighted_w5_d0.5,nearest,30,-13.298803,-21.110384,-6.105587,a_cheaper
rtt_weighted_vs_best_baseline,0.25,rtt_weighted_w5_d1,nearest,30,-22.221057,-29.929448,-15.086338,a_cheaper
rtt_weighted_vs_best_baseline,0.25,rtt_weighted_w5_d2,nearest,30,-28.298148,-36.154640,-20.813783,a_cheaper
rtt_weighted_vs_best_baseline,0.25,rtt_weighted_w5_d5,nearest,30,-17.478778,-26.058199,-9.286046,a_cheaper
rtt_weighted_vs_best_baseline,0.25,rtt_weighted_w5_d10,nearest,30,0.369206,-7.494912,8.738702,not_significant
rtt_weighted_vs_best_baseline,0.25,rtt_weighted_w10_d0,nearest,30,15.904468,6.755833,24.349750,a_worse
rtt_weighted_vs_best_baseline,0.25,rtt_weighted_w10_d0.25,nearest,30,-22.966221,-31.239459,-15.198950,a_cheaper
rtt_weighted_vs_best_baseline,0.25,rtt_weighted_w10_d0.5,nearest,30,-26.070662,-34.292475,-18.297595,a_cheaper
rtt_weighted_vs_best_baseline,0.25,rtt_weighted_w10_d1,nearest,30,-29.979232,-38.259490,-22.076439,a_cheaper
rtt_weighted_vs_best_baseline,0.25,rtt_weighted_w10_d2,nearest,30,-33.748488,-42.008538,-25.730980,a_cheaper
rtt_weighted_vs_best_baseline,0.25,rtt_weighted_w10_d5,nearest,30,-38.230834,-47.373828,-29.630895,a_cheaper
rtt_weighted_vs_best_baseline,0.25,rtt_weighted_w10_d10,nearest,30,-18.992507,-28.781766,-9.800054,a_cheaper
rtt_weighted_vs_best_baseline,0.25,rtt_weighted_w20_d0,nearest,30,-14.668345,-23.870969,-5.815064,a_cheaper
rtt_weighted_vs_best_baseline,0.25,rtt_weighted_w20_d0.25,nearest,30,-36.178121,-44.494821,-28.068803,a_cheaper
rtt_weighted_vs_best_baseline,0.25,rtt_weighted_w20_d0.5,nearest,30,-37.557849,-45.939415,-29.391209,a_cheaper
rtt_weighted_vs_best_baseline,0.25,rtt_weighted_w20_d1,nearest,30,-39.241704,-47.810894,-31.012598,a_cheaper
rtt_weighted_vs_best_baseline,0.25,rtt_weighted_w20_d2,nearest,30,-39.136420,-47.552142,-31.105905,a_cheaper
rtt_weighted_vs_best_baseline,0.25,rtt_weighted_w20_d5,nearest,30,-40.281649,-49.175549,-31.694115,a_cheaper
rtt_weighted_vs_best_baseline,0.25,rtt_weighted_w20_d10,nearest,30,-42.984763,-51.756785,-34.635117,a_cheaper
rtt_weighted_vs_best_baseline,0.25,rtt_weighted_w30_d0,nearest,30,-25.049641,-34.687245,-15.707002,a_cheaper
rtt_weighted_vs_best_baseline,0.25,rtt_weighted_w30_d0.25,nearest,30,-40.256848,-49.034332,-31.672948,a_cheaper
rtt_weighted_vs_best_baseline,0.25,rtt_weighted_w30_d0.5,nearest,30,-41.335511,-50.086327,-32.886519,a_cheaper
rtt_weighted_vs_best_baseline,0.25,rtt_weighted_w30_d1,nearest,30,-42.514943,-51.141046,-34.232966,a_cheaper
rtt_weighted_vs_best_baseline,0.25,rtt_weighted_w30_d2,nearest,30,-42.594122,-51.122965,-34.287710,a_cheaper
rtt_weighted_vs_best_baseline,0.25,rtt_weighted_w30_d5,nearest,30,-42.740600,-51.667323,-34.162658,a_cheaper
rtt_weighted_vs_best_baseline,0.25,rtt_weighted_w30_d10,nearest,30,-44.286667,-52.981043,-35.934826,a_cheaper
rtt_weighted_vs_best_baseline,0.25,rtt_weighted_w100_d0,nearest,30,-45.743382,-55.718955,-36.048186,a_cheaper
rtt_weighted_vs_best_baseline,0.25,rtt_weighted_w100_d0.25,nearest,30,-52.005126,-61.466591,-42.766140,a_cheaper
rtt_weighted_vs_best_baseline,0.25,rtt_weighted_w100_d0.5,nearest,30,-52.278933,-61.723567,-42.963600,a_cheaper
rtt_weighted_vs_best_baseline,0.25,rtt_weighted_w100_d1,nearest,30,-52.814463,-62.265379,-43.598889,a_cheaper
rtt_weighted_vs_best_baseline,0.25,rtt_weighted_w100_d2,nearest,30,-52.734342,-61.932679,-43.748041,a_cheaper
rtt_weighted_vs_best_baseline,0.25,rtt_weighted_w100_d5,nearest,30,-51.102736,-60.554250,-41.906476,a_cheaper
rtt_weighted_vs_best_baseline,0.25,rtt_weighted_w100_d10,nearest,30,-50.147308,-59.258382,-41.061148,a_cheaper
best_rtt_weighted_vs_best_demand_argmax,0.25,rtt_weighted_w100_d1,demand_argmax_w5_d5,30,-54.440263,-62.727375,-46.216347,a_cheaper
demand_argmax_vs_best_baseline,0.25,demand_argmax_w5_d0,nearest,30,88.737385,81.272710,96.489961,a_worse
demand_argmax_vs_best_baseline,0.25,demand_argmax_w5_d0.25,nearest,30,35.834730,28.965392,42.940866,a_worse
demand_argmax_vs_best_baseline,0.25,demand_argmax_w5_d0.5,nearest,30,27.559869,20.546737,34.845181,a_worse
demand_argmax_vs_best_baseline,0.25,demand_argmax_w5_d1,nearest,30,16.788120,9.914945,23.711352,a_worse
demand_argmax_vs_best_baseline,0.25,demand_argmax_w5_d2,nearest,30,7.985194,1.488529,14.516338,a_worse
demand_argmax_vs_best_baseline,0.25,demand_argmax_w5_d5,nearest,30,1.625800,-5.792926,9.141408,not_significant
demand_argmax_vs_best_baseline,0.25,demand_argmax_w5_d10,nearest,30,2.466364,-5.841317,11.451200,not_significant
demand_argmax_vs_best_baseline,0.25,demand_argmax_w10_d0,nearest,30,43.571280,36.353809,50.943678,a_worse
demand_argmax_vs_best_baseline,0.25,demand_argmax_w10_d0.25,nearest,30,16.314215,9.041143,23.774059,a_worse
demand_argmax_vs_best_baseline,0.25,demand_argmax_w10_d0.5,nearest,30,12.752278,5.721598,19.878957,a_worse
demand_argmax_vs_best_baseline,0.25,demand_argmax_w10_d1,nearest,30,8.909325,1.788788,16.063547,a_worse
demand_argmax_vs_best_baseline,0.25,demand_argmax_w10_d2,nearest,30,7.773359,0.711125,14.910632,a_worse
demand_argmax_vs_best_baseline,0.25,demand_argmax_w10_d5,nearest,30,7.564130,0.060242,14.827301,a_worse
demand_argmax_vs_best_baseline,0.25,demand_argmax_w10_d10,nearest,30,2.174410,-5.916661,10.060915,not_significant
demand_argmax_vs_best_baseline,0.25,demand_argmax_w20_d0,nearest,30,18.422678,11.382383,25.583527,a_worse
demand_argmax_vs_best_baseline,0.25,demand_argmax_w20_d0.25,nearest,30,9.532040,2.597398,16.595689,a_worse
demand_argmax_vs_best_baseline,0.25,demand_argmax_w20_d0.5,nearest,30,8.872751,1.908110,16.001291,a_worse
demand_argmax_vs_best_baseline,0.25,demand_argmax_w20_d1,nearest,30,8.242399,1.232282,15.425253,a_worse
demand_argmax_vs_best_baseline,0.25,demand_argmax_w20_d2,nearest,30,9.863429,2.786361,17.066683,a_worse
demand_argmax_vs_best_baseline,0.25,demand_argmax_w20_d5,nearest,30,12.499241,5.104597,19.821542,a_worse
demand_argmax_vs_best_baseline,0.25,demand_argmax_w20_d10,nearest,30,5.392611,-1.740271,12.512645,not_significant
demand_argmax_vs_best_baseline,0.25,demand_argmax_w30_d0,nearest,30,16.382027,9.111582,23.684181,a_worse
demand_argmax_vs_best_baseline,0.25,demand_argmax_w30_d0.25,nearest,30,11.260821,4.067871,18.565341,a_worse
demand_argmax_vs_best_baseline,0.25,demand_argmax_w30_d0.5,nearest,30,11.198468,4.037371,18.502241,a_worse
demand_argmax_vs_best_baseline,0.25,demand_argmax_w30_d1,nearest,30,11.223988,4.001770,18.527547,a_worse
demand_argmax_vs_best_baseline,0.25,demand_argmax_w30_d2,nearest,30,12.538685,5.452100,19.785848,a_worse
demand_argmax_vs_best_baseline,0.25,demand_argmax_w30_d5,nearest,30,13.848471,6.698313,21.149548,a_worse
demand_argmax_vs_best_baseline,0.25,demand_argmax_w30_d10,nearest,30,8.807913,2.198755,15.453975,a_worse
demand_argmax_vs_best_baseline,0.25,demand_argmax_w100_d0,nearest,30,14.497141,7.045675,21.997217,a_worse
demand_argmax_vs_best_baseline,0.25,demand_argmax_w100_d0.25,nearest,30,10.832561,3.210469,18.410721,a_worse
demand_argmax_vs_best_baseline,0.25,demand_argmax_w100_d0.5,nearest,30,10.036450,2.417940,17.601997,a_worse
demand_argmax_vs_best_baseline,0.25,demand_argmax_w100_d1,nearest,30,9.078825,1.424138,16.633556,a_worse
demand_argmax_vs_best_baseline,0.25,demand_argmax_w100_d2,nearest,30,8.801942,1.221200,16.296835,a_worse
demand_argmax_vs_best_baseline,0.25,demand_argmax_w100_d5,nearest,30,7.428929,0.092008,14.726470,a_worse
demand_argmax_vs_best_baseline,0.25,demand_argmax_w100_d10,nearest,30,5.559618,-1.570434,12.625513,not_significant
best_demand_argmax_vs_best_baseline,0.25,demand_argmax_w5_d5,nearest,30,1.625800,-5.792926,9.141408,not_significant
