dataset_id,scenario,seed,policy_id,total_requests,mean_latency_ms,median_latency_ms,p95_latency_ms,max_latency_ms,migration_count,migration_rate_per_second,migration_rate_per_request,migration_bytes_total,mean_holding_time_s,total_network_traffic_bytes,max_requests_per_peer,request_imbalance
small-burst-seed-001,burst,1,engagement_aware_r1500_g05_d2,358,91.865333,89.610010,193.824434,201.343616,5,0.083333,0.013966,20480,22.500000,112128,96,2.681564
small-burst-seed-001,burst,1,engagement_aware_r250_g05_d2,358,93.030507,76.356062,188.415484,193.824434,3,0.050000,0.008380,12288,30.000000,103936,121,3.379888
small-burst-seed-001,burst,1,engagement_aware_r500_g03_d0,358,86.142689,64.811291,188.415484,193.824434,5,0.083333,0.013966,20480,22.500000,112128,119,3.324022
small-burst-seed-001,burst,1,engagement_aware_r500_g05_d2,358,93.030507,76.356062,188.415484,193.824434,3,0.050000,0.008380,12288,30.000000,103936,121,3.379888
small-burst-seed-001,burst,1,interaction_aware_w10,358,75.792629,64.542106,188.415484,201.343616,61,1.016667,0.170391,249856,2.812500,341504,76,2.122905
small-burst-seed-001,burst,1,interaction_aware_w50,358,85.298688,88.435479,188.415484,201.343616,28,0.466667,0.078212,114688,5.806452,206336,95,2.653631
small-burst-seed-001,burst,1,lowest_rtt_all,358,72.791467,58.969338,162.522671,193.824434,40,0.666667,0.111732,163840,4.186047,255488,155,4.329609
small-burst-seed-001,burst,1,lowest_rtt_t10s,358,74.033359,58.969338,182.673446,201.343616,60,1.000000,0.167598,245760,2.857143,337408,119,3.324022
small-burst-seed-001,burst,1,lowest_rtt_w1,358,77.021130,64.811291,188.415484,201.343616,277,4.616667,0.773743,1134592,0.642857,1226240,52,1.452514
small-burst-seed-001,burst,1,lowest_rtt_w10,358,70.707936,59.856012,180.902468,201.343616,99,1.650000,0.276536,405504,1.764706,497152,85,2.374302
small-burst-seed-001,burst,1,lowest_rtt_w50,358,74.142809,59.856012,162.522671,193.824434,34,0.566667,0.094972,139264,4.864865,230912,155,4.329609
small-burst-seed-001,burst,1,nearest_h0,358,93.030507,76.356062,188.415484,193.824434,3,0.050000,0.008380,12288,30.000000,103936,121,3.379888
small-burst-seed-001,burst,1,nearest_h5,358,94.967830,85.290031,188.415484,201.343616,3,0.050000,0.008380,12288,30.000000,103936,109,3.044693
small-burst-seed-001,burst,1,oracle_a0,358,2.962835,2.000000,2.000000,193.824434,274,4.566667,0.765363,1122304,0.649819,1213952,52,1.452514
small-burst-seed-001,burst,1,oracle_a1,358,29.943684,16.774675,89.610010,193.824434,116,1.933333,0.324022,475136,1.512605,566784,81,2.262570
small-burst-seed-001,burst,1,oracle_a10,358,62.873543,58.085796,147.904841,193.824434,8,0.133333,0.022346,32768,16.363636,124416,160,4.469274
small-burst-seed-001,burst,1,static,358,118.599581,127.759990,193.824434,201.343616,0,0.000000,0.000000,0,60.000000,91648,122,3.407821
small-burst-seed-002,burst,2,engagement_aware_r1500_g05_d2,373,90.716334,91.776685,184.888447,195.394846,3,0.050000,0.008043,12288,30.000000,107776,97,2.600536
small-burst-seed-002,burst,2,engagement_aware_r250_g05_d2,373,113.544541,124.128738,188.027506,188.027506,1,0.016667,0.002681,4096,45.000000,99584,372,9.973190
small-burst-seed-002,burst,2,engagement_aware_r500_g03_d0,373,97.659567,91.776685,188.279247,195.394846,18,0.300000,0.048257,73728,8.571429,169216,163,4.369973
small-burst-seed-002,burst,2,engagement_aware_r500_g05_d2,373,96.523540,91.776685,188.656859,195.394846,4,0.066667,0.010724,16384,25.714286,111872,156,4.182306
small-burst-seed-002,burst,2,interaction_aware_w10,373,86.282838,86.879301,188.027506,195.394846,88,1.466667,0.235925,360448,1.978022,455936,76,2.037534
small-burst-seed-002,burst,2,interaction_aware_w50,373,86.854701,91.776685,173.737418,195.394846,43,0.716667,0.115282,176128,3.913043,271616,100,2.680965
small-burst-seed-002,burst,2,lowest_rtt_all,373,70.982838,67.477678,155.470547,188.027506,40,0.666667,0.107239,163840,4.186047,259328,200,5.361930
small-burst-seed-002,burst,2,lowest_rtt_t10s,373,70.512335,63.571449,155.470547,188.027506,61,1.016667,0.163539,249856,2.812500,345344,187,5.013405
small-burst-seed-002,burst,2,lowest_rtt_w1,373,86.277733,86.879301,188.027506,195.394846,303,5.050000,0.812332,1241088,0.588235,1336576,47,1.260054
small-burst-seed-002,burst,2,lowest_rtt_w10,373,67.477737,59.742029,155.470547,188.027506,80,1.333333,0.214477,327680,2.168675,423168,147,3.941019
small-burst-seed-002,burst,2,lowest_rtt_w50,373,69.678095,67.477678,155.470547,188.027506,36,0.600000,0.096515,147456,4.615385,242944,201,5.388740
small-burst-seed-002,burst,2,nearest_h0,373,111.368994,117.991015,188.656859,188.656859,3,0.050000,0.008043,12288,30.000000,107776,265,7.104558
small-burst-seed-002,burst,2,nearest_h5,373,111.278952,117.991015,188.656859,195.394846,3,0.050000,0.008043,12288,30.000000,107776,236,6.327078
small-burst-seed-002,burst,2,oracle_a0,373,2.845263,2.000000,2.000000,166.673671,300,5.000000,0.804290,1228800,0.594059,1324288,48,1.286863
small-burst-seed-002,burst,2,oracle_a1,373,27.511758,12.705802,86.879301,166.673671,159,2.650000,0.426273,651264,1.111111,746752,116,3.109920
small-burst-seed-002,burst,2,oracle_a10,373,48.388099,33.478139,126.315017,188.027506,25,0.416667,0.067024,102400,6.428571,197888,209,5.603217
small-burst-seed-002,burst,2,static,373,112.963053,124.128738,188.027506,195.394846,0,0.000000,0.000000,0,60.000000,95488,267,7.158177
small-burst-seed-003,burst,3,engagement_aware_r1500_g05_d2,329,88.090013,64.562781,192.730649,199.743914,5,0.083333,0.015198,20480,22.500000,104704,117,3.556231
small-burst-seed-003,burst,3,engagement_aware_r250_g05_d2,329,103.954281,109.656812,192.547957,199.743914,4,0.066667,0.012158,16384,25.714286,100608,107,3.252280
small-burst-seed-003,burst,3,engagement_aware_r500_g03_d0,329,91.405676,70.840332,192.273920,199.743914,21,0.350000,0.063830,86016,7.500000,170240,94,2.857143
small-burst-seed-003,burst,3,engagement_aware_r500_g05_d2,329,96.919552,94.757752,192.273920,199.743914,2,0.033333,0.006079,8192,36.000000,92416,108,3.282675
small-burst-seed-003,burst,3,interaction_aware_w10,329,90.054193,81.318883,192.730649,199.743914,74,1.233333,0.224924,303104,2.337662,387328,58,1.762918
small-burst-seed-003,burst,3,interaction_aware_w50,329,89.222259,69.534062,192.273920,199.743914,28,0.466667,0.085106,114688,5.806452,198912,79,2.401216
small-burst-seed-003,burst,3,lowest_rtt_all,329,58.633999,53.183369,109.656812,192.273920,7,0.116667,0.021277,28672,18.000000,112896,313,9.513678
small-burst-seed-003,burst,3,lowest_rtt_t10s,329,64.324838,54.409413,136.648329,192.730649,36,0.600000,0.109422,147456,4.615385,231680,212,6.443769
small-burst-seed-003,burst,3,lowest_rtt_w1,329,83.941405,70.840332,192.547957,199.743914,256,4.266667,0.778116,1048576,0.694981,1132800,49,1.489362
small-burst-seed-003,burst,3,lowest_rtt_w10,329,60.758423,53.183369,147.900134,199.743914,57,0.950000,0.173252,233472,3.000000,317696,195,5.927052
small-burst-seed-003,burst,3,lowest_rtt_w50,329,59.339963,53.183369,109.656812,192.273920,14,0.233333,0.042553,57344,10.588235,141568,284,8.632219
small-burst-seed-003,burst,3,nearest_h0,329,101.637258,95.705974,192.273920,192.730649,3,0.050000,0.009119,12288,30.000000,96512,118,3.586626
small-burst-seed-003,burst,3,nearest_h5,329,99.862965,94.757752,192.273920,199.743914,3,0.050000,0.009119,12288,30.000000,96512,109,3.313070
small-burst-seed-003,burst,3,oracle_a0,329,3.236485,2.000000,2.000000,148.153871,253,4.216667,0.768997,1036288,0.703125,1120512,50,1.519757
small-burst-seed-003,burst,3,oracle_a1,329,26.282310,24.189066,81.318883,148.153871,121,2.016667,0.367781,495616,1.451613,579840,130,3.951368
small-burst-seed-003,burst,3,oracle_a10,329,52.996054,53.183369,109.656812,158.901090,7,0.116667,0.021277,28672,18.000000,112896,296,8.996960
small-burst-seed-003,burst,3,static,329,80.724937,56.197805,182.156816,199.743914,0,0.000000,0.000000,0,60.000000,84224,119,3.617021
small-concentrated-seed-001,concentrated,1,engagement_aware_r1500_g05_d2,358,34.720780,2.000000,192.868599,201.343616,1,0.016667,0.002793,4096,45.000000,95744,122,3.407821
small-concentrated-seed-001,concentrated,1,engagement_aware_r250_g05_d2,358,74.488897,72.641029,149.961300,201.343616,3,0.050000,0.008380,12288,30.000000,103936,121,3.379888
small-concentrated-seed-001,concentrated,1,engagement_aware_r500_g03_d0,358,74.488897,72.641029,149.961300,201.343616,3,0.050000,0.008380,12288,30.000000,103936,121,3.379888
small-concentrated-seed-001,concentrated,1,engagement_aware_r500_g05_d2,358,74.488897,72.641029,149.961300,201.343616,3,0.050000,0.008380,12288,30.000000,103936,121,3.379888
small-concentrated-seed-001,concentrated,1,interaction_aware_w10,358,34.430682,2.000000,192.868599,201.343616,4,0.066667,0.011173,16384,25.714286,108032,123,3.435754
small-concentrated-seed-001,concentrated,1,interaction_aware_w50,358,34.430682,2.000000,192.868599,201.343616,4,0.066667,0.011173,16384,25.714286,108032,123,3.435754
small-concentrated-seed-001,concentrated,1,lowest_rtt_all,358,34.658567,2.000000,192.868599,201.343616,6,0.100000,0.016760,24576,20.000000,116224,123,3.435754
small-concentrated-seed-001,concentrated,1,lowest_rtt_t10s,358,35.739100,2.000000,192.868599,201.343616,21,0.350000,0.058659,86016,7.500000,177664,114,3.184358
small-concentrated-seed-001,concentrated,1,lowest_rtt_w1,358,55.199807,2.000000,193.824434,201.343616,169,2.816667,0.472067,692224,1.046512,783872,97,2.709497
small-concentrated-seed-001,concentrated,1,lowest_rtt_w10,358,36.520903,2.000000,192.868599,201.343616,28,0.466667,0.078212,114688,5.806452,206336,111,3.100559
small-concentrated-seed-001,concentrated,1,lowest_rtt_w50,358,34.658567,2.000000,192.868599,201.343616,6,0.100000,0.016760,24576,20.000000,116224,123,3.435754
small-concentrated-seed-001,concentrated,1,nearest_h0,358,74.488897,72.641029,149.961300,201.343616,3,0.050000,0.008380,12288,30.000000,103936,121,3.379888
small-concentrated-seed-001,concentrated,1,nearest_h5,358,71.340065,72.641029,150.821601,201.343616,3,0.050000,0.008380,12288,30.000000,103936,109,3.044693
small-concentrated-seed-001,concentrated,1,oracle_a0,358,2.684721,2.000000,2.000000,201.343616,166,2.766667,0.463687,679936,1.065089,771584,98,2.737430
small-concentrated-seed-001,concentrated,1,oracle_a1,358,23.424336,2.000000,127.759990,201.343616,50,0.833333,0.139665,204800,3.396226,296448,106,2.960894
small-concentrated-seed-001,concentrated,1,oracle_a10,358,33.296896,2.000000,192.868599,201.343616,1,0.016667,0.002793,4096,45.000000,95744,122,3.407821
small-concentrated-seed-001,concentrated,1,static,358,50.904181,2.000000,192.868599,201.343616,0,0.000000,0.000000,0,60.000000,91648,122,3.407821
small-concentrated-seed-002,concentrated,2,engagement_aware_r1500_g05_d2,373,27.383683,2.000000,140.903236,188.656859,3,0.050000,0.008043,12288,30.000000,107776,125,3.351206
small-concentrated-seed-002,concentrated,2,engagement_aware_r250_g05_d2,373,120.739029,124.128738,188.027506,188.027506,1,0.016667,0.002681,4096,45.000000,99584,372,9.973190
small-concentrated-seed-002,concentrated,2,engagement_aware_r500_g03_d0,373,79.027723,67.477678,184.757355,195.394846,2,0.033333,0.005362,8192,36.000000,103680,234,6.273458
small-concentrated-seed-002,concentrated,2,engagement_aware_r500_g05_d2,373,79.027723,67.477678,184.757355,195.394846,2,0.033333,0.005362,8192,36.000000,103680,234,6.273458
small-concentrated-seed-002,concentrated,2,interaction_aware_w10,373,22.689058,2.000000,140.903236,188.656859,5,0.083333,0.013405,20480,22.500000,115968,133,3.565684
small-concentrated-seed-002,concentrated,2,interaction_aware_w50,373,22.689058,2.000000,140.903236,188.656859,5,0.083333,0.013405,20480,22.500000,115968,133,3.565684
small-concentrated-seed-002,concentrated,2,lowest_rtt_all,373,23.158144,2.000000,140.903236,188.656859,9,0.150000,0.024129,36864,15.000000,132352,130,3.485255
small-concentrated-seed-002,concentrated,2,lowest_rtt_t10s,373,24.921719,2.000000,140.903236,188.656859,18,0.300000,0.048257,73728,8.571429,169216,130,3.485255
small-concentrated-seed-002,concentrated,2,lowest_rtt_w1,373,38.520016,2.000000,155.470547,188.656859,154,2.566667,0.412869,630784,1.146497,726272,110,2.949062
small-concentrated-seed-002,concentrated,2,lowest_rtt_w10,373,26.019162,2.000000,140.903236,188.656859,31,0.516667,0.083110,126976,5.294118,222464,130,3.485255
small-concentrated-seed-002,concentrated,2,lowest_rtt_w50,373,23.158144,2.000000,140.903236,188.656859,9,0.150000,0.024129,36864,15.000000,132352,130,3.485255
small-concentrated-seed-002,concentrated,2,nearest_h0,373,104.845825,134.384601,188.027506,188.656859,3,0.050000,0.008043,12288,30.000000,107776,265,7.104558
small-concentrated-seed-002,concentrated,2,nearest_h5,373,103.226243,134.384601,188.027506,188.656859,3,0.050000,0.008043,12288,30.000000,107776,236,6.327078
small-concentrated-seed-002,concentrated,2,oracle_a0,373,3.154324,2.000000,2.000000,188.027506,152,2.533333,0.407507,622592,1.161290,718080,112,3.002681
small-concentrated-seed-002,concentrated,2,oracle_a1,373,14.018196,2.000000,76.038911,188.027506,61,1.016667,0.163539,249856,2.812500,345344,123,3.297587
small-concentrated-seed-002,concentrated,2,oracle_a10,373,22.044212,2.000000,134.384601,188.656859,8,0.133333,0.021448,32768,16.363636,128256,131,3.512064
small-concentrated-seed-002,concentrated,2,static,373,95.131955,67.477678,185.085086,195.394846,0,0.000000,0.000000,0,60.000000,95488,267,7.158177
small-concentrated-seed-003,concentrated,3,engagement_aware_r1500_g05_d2,329,31.351889,2.000000,164.062864,199.743914,3,0.050000,0.009119,12288,30.000000,96512,112,3.404255
small-concentrated-seed-003,concentrated,3,engagement_aware_r250_g05_d2,329,105.042896,146.781137,186.923839,199.743914,3,0.050000,0.009119,12288,30.000000,96512,118,3.586626
small-concentrated-seed-003,concentrated,3,engagement_aware_r500_g03_d0,329,70.713912,2.000000,186.923839,199.743914,4,0.066667,0.012158,16384,25.714286,100608,117,3.556231
small-concentrated-seed-003,concentrated,3,engagement_aware_r500_g05_d2,329,71.974231,2.000000,186.923839,199.743914,3,0.050000,0.009119,12288,30.000000,96512,112,3.404255
small-concentrated-seed-003,concentrated,3,interaction_aware_w10,329,30.209412,2.000000,164.062864,199.743914,4,0.066667,0.012158,16384,25.714286,100608,117,3.556231
small-concentrated-seed-003,concentrated,3,interaction_aware_w50,329,30.209412,2.000000,164.062864,199.743914,4,0.066667,0.012158,16384,25.714286,100608,117,3.556231
small-concentrated-seed-003,concentrated,3,lowest_rtt_all,329,31.323263,19.166422,135.953176,199.743914,20,0.333333,0.060790,81920,7.826087,166144,146,4.437690
small-concentrated-seed-003,concentrated,3,lowest_rtt_t10s,329,30.727050,2.000000,146.781137,199.743914,28,0.466667,0.085106,114688,5.806452,198912,117,3.556231
small-concentrated-seed-003,concentrated,3,lowest_rtt_w1,329,52.051909,2.000000,192.730649,199.743914,143,2.383333,0.434650,585728,1.232877,669952,95,2.887538
small-concentrated-seed-003,concentrated,3,lowest_rtt_w10,329,31.350712,2.000000,147.519529,199.743914,39,0.650000,0.118541,159744,4.285714,243968,115,3.495441
small-concentrated-seed-003,concentrated,3,lowest_rtt_w50,329,31.525824,19.166422,146.781137,199.743914,28,0.466667,0.085106,114688,5.806452,198912,122,3.708207
small-concentrated-seed-003,concentrated,3,nearest_h0,329,105.042896,146.781137,186.923839,199.743914,3,0.050000,0.009119,12288,30.000000,96512,118,3.586626
small-concentrated-seed-003,concentrated,3,nearest_h5,329,105.524232,146.781137,186.923839,199.743914,3,0.050000,0.009119,12288,30.000000,96512,109,3.313070
small-concentrated-seed-003,concentrated,3,oracle_a0,329,3.208089,2.000000,2.000000,199.743914,140,2.333333,0.425532,573440,1.258741,657664,96,2.917933
small-concentrated-seed-003,concentrated,3,oracle_a1,329,14.645201,2.000000,61.018719,199.743914,82,1.366667,0.249240,335872,2.117647,420096,101,3.069909
small-concentrated-seed-003,concentrated,3,oracle_a10,329,27.481993,19.166422,118.907787,199.743914,5,0.083333,0.015198,20480,22.500000,104704,145,4.407295
small-concentrated-seed-003,concentrated,3,static,329,119.921070,147.519529,199.743914,199.743914,0,0.000000,0.000000,0,60.000000,84224,119,3.617021
small-shifting-seed-001,shifting,1,engagement_aware_r1500_g05_d2,358,48.509528,2.000000,188.415484,201.343616,9,0.150000,0.025140,36864,15.000000,128512,88,2.458101
small-shifting-seed-001,shifting,1,engagement_aware_r250_g05_d2,358,75.192775,64.542106,182.673446,188.415484,4,0.066667,0.011173,16384,25.714286,108032,119,3.324022
small-shifting-seed-001,shifting,1,engagement_aware_r500_g03_d0,358,59.550737,58.527567,182.673446,188.415484,5,0.083333,0.013966,20480,22.500000,112128,119,3.324022
small-shifting-seed-001,shifting,1,engagement_aware_r500_g05_d2,358,62.890104,59.856012,182.673446,188.415484,5,0.083333,0.013966,20480,22.500000,112128,119,3.324022
small-shifting-seed-001,shifting,1,interaction_aware_w10,358,29.438107,2.000000,182.673446,201.343616,11,0.183333,0.030726,45056,12.857143,136704,92,2.569832
small-shifting-seed-001,shifting,1,interaction_aware_w50,358,68.849346,16.774675,201.343616,201.343616,11,0.183333,0.030726,45056,12.857143,136704,111,3.100559
small-shifting-seed-001,shifting,1,lowest_rtt_all,358,64.101203,30.315786,180.902468,192.868599,10,0.166667,0.027933,40960,13.846154,132608,161,4.497207
small-shifting-seed-001,shifting,1,lowest_rtt_t10s,358,36.587326,2.000000,181.168115,201.343616,19,0.316667,0.053073,77824,8.181818,169472,85,2.374302
small-shifting-seed-001,shifting,1,lowest_rtt_w1,358,29.723833,2.000000,180.902468,201.343616,93,1.550000,0.259777,380928,1.875000,472576,79,2.206704
small-shifting-seed-001,shifting,1,lowest_rtt_w10,358,25.777263,2.000000,180.902468,201.343616,18,0.300000,0.050279,73728,8.571429,165376,85,2.374302
small-shifting-seed-001,shifting,1,lowest_rtt_w50,358,59.509904,30.315786,188.415484,201.343616,21,0.350000,0.058659,86016,7.500000,177664,105,2.932961
small-shifting-seed-001,shifting,1,nearest_h0,358,85.495327,64.542106,182.673446,188.415484,3,0.050000,0.008380,12288,30.000000,103936,121,3.379888
small-shifting-seed-001,shifting,1,nearest_h5,358,91.840967,76.356062,182.673446,188.415484,3,0.050000,0.008380,12288,30.000000,103936,109,3.044693
small-shifting-seed-001,shifting,1,oracle_a0,358,3.215405,2.000000,2.000000,180.902468,91,1.516667,0.254190,372736,1.914894,464384,78,2.178771
small-shifting-seed-001,shifting,1,oracle_a1,358,11.900826,2.000000,70.736069,201.343616,44,0.733333,0.122905,180224,3.829787,271872,80,2.234637
small-shifting-seed-001,shifting,1,oracle_a10,358,16.337947,2.000000,110.251206,201.343616,22,0.366667,0.061453,90112,7.200000,181760,80,2.234637
small-shifting-seed-001,shifting,1,static,358,125.545391,149.961300,201.343616,201.343616,0,0.000000,0.000000,0,60.000000,91648,122,3.407821
small-shifting-seed-002,shifting,2,engagement_aware_r1500_g05_d2,373,38.206223,2.000000,181.057720,188.656859,9,0.150000,0.024129,36864,15.000000,132352,84,2.252011
small-shifting-seed-002,shifting,2,engagement_aware_r250_g05_d2,373,118.354977,125.871876,188.027506,188.656859,1,0.016667,0.002681,4096,45.000000,99584,372,9.973190
small-shifting-seed-002,shifting,2,engagement_aware_r500_g03_d0,373,103.023486,117.991015,184.757355,188.656859,8,0.133333,0.021448,32768,16.363636,128256,257,6.890080
small-shifting-seed-002,shifting,2,engagement_aware_r500_g05_d2,373,108.027862,134.384601,188.656859,188.656859,8,0.133333,0.021448,32768,16.363636,128256,257,6.890080
small-shifting-seed-002,shifting,2,interaction_aware_w10,373,26.274847,2.000000,169.879984,188.656859,11,0.183333,0.029491,45056,12.857143,140544,92,2.466488
small-shifting-seed-002,shifting,2,interaction_aware_w50,373,46.356010,2.000000,169.879984,188.656859,11,0.183333,0.029491,45056,12.857143,140544,91,2.439678
small-shifting-seed-002,shifting,2,lowest_rtt_all,373,50.837068,53.109442,155.470547,188.656859,13,0.216667,0.034853,53248,11.250000,148736,117,3.136729
small-shifting-seed-002,shifting,2,lowest_rtt_t10s,373,27.430010,2.000000,159.951797,188.656859,18,0.300000,0.048257,73728,8.571429,169216,89,2.386059
small-shifting-seed-002,shifting,2,lowest_rtt_w1,373,31.596841,2.000000,181.057720,188.656859,97,1.616667,0.260054,397312,1.800000,492800,86,2.305630
small-shifting-seed-002,shifting,2,lowest_rtt_w10,373,24.924415,2.000000,155.470547,188.656859,23,0.383333,0.061662,94208,6.923077,189696,93,2.493298
small-shifting-seed-002,shifting,2,lowest_rtt_w50,373,36.301593,12.705802,155.470547,188.656859,17,0.283333,0.045576,69632,9.000000,165120,92,2.466488
small-shifting-seed-002,shifting,2,nearest_h0,373,111.267897,91.776685,188.656859,188.656859,3,0.050000,0.008043,12288,30.000000,107776,265,7.104558
small-shifting-seed-002,shifting,2,nearest_h5,373,117.316593,134.384601,188.656859,188.656859,3,0.050000,0.008043,12288,30.000000,107776,236,6.327078
small-shifting-seed-002,shifting,2,oracle_a0,373,3.312564,2.000000,2.000000,188.656859,95,1.583333,0.254692,389120,1.836735,484608,86,2.305630
small-shifting-seed-002,shifting,2,oracle_a1,373,11.056038,2.000000,63.571449,188.656859,59,0.983333,0.158177,241664,2.903226,337152,87,2.332440
small-shifting-seed-002,shifting,2,oracle_a10,373,20.435972,2.000000,124.128738,188.656859,17,0.283333,0.045576,69632,9.000000,165120,92,2.466488
small-shifting-seed-002,shifting,2,static,373,137.524947,140.903236,188.656859,195.394846,0,0.000000,0.000000,0,60.000000,95488,267,7.158177
small-shifting-seed-003,shifting,3,engagement_aware_r1500_g05_d2,329,34.948114,2.000000,158.901090,199.743914,9,0.150000,0.027356,36864,15.000000,121088,97,2.948328
small-shifting-seed-003,shifting,3,engagement_aware_r250_g05_d2,329,108.460020,114.931686,191.730185,199.743914,4,0.066667,0.012158,16384,25.714286,100608,107,3.252280
small-shifting-seed-003,shifting,3,engagement_aware_r500_g03_d0,329,58.830445,27.055421,186.923839,199.743914,6,0.100000,0.018237,24576,20.000000,108800,101,3.069909
small-shifting-seed-003,shifting,3,engagement_aware_r500_g05_d2,329,63.156976,27.055421,186.923839,199.743914,6,0.100000,0.018237,24576,20.000000,108800,101,3.069909
small-shifting-seed-003,shifting,3,interaction_aware_w10,329,27.635965,2.000000,147.519529,199.743914,9,0.150000,0.027356,36864,15.000000,121088,99,3.009119
small-shifting-seed-003,shifting,3,interaction_aware_w50,329,61.612914,52.404019,158.901090,199.743914,9,0.150000,0.027356,36864,15.000000,121088,106,3.221884
small-shifting-seed-003,shifting,3,lowest_rtt_all,329,49.026447,53.183369,158.901090,199.743914,11,0.183333,0.033435,45056,12.857143,129280,153,4.650456
small-shifting-seed-003,shifting,3,lowest_rtt_t10s,329,31.180278,2.000000,147.981037,199.743914,21,0.350000,0.063830,86016,7.500000,170240,76,2.310030
small-shifting-seed-003,shifting,3,lowest_rtt_w1,329,31.741166,2.000000,158.901090,199.743914,87,1.450000,0.264438,356352,2.000000,440576,88,2.674772
small-shifting-seed-003,shifting,3,lowest_rtt_w10,329,26.006074,2.000000,147.519529,199.743914,25,0.416667,0.075988,102400,6.428571,186624,75,2.279635
small-shifting-seed-003,shifting,3,lowest_rtt_w50,329,42.908488,32.494498,154.602202,199.743914,14,0.233333,0.042553,57344,10.588235,141568,150,4.559271
small-shifting-seed-003,shifting,3,nearest_h0,329,130.219236,146.781137,192.730649,199.743914,3,0.050000,0.009119,12288,30.000000,96512,118,3.586626
small-shifting-seed-003,shifting,3,nearest_h5,329,128.993029,146.781137,192.730649,199.743914,3,0.050000,0.009119,12288,30.000000,96512,109,3.313070
small-shifting-seed-003,shifting,3,oracle_a0,329,3.119510,2.000000,2.000000,199.743914,85,1.416667,0.258359,348160,2.045455,432384,88,2.674772
small-shifting-seed-003,shifting,3,oracle_a1,329,10.922323,2.000000,53.183369,199.743914,56,0.933333,0.170213,229376,3.050847,313600,83,2.522796
small-shifting-seed-003,shifting,3,oracle_a10,329,17.862005,2.000000,114.931686,199.743914,16,0.266667,0.048632,65536,9.473684,149760,72,2.188450
small-shifting-seed-003,shifting,3,static,329,93.539024,94.757752,199.743914,199.743914,0,0.000000,0.000000,0,60.000000,84224,119,3.617021
small-uniform-seed-001,uniform,1,engagement_aware_r1500_g05_d2,358,108.135954,105.275905,201.343616,201.343616,1,0.016667,0.002793,4096,45.000000,95744,122,3.407821
small-uniform-seed-001,uniform,1,engagement_aware_r250_g05_d2,358,85.925983,72.641029,188.415484,188.415484,3,0.050000,0.008380,12288,30.000000,103936,121,3.379888
small-uniform-seed-001,uniform,1,engagement_aware_r500_g03_d0,358,86.453484,64.811291,188.415484,193.824434,14,0.233333,0.039106,57344,10.588235,148992,119,3.324022
small-uniform-seed-001,uniform,1,engagement_aware_r500_g05_d2,358,85.925983,72.641029,188.415484,188.415484,3,0.050000,0.008380,12288,30.000000,103936,121,3.379888
small-uniform-seed-001,uniform,1,interaction_aware_w10,358,89.453913,72.641029,188.415484,201.343616,104,1.733333,0.290503,425984,1.682243,517632,73,2.039106
small-uniform-seed-001,uniform,1,interaction_aware_w50,358,92.422653,80.823047,193.824434,201.343616,45,0.750000,0.125698,184320,3.750000,275968,75,2.094972
small-uniform-seed-001,uniform,1,lowest_rtt_all,358,75.776183,64.542106,162.522671,192.868599,49,0.816667,0.136872,200704,3.461538,292352,155,4.329609
small-uniform-seed-001,uniform,1,lowest_rtt_t10s,358,75.431475,59.856012,162.522671,192.868599,72,1.200000,0.201117,294912,2.400000,386560,117,3.268156
small-uniform-seed-001,uniform,1,lowest_rtt_w1,358,94.669265,88.435479,192.868599,201.343616,323,5.383333,0.902235,1323008,0.552147,1414656,42,1.173184
small-uniform-seed-001,uniform,1,lowest_rtt_w10,358,75.838597,64.542106,165.279641,193.824434,115,1.916667,0.321229,471040,1.525424,562688,93,2.597765
small-uniform-seed-001,uniform,1,lowest_rtt_w50,358,73.167194,59.856012,162.522671,192.868599,46,0.766667,0.128492,188416,3.673469,280064,117,3.268156
small-uniform-seed-001,uniform,1,nearest_h0,358,85.925983,72.641029,188.415484,188.415484,3,0.050000,0.008380,12288,30.000000,103936,121,3.379888
small-uniform-seed-001,uniform,1,nearest_h5,358,89.785270,72.641029,188.415484,201.343616,3,0.050000,0.008380,12288,30.000000,103936,109,3.044693
small-uniform-seed-001,uniform,1,oracle_a0,358,2.819961,2.000000,2.000000,134.915641,320,5.333333,0.893855,1310720,0.557276,1402368,42,1.173184
small-uniform-seed-001,uniform,1,oracle_a1,358,36.510151,36.465284,117.227699,155.696643,141,2.350000,0.393855,577536,1.250000,669184,92,2.569832
small-uniform-seed-001,uniform,1,oracle_a10,358,65.712848,58.969338,147.904841,183.781753,9,0.150000,0.025140,36864,15.000000,128512,176,4.916201
small-uniform-seed-001,uniform,1,static,358,112.907468,127.759990,201.343616,201.343616,0,0.000000,0.000000,0,60.000000,91648,122,3.407821
small-uniform-seed-002,uniform,2,engagement_aware_r1500_g05_d2,373,102.108906,91.776685,188.027506,195.394846,1,0.016667,0.002681,4096,45.000000,99584,267,7.158177
small-uniform-seed-002,uniform,2,engagement_aware_r250_g05_d2,373,111.026893,124.128738,188.027506,188.027506,1,0.016667,0.002681,4096,45.000000,99584,372,9.973190
small-uniform-seed-002,uniform,2,engagement_aware_r500_g03_d0,373,96.446466,81.010418,188.656859,195.394846,16,0.266667,0.042895,65536,9.473684,161024,214,5.737265
small-uniform-seed-002,uniform,2,engagement_aware_r500_g05_d2,373,98.249457,81.010418,188.656859,195.394846,3,0.050000,0.008043,12288,30.000000,107776,234,6.273458
small-uniform-seed-002,uniform,2,interaction_aware_w10,373,92.167089,96.448656,186.262054,195.394846,109,1.816667,0.292225,446464,1.607143,541952,71,1.903485
small-uniform-seed-002,uniform,2,interaction_aware_w50,373,93.619877,98.305208,185.085086,195.394846,34,0.566667,0.091153,139264,4.864865,234752,122,3.270777
small-uniform-seed-002,uniform,2,lowest_rtt_all,373,73.519187,81.010418,169.879984,188.027506,52,0.866667,0.139410,212992,3.272727,308480,228,6.112601
small-uniform-seed-002,uniform,2,lowest_rtt_t10s,373,72.139562,76.038911,169.879984,188.027506,63,1.050000,0.168901,258048,2.727273,353536,190,5.093834
small-uniform-seed-002,uniform,2,lowest_rtt_w1,373,86.603927,86.879301,185.085086,188.656859,337,5.616667,0.903485,1380352,0.529412,1475840,46,1.233244
small-uniform-seed-002,uniform,2,lowest_rtt_w10,373,78.637811,81.010418,173.737418,188.656859,114,1.900000,0.305630,466944,1.538462,562432,146,3.914209
small-uniform-seed-002,uniform,2,lowest_rtt_w50,373,72.948124,81.010418,161.234322,188.027506,48,0.800000,0.128686,196608,3.529412,292096,229,6.139410
small-uniform-seed-002,uniform,2,nearest_h0,373,106.251141,91.776685,188.656859,188.656859,3,0.050000,0.008043,12288,30.000000,107776,265,7.104558
small-uniform-seed-002,uniform,2,nearest_h5,373,105.918723,91.776685,188.656859,195.394846,3,0.050000,0.008043,12288,30.000000,107776,236,6.327078
small-uniform-seed-002,uniform,2,oracle_a0,373,2.967852,2.000000,2.000000,188.027506,334,5.566667,0.895442,1368064,0.534125,1463552,47,1.260054
small-uniform-seed-002,uniform,2,oracle_a1,373,29.690838,17.972622,86.879301,188.027506,169,2.816667,0.453083,692224,1.046512,787712,144,3.860590
small-uniform-seed-002,uniform,2,oracle_a10,373,54.774436,34.273114,139.265136,188.027506,20,0.333333,0.053619,81920,7.826087,177408,229,6.139410
small-uniform-seed-002,uniform,2,static,373,106.470254,91.776685,188.279247,195.394846,0,0.000000,0.000000,0,60.000000,95488,267,7.158177
small-uniform-seed-003,uniform,3,engagement_aware_r1500_g05_d2,329,84.206376,61.018719,192.273920,199.743914,0,0.000000,0.000000,0,60.000000,84224,119,3.617021
small-uniform-seed-003,uniform,3,engagement_aware_r250_g05_d2,329,111.919992,137.111764,192.273920,192.730649,3,0.050000,0.009119,12288,30.000000,96512,118,3.586626
small-uniform-seed-003,uniform,3,engagement_aware_r500_g03_d0,329,86.887034,81.318883,192.273920,199.743914,21,0.350000,0.063830,86016,7.500000,170240,79,2.401216
small-uniform-seed-003,uniform,3,engagement_aware_r500_g05_d2,329,105.734795,109.656812,192.273920,199.743914,1,0.016667,0.003040,4096,45.000000,88320,119,3.617021
small-uniform-seed-003,uniform,3,interaction_aware_w10,329,89.558820,93.577497,196.938608,199.743914,96,1.600000,0.291793,393216,1.818182,477440,103,3.130699
small-uniform-seed-003,uniform,3,interaction_aware_w50,329,78.821231,61.018719,192.730649,199.743914,50,0.833333,0.151976,204800,3.396226,289024,112,3.404255
small-uniform-seed-003,uniform,3,lowest_rtt_all,329,45.843352,32.494498,109.656812,199.743914,13,0.216667,0.039514,53248,11.250000,137472,304,9.240122
small-uniform-seed-003,uniform,3,lowest_rtt_t10s,329,46.231030,32.494498,109.656812,199.743914,17,0.283333,0.051672,69632,9.000000,153856,286,8.693009
small-uniform-seed-003,uniform,3,lowest_rtt_w1,329,89.229219,81.318883,192.730649,199.743914,298,4.966667,0.905775,1220608,0.598007,1304832,44,1.337386
small-uniform-seed-003,uniform,3,lowest_rtt_w10,329,48.723263,32.494498,114.931686,199.743914,34,0.566667,0.103343,139264,4.864865,223488,261,7.933131
small-uniform-seed-003,uniform,3,lowest_rtt_w50,329,45.843352,32.494498,109.656812,199.743914,13,0.216667,0.039514,53248,11.250000,137472,304,9.240122
small-uniform-seed-003,uniform,3,nearest_h0,329,111.919992,137.111764,192.273920,192.730649,3,0.050000,0.009119,12288,30.000000,96512,118,3.586626
small-uniform-seed-003,uniform,3,nearest_h5,329,108.806916,135.953176,192.273920,199.743914,3,0.050000,0.009119,12288,30.000000,96512,109,3.313070
small-uniform-seed-003,uniform,3,oracle_a0,329,2.329470,2.000000,2.000000,56.197805,296,4.933333,0.899696,1212416,0.602007,1296640,44,1.337386
small-uniform-seed-003,uniform,3,oracle_a1,329,27.548005,24.189066,56.197805,109.656812,101,1.683333,0.306991,413696,1.730769,497920,193,5.866261
small-uniform-seed-003,uniform,3,oracle_a10,329,41.588956,31.338808,95.048711,148.288709,6,0.100000,0.018237,24576,20.000000,108800,286,8.693009
small-uniform-seed-003,uniform,3,static,329,84.206376,61.018719,192.273920,199.743914,0,0.000000,0.000000,0,60.000000,84224,119,3.617021
